iter,obj_mse,feas_mse,pde_con_mse,bcv_mse,bcd_mse,ic_mse
10,0.2693,0.2442,0.27457600000000004,0.096721,0.192721,0.239121
20,0.1943,0.1776,0.19980900000000001,0.08643599999999999,0.13322499999999998,0.17892899999999998
30,0.1539,0.1404,0.156816,0.07562500000000001,0.096721,0.139129
40,0.1246,0.1131,0.128164,0.063504,0.07562500000000001,0.109561
50,0.09943,0.09012,0.099856,0.051529000000000005,0.059049,0.088804
60,0.08868,0.07879,0.088209,0.042849,0.049729,0.07617600000000001
70,0.06854,0.05387,0.064009,0.030624999999999996,0.035344,0.059049
80,0.07124,0.03193,0.036481,0.015625,0.016384,0.034225
90,0.08272,0.02508,0.029241000000000003,0.011663999999999999,0.011024999999999998,0.024336
100,0.1043,0.01504,0.018769000000000004,0.006691239999999999,0.00614656,0.013923999999999999
110,0.1391,0.0003,0.00058081,1.4668900000000001e-05,0.00011448999999999998,0.00038416
120,0.1061,3.299e-05,5.01264e-05,9.54529e-07,1.1492099999999998e-05,1.10224e-05
130,0.08373,1.406e-05,2.1252100000000003e-05,1.89225e-07,3.2761e-06,1.8225000000000001e-06
140,0.07004,6.52e-06,9.8596e-06,5.9536e-08,1.1236e-06,5.476e-07
150,0.06103,3.44e-06,5.198399999999999e-06,2.8224e-08,5.05521e-07,2.4403599999999995e-07
160,0.05473,1.709e-06,2.5921e-06,1.7161000000000004e-08,2.6010000000000006e-07,1.3322499999999998e-07
170,0.05005,9.007e-07,1.3456e-06,1.2321e-08,1.5523599999999997e-07,8.236899999999999e-08
180,0.0463,5.676e-07,8.262809999999999e-07,9.33156e-09,1.04329e-07,5.7600000000000006e-08
190,0.04311,4.007e-07,5.791209999999999e-07,7.344489999999999e-09,7.617599999999999e-08,4.3681000000000006e-08
200,0.04032,3.037e-07,4.3428099999999997e-07,5.9290000000000005e-09,5.8564e-08,3.5343999999999995e-08
210,0.03784,2.426e-07,3.4456899999999994e-07,4.914009999999999e-09,4.6656e-08,3.0276e-08
220,0.03563,2.027e-07,2.8729600000000003e-07,4.147359999999999e-09,3.8025e-08,2.6569e-08
230,0.03364,1.766e-07,2.49001e-07,3.5760399999999996e-09,3.2040999999999996e-08,2.4025e-08
240,0.03178,1.601e-07,2.2467599999999997e-07,3.11364e-09,2.7225e-08,2.1904e-08
250,0.03019,1.497e-07,2.0976400000000002e-07,2.7667599999999997e-09,2.3409e-08,2.0449000000000003e-08
260,0.0287,1.43e-07,2.00704e-07,2.46016e-09,2.0449000000000003e-08,1.9043999999999998e-08
270,0.02739,1.369e-07,1.92721e-07,2.19024e-09,1.7424e-08,1.7689e-08
280,0.02625,1.294e-07,1.8232900000000002e-07,1.936e-09,1.4641e-08,1.6384e-08
290,0.02529,1.199e-07,1.69744e-07,1.72225e-09,1.2321e-08,1.5376e-08
300,0.02442,1.099e-07,1.56025e-07,1.5366399999999998e-09,1e-08,1.4161000000000002e-08
310,0.02367,9.966e-08,1.4137599999999998e-07,1.3838400000000003e-09,8.190250000000001e-09,1.3456e-08
320,0.023,8.988e-08,1.27449e-07,1.2673599999999999e-09,6.62596e-09,1.2768999999999998e-08
330,0.0224,8.094e-08,1.14921e-07,1.17649e-09,5.372890000000001e-09,1.21e-08
340,0.02188,7.294e-08,1.03041e-07,1.1155599999999998e-09,4.42225e-09,1.1664e-08
350,0.0214,6.591e-08,9.302499999999999e-08,1.0692900000000001e-09,3.6481599999999995e-09,1.1025000000000001e-08
360,0.02095,5.979e-08,8.41e-08,1.03041e-09,3.01401e-09,1.0815999999999999e-08
370,0.02055,5.447e-08,7.672900000000001e-08,9.985600000000001e-10,2.54016e-09,1.0404e-08
380,0.02016,4.983e-08,7.0225e-08,9.796900000000002e-10,2.14369e-09,1.0201e-08
390,0.01981,4.58e-08,6.400900000000001e-08,9.61e-10,1.8318399999999997e-09,9.84064e-09
400,0.01949,4.228e-08,5.9049e-08,9.486400000000001e-10,1.5840399999999998e-09,9.604e-09
410,0.01917,3.918e-08,5.4756e-08,9.363599999999999e-10,1.37641e-09,9.37024e-09
420,0.01888,3.647e-08,5.0625e-08,9.2416e-10,1.2040900000000001e-09,9.177639999999999e-09
430,0.0186,3.406e-08,4.7524e-08,9.180900000000001e-10,1.0692900000000001e-09,9.006010000000001e-09
440,0.01833,3.192e-08,4.4100000000000004e-08,9.0601e-10,9.5481e-10,8.835999999999999e-09
450,0.01809,3.002e-08,4.1616e-08,9e-10,8.5849e-10,8.686240000000001e-09
460,0.01785,2.832e-08,3.9204e-08,8.940099999999999e-10,7.7841e-10,8.53776e-09
470,0.01761,2.679e-08,3.6864000000000005e-08,8.940099999999999e-10,7.0756e-10,8.40889e-09
480,0.01738,2.541e-08,3.4968999999999994e-08,8.8804e-10,6.451600000000001e-10,8.281e-09
490,0.01717,2.417e-08,3.3124e-08,8.8209e-10,6.0025e-10,8.17216e-09
500,0.01696,2.305e-08,3.1328999999999996e-08,8.761600000000001e-10,5.5696e-10,8.06404e-09
510,0.01676,2.202e-08,2.9929e-08,8.761600000000001e-10,5.198399999999999e-10,7.97449e-09
520,0.01655,2.109e-08,2.8560999999999997e-08,8.7025e-10,4.84e-10,7.88544e-09
530,0.01637,2.024e-08,2.7556e-08,8.7025e-10,4.5795999999999994e-10,7.796890000000002e-09
540,0.01618,1.947e-08,2.6244000000000003e-08,8.6436e-10,4.3264e-10,7.726409999999999e-09
550,0.01599,1.876e-08,2.5280999999999997e-08,8.6436e-10,4.1208999999999997e-10,7.63876e-09
560,0.0158,1.81e-08,2.4336e-08,8.5849e-10,3.9204e-10,7.569e-09
570,0.01562,1.751e-08,2.3716000000000002e-08,8.5849e-10,3.7636000000000003e-10,7.499560000000001e-09
580,0.01545,1.696e-08,2.2801000000000003e-08,8.526400000000001e-10,3.6100000000000005e-10,7.4476899999999995e-09
590,0.01527,1.645e-08,2.2200999999999998e-08,8.526400000000001e-10,3.4969e-10,7.3960000000000005e-09
600,0.0151,1.599e-08,2.1316e-08,8.526400000000001e-10,3.3489e-10,7.327359999999999e-09
610,0.01492,1.556e-08,2.0736e-08,8.4681e-10,3.24e-10,7.27609e-09
620,0.01475,1.517e-08,2.0164e-08,8.4681e-10,3.1683999999999996e-10,7.225000000000001e-09
630,0.01459,1.481e-08,1.9599999999999997e-08,8.4681e-10,3.0976e-10,7.19104e-09
640,0.01442,1.448e-08,1.9320999999999998e-08,8.41e-10,2.9929e-10,7.140249999999999e-09
650,0.01425,1.418e-08,1.8768999999999998e-08,8.41e-10,2.9241e-10,7.106490000000001e-09
660,0.01408,1.39e-08,1.8496e-08,8.41e-10,2.89e-10,7.056e-09
670,0.01391,1.365e-08,1.7956000000000002e-08,8.352100000000001e-10,2.8223999999999995e-10,7.02244e-09
680,0.01375,1.342e-08,1.7689e-08,8.352100000000001e-10,2.7888999999999995e-10,6.98896e-09
690,0.01359,1.32e-08,1.7424e-08,8.352100000000001e-10,2.7225e-10,6.955559999999999e-09
700,0.01343,1.3e-08,1.7161000000000004e-08,8.352100000000001e-10,2.6895999999999997e-10,6.92224e-09
710,0.01326,1.283e-08,1.6899999999999996e-08,8.294399999999999e-10,2.6569e-10,6.90561e-09
720,0.0131,1.267e-08,1.6640999999999997e-08,8.294399999999999e-10,2.6244000000000003e-10,6.8724099999999994e-09
730,0.01293,1.252e-08,1.6384e-08,8.294399999999999e-10,2.6244000000000003e-10,6.839290000000001e-09
740,0.01276,1.239e-08,1.6384e-08,8.294399999999999e-10,2.592099999999999e-10,6.80625e-09
750,0.0126,1.227e-08,1.6129e-08,8.2369e-10,2.56e-10,6.7897599999999995e-09
760,0.01244,1.214e-08,1.5876e-08,8.2369e-10,2.56e-10,6.756840000000001e-09
770,0.01229,1.202e-08,1.5876e-08,8.2369e-10,2.5281000000000003e-10,6.74041e-09
780,0.01213,1.191e-08,1.5625e-08,8.2369e-10,2.5281000000000003e-10,6.70761e-09
790,0.01198,1.18e-08,1.5376e-08,8.1796e-10,2.5281000000000003e-10,6.69124e-09
800,0.01183,1.169e-08,1.5376e-08,8.1796e-10,2.5281000000000003e-10,6.658560000000001e-09
810,0.01167,1.159e-08,1.5129000000000003e-08,8.1796e-10,2.4964000000000003e-10,6.64225e-09
820,0.01152,1.148e-08,1.5129000000000003e-08,8.122500000000001e-10,2.4964000000000003e-10,6.60969e-09
830,0.01137,1.137e-08,1.4884e-08,8.122500000000001e-10,2.4964000000000003e-10,6.5934399999999995e-09
840,0.01123,1.127e-08,1.4641e-08,8.122500000000001e-10,2.4964000000000003e-10,6.561000000000001e-09
850,0.01108,1.115e-08,1.4641e-08,8.122500000000001e-10,2.4964000000000003e-10,6.54481e-09
860,0.01094,1.104e-08,1.4400000000000002e-08,8.0656e-10,2.4964000000000003e-10,6.5286399999999995e-09
870,0.0108,1.092e-08,1.4161000000000002e-08,8.0656e-10,2.5281000000000003e-10,6.496359999999999e-09
880,0.01066,1.08e-08,1.4161000000000002e-08,8.0656e-10,2.5281000000000003e-10,6.4641600000000006e-09
890,0.01052,1.067e-08,1.3924e-08,8.0089e-10,2.5281000000000003e-10,6.44809e-09
900,0.01039,1.054e-08,1.3689e-08,8.0089e-10,2.5281000000000003e-10,6.416009999999999e-09
910,0.01026,1.041e-08,1.3456e-08,8.0089e-10,2.5281000000000003e-10,6.400000000000001e-09
920,0.01013,1.028e-08,1.3225000000000001e-08,7.9524e-10,2.56e-10,6.36804e-09
930,0.01001,1.014e-08,1.3225000000000001e-08,7.9524e-10,2.56e-10,6.35209e-09
940,0.009891,1e-08,1.2996000000000001e-08,7.896099999999999e-10,2.56e-10,6.320249999999999e-09
950,0.009773,9.866e-09,1.2768999999999998e-08,7.896099999999999e-10,2.56e-10,6.304360000000001e-09
960,0.009659,9.727e-09,1.2544e-08,7.896099999999999e-10,2.592099999999999e-10,6.27264e-09
970,0.009548,9.589e-09,1.2321e-08,7.84e-10,2.592099999999999e-10,6.25681e-09
980,0.00944,9.451e-09,1.21e-08,7.84e-10,2.592099999999999e-10,6.225209999999999e-09
990,0.009335,9.314e-09,1.1881e-08,7.7841e-10,2.6244000000000003e-10,6.19369e-09
1000,0.009233,9.179e-09,1.1881e-08,7.7841e-10,2.6244000000000003e-10,6.17796e-09
1010,0.009134,9.045e-09,1.1664e-08,7.728400000000001e-10,2.6244000000000003e-10,6.146559999999999e-09
1020,0.009037,8.913e-09,1.1449e-08,7.728400000000001e-10,2.6244000000000003e-10,6.130890000000001e-09
1030,0.008943,8.784e-09,1.1236e-08,7.728400000000001e-10,2.6569e-10,6.09961e-09
1040,0.008852,8.658e-09,1.1025000000000001e-08,7.672899999999999e-10,2.6569e-10,6.084e-09
1050,0.008763,8.534e-09,1.0815999999999999e-08,7.672899999999999e-10,2.6569e-10,6.052839999999999e-09
1060,0.008677,8.412e-09,1.0815999999999999e-08,7.6176e-10,2.6569e-10,6.03729e-09
1070,0.008593,8.294e-09,1.0609e-08,7.6176e-10,2.6895999999999997e-10,6.00625e-09
1080,0.008511,8.179e-09,1.0404e-08,7.5625e-10,2.6895999999999997e-10,5.990759999999999e-09
1090,0.008431,8.066e-09,1.0201e-08,7.5625e-10,2.6895999999999997e-10,5.9752899999999995e-09
1100,0.008354,7.957e-09,1e-08,7.507599999999999e-10,2.6895999999999997e-10,5.944410000000001e-09
1110,0.008278,7.851e-09,9.920159999999999e-09,7.4529e-10,2.6895999999999997e-10,5.9290000000000005e-09
1120,0.008205,7.747e-09,9.78121e-09,7.4529e-10,2.7225e-10,5.89824e-09
1130,0.008128,7.643e-09,9.643240000000001e-09,7.3984e-10,2.7225e-10,5.882889999999999e-09
1140,0.008052,7.539e-09,9.486759999999999e-09,7.3984e-10,2.7225e-10,5.85225e-09
1150,0.007977,7.438e-09,9.350890000000002e-09,7.344100000000001e-10,2.7225e-10,5.83696e-09
1160,0.007905,7.341e-09,9.216000000000001e-09,7.344100000000001e-10,2.7225e-10,5.80644e-09
1170,0.007834,7.247e-09,9.08209e-09,7.29e-10,2.7556000000000003e-10,5.791210000000001e-09
1180,0.007766,7.155e-09,8.94916e-09,7.2361e-10,2.7556000000000003e-10,5.776000000000001e-09
1190,0.007699,7.067e-09,8.835999999999999e-09,7.2361e-10,2.7556000000000003e-10,5.74564e-09
1200,0.007634,6.982e-09,8.72356e-09,7.182400000000001e-10,2.7556000000000003e-10,5.73049e-09
1210,0.00757,6.899e-09,8.593290000000001e-09,7.182400000000001e-10,2.7556000000000003e-10,5.700250000000001e-09
1220,0.007508,6.819e-09,8.482410000000001e-09,7.128899999999999e-10,2.7556000000000003e-10,5.685160000000001e-09
1230,0.007447,6.741e-09,8.37225e-09,7.0756e-10,2.7556000000000003e-10,5.67009e-09
1240,0.007388,6.667e-09,8.281e-09,7.0756e-10,2.7888999999999995e-10,5.6400099999999994e-09
1250,0.00733,6.594e-09,8.17216e-09,7.0225e-10,2.7888999999999995e-10,5.624999999999999e-09
1260,0.007274,6.524e-09,8.08201e-09,6.9696e-10,2.7888999999999995e-10,5.610010000000001e-09
1270,0.007219,6.457e-09,7.99236e-09,6.9696e-10,2.7888999999999995e-10,5.59504e-09
1280,0.007165,6.391e-09,7.90321e-09,6.916899999999999e-10,2.7888999999999995e-10,5.5651599999999994e-09
1290,0.007112,6.328e-09,7.81456e-09,6.8644e-10,2.7888999999999995e-10,5.5502499999999995e-09
1300,0.00706,6.267e-09,7.726409999999999e-09,6.8644e-10,2.7888999999999995e-10,5.535360000000001e-09
1310,0.007009,6.208e-09,7.63876e-09,6.812100000000001e-10,2.7888999999999995e-10,5.520490000000001e-09
1320,0.006959,6.15e-09,7.569e-09,6.759999999999999e-10,2.7888999999999995e-10,5.50564e-09
1330,0.006911,6.095e-09,7.48225e-09,6.759999999999999e-10,2.8223999999999995e-10,5.49081e-09
1340,0.006863,6.041e-09,7.413210000000001e-09,6.7081e-10,2.8223999999999995e-10,5.461209999999999e-09
1350,0.006815,5.99e-09,7.344489999999999e-09,6.6564e-10,2.8223999999999995e-10,5.446440000000001e-09
1360,0.006769,5.94e-09,7.27609e-09,6.6564e-10,2.8223999999999995e-10,5.431690000000001e-09
1370,0.006724,5.891e-09,7.208010000000001e-09,6.604900000000001e-10,2.8223999999999995e-10,5.41696e-09
1380,0.006679,5.844e-09,7.140249999999999e-09,6.553599999999999e-10,2.8223999999999995e-10,5.40225e-09
1390,0.006635,5.799e-09,7.08964e-09,6.553599999999999e-10,2.8223999999999995e-10,5.3875599999999995e-09
1400,0.006591,5.755e-09,7.02244e-09,6.5025e-10,2.8223999999999995e-10,5.372890000000001e-09
1410,0.006548,5.713e-09,6.97225e-09,6.451600000000001e-10,2.8223999999999995e-10,5.35824e-09
1420,0.006506,5.671e-09,6.90561e-09,6.451600000000001e-10,2.8223999999999995e-10,5.34361e-09
1430,0.006464,5.632e-09,6.855839999999999e-09,6.400899999999999e-10,2.8223999999999995e-10,5.329e-09
1440,0.006423,5.593e-09,6.80625e-09,6.3504e-10,2.8561e-10,5.31441e-09
1450,0.006383,5.556e-09,6.756840000000001e-09,6.3504e-10,2.8561e-10,5.31441e-09
1460,0.006342,5.519e-09,6.70761e-09,6.3001e-10,2.8561e-10,5.299839999999999e-09
1470,0.006303,5.484e-09,6.658560000000001e-09,6.25e-10,2.8561e-10,5.2852900000000005e-09
1480,0.006264,5.45e-09,6.60969e-09,6.25e-10,2.8561e-10,5.27076e-09
1490,0.006225,5.417e-09,6.561000000000001e-09,6.200099999999999e-10,2.8561e-10,5.25625e-09
1500,0.006187,5.385e-09,6.51249e-09,6.1504e-10,2.8561e-10,5.2417599999999995e-09
1510,0.006149,5.354e-09,6.480250000000001e-09,6.1504e-10,2.8561e-10,5.227289999999999e-09
1520,0.006111,5.324e-09,6.43204e-09,6.1009e-10,2.8561e-10,5.227289999999999e-09
1530,0.006074,5.294e-09,6.400000000000001e-09,6.1009e-10,2.8561e-10,5.212840000000001e-09
1540,0.006037,5.266e-09,6.35209e-09,6.051600000000001e-10,2.8561e-10,5.1984100000000005e-09
1550,0.006001,5.238e-09,6.320249999999999e-09,6.0025e-10,2.8561e-10,5.184e-09
1560,0.005965,5.211e-09,6.2884900000000005e-09,6.0025e-10,2.89e-10,5.184e-09
1570,0.005929,5.185e-09,6.2409999999999994e-09,5.9536e-10,2.89e-10,5.16961e-09
1580,0.005894,5.159e-09,6.209440000000001e-09,5.904900000000001e-10,2.89e-10,5.155239999999999e-09
1590,0.005859,5.134e-09,6.17796e-09,5.904900000000001e-10,2.89e-10,5.140889999999999e-09
1600,0.005824,5.11e-09,6.146559999999999e-09,5.8564e-10,2.89e-10,5.140889999999999e-09
1610,0.00579,5.086e-09,6.115240000000001e-09,5.8081e-10,2.89e-10,5.1265600000000005e-09
1620,0.005756,5.063e-09,6.084e-09,5.8081e-10,2.89e-10,5.112250000000001e-09
1630,0.005723,5.04e-09,6.052839999999999e-09,5.760000000000001e-10,2.89e-10,5.112250000000001e-09
1640,0.00569,5.018e-09,6.0217600000000005e-09,5.760000000000001e-10,2.89e-10,5.09796e-09
1650,0.005657,4.996e-09,5.990759999999999e-09,5.7121e-10,2.89e-10,5.08369e-09
1660,0.005625,4.975e-09,5.959840000000001e-09,5.6644e-10,2.89e-10,5.08369e-09
1670,0.005593,4.954e-09,5.944410000000001e-09,5.6644e-10,2.9241e-10,5.069439999999999e-09
1680,0.005561,4.933e-09,5.91361e-09,5.616900000000001e-10,2.9241e-10,5.055209999999999e-09
1690,0.00553,4.913e-09,5.882889999999999e-09,5.616900000000001e-10,2.9241e-10,5.055209999999999e-09
1700,0.005499,4.893e-09,5.85225e-09,5.5696e-10,2.9241e-10,5.041e-09
1710,0.005469,4.873e-09,5.83696e-09,5.5696e-10,2.9241e-10,5.041e-09
1720,0.005439,4.854e-09,5.80644e-09,5.522499999999999e-10,2.9241e-10,5.02681e-09
1730,0.005409,4.835e-09,5.776000000000001e-09,5.4756e-10,2.9241e-10,5.01264e-09
1740,0.00538,4.816e-09,5.76081e-09,5.4756e-10,2.9241e-10,5.01264e-09
1750,0.005351,4.797e-09,5.73049e-09,5.428900000000001e-10,2.9241e-10,4.998489999999999e-09
1760,0.005323,4.779e-09,5.700250000000001e-09,5.428900000000001e-10,2.9241e-10,4.984359999999999e-09
1770,0.005295,4.761e-09,5.685160000000001e-09,5.382400000000001e-10,2.9241e-10,4.984359999999999e-09
1780,0.005268,4.743e-09,5.6550399999999995e-09,5.382400000000001e-10,2.9241e-10,4.970250000000001e-09
1790,0.005241,4.725e-09,5.6400099999999994e-09,5.3361e-10,2.9241e-10,4.970250000000001e-09
1800,0.005215,4.707e-09,5.610010000000001e-09,5.29e-10,2.9584000000000004e-10,4.95616e-09
1810,0.005189,4.69e-09,5.58009e-09,5.29e-10,2.9584000000000004e-10,4.94209e-09
1820,0.005163,4.673e-09,5.5651599999999994e-09,5.244100000000001e-10,2.9584000000000004e-10,4.94209e-09
1830,0.005138,4.655e-09,5.535360000000001e-09,5.244100000000001e-10,2.9584000000000004e-10,4.92804e-09
1840,0.005114,4.638e-09,5.520490000000001e-09,5.198399999999999e-10,2.9584000000000004e-10,4.92804e-09
1850,0.00509,4.621e-09,5.49081e-09,5.198399999999999e-10,2.9584000000000004e-10,4.914009999999999e-09
1860,0.005066,4.604e-09,5.476e-09,5.1529e-10,2.9584000000000004e-10,4.914009999999999e-09
1870,0.005043,4.587e-09,5.446440000000001e-09,5.1529e-10,2.9584000000000004e-10,4.899999999999999e-09
1880,0.005021,4.571e-09,5.431690000000001e-09,5.1076e-10,2.9584000000000004e-10,4.8860100000000006e-09
1890,0.004999,4.554e-09,5.40225e-09,5.1076e-10,2.9584000000000004e-10,4.8860100000000006e-09
1900,0.004977,4.537e-09,5.3875599999999995e-09,5.062500000000001e-10,2.9584000000000004e-10,4.87204e-09
1910,0.004956,4.521e-09,5.35824e-09,5.062500000000001e-10,2.9584000000000004e-10,4.87204e-09
1920,0.004935,4.505e-09,5.34361e-09,5.017599999999999e-10,2.9584000000000004e-10,4.85809e-09
1930,0.004914,4.488e-09,5.31441e-09,4.9729e-10,2.9584000000000004e-10,4.84416e-09
1940,0.004892,4.47e-09,5.299839999999999e-09,4.9729e-10,2.9584000000000004e-10,4.84416e-09
1950,0.004871,4.453e-09,5.27076e-09,4.9284e-10,2.9584000000000004e-10,4.8302499999999995e-09
1960,0.00485,4.436e-09,5.25625e-09,4.9284e-10,2.9584000000000004e-10,4.8302499999999995e-09
1970,0.00483,4.419e-09,5.227289999999999e-09,4.8841e-10,2.9584000000000004e-10,4.8163600000000005e-09
1980,0.004811,4.402e-09,5.212840000000001e-09,4.8841e-10,2.9584000000000004e-10,4.8024900000000004e-09
1990,0.004792,4.385e-09,5.184e-09,4.84e-10,2.9584000000000004e-10,4.8024900000000004e-09
2000,0.004774,4.368e-09,5.155239999999999e-09,4.84e-10,2.9929e-10,4.78864e-09
2010,0.004756,4.351e-09,5.140889999999999e-09,4.796100000000001e-10,2.9929e-10,4.7748099999999996e-09
2020,0.004738,4.335e-09,5.112250000000001e-09,4.796100000000001e-10,2.9929e-10,4.7748099999999996e-09
2030,0.004721,4.318e-09,5.09796e-09,4.752400000000001e-10,2.9929e-10,4.7609999999999996e-09
2040,0.004705,4.302e-09,5.069439999999999e-09,4.752400000000001e-10,2.9929e-10,4.747209999999999e-09
2050,0.004689,4.285e-09,5.055209999999999e-09,4.708899999999999e-10,2.9929e-10,4.747209999999999e-09
2060,0.004673,4.269e-09,5.02681e-09,4.708899999999999e-10,2.9929e-10,4.7334400000000006e-09
2070,0.004658,4.253e-09,5.01264e-09,4.6656e-10,2.9929e-10,4.7334400000000006e-09
2080,0.004643,4.237e-09,4.984359999999999e-09,4.6656e-10,2.9929e-10,4.719690000000001e-09
2090,0.004629,4.222e-09,4.970250000000001e-09,4.6225000000000003e-10,2.9929e-10,4.70596e-09
2100,0.004615,4.206e-09,4.95616e-09,4.6225000000000003e-10,2.9929e-10,4.70596e-09
2110,0.004601,4.19e-09,4.92804e-09,4.5795999999999994e-10,2.9929e-10,4.692249999999999e-09
2120,0.004586,4.174e-09,4.914009999999999e-09,4.5368999999999996e-10,2.9929e-10,4.692249999999999e-09
2130,0.004572,4.157e-09,4.8860100000000006e-09,4.5368999999999996e-10,2.9929e-10,4.67856e-09
2140,0.004558,4.141e-09,4.87204e-09,4.4944e-10,2.9929e-10,4.664890000000001e-09
2150,0.004545,4.125e-09,4.84416e-09,4.4944e-10,2.9929e-10,4.664890000000001e-09
2160,0.004532,4.11e-09,4.8302499999999995e-09,4.4521000000000006e-10,2.9929e-10,4.651240000000001e-09
2170,0.004519,4.094e-09,4.8024900000000004e-09,4.4521000000000006e-10,2.9929e-10,4.6376100000000005e-09
2180,0.004507,4.079e-09,4.78864e-09,4.41e-10,2.9929e-10,4.6376100000000005e-09
2190,0.004495,4.063e-09,4.7609999999999996e-09,4.41e-10,2.9929e-10,4.624e-09
2200,0.004483,4.048e-09,4.747209999999999e-09,4.3681e-10,2.9929e-10,4.61041e-09
2210,0.004472,4.033e-09,4.719690000000001e-09,4.3681e-10,2.9929e-10,4.61041e-09
2220,0.004461,4.019e-09,4.70596e-09,4.3264e-10,2.9929e-10,4.596839999999999e-09
2230,0.00445,4.004e-09,4.692249999999999e-09,4.3264e-10,2.9929e-10,4.583290000000001e-09
2240,0.004439,3.99e-09,4.664890000000001e-09,4.2848999999999993e-10,2.9929e-10,4.583290000000001e-09
2250,0.004429,3.976e-09,4.651240000000001e-09,4.2848999999999993e-10,2.9929e-10,4.56976e-09
2260,0.004419,3.962e-09,4.6376100000000005e-09,4.2435999999999997e-10,2.9929e-10,4.55625e-09
2270,0.004409,3.949e-09,4.61041e-09,4.2435999999999997e-10,2.9929e-10,4.55625e-09
2280,0.0044,3.935e-09,4.596839999999999e-09,4.2025e-10,2.9929e-10,4.54276e-09
2290,0.00439,3.922e-09,4.583290000000001e-09,4.2025e-10,2.9929e-10,4.54276e-09
2300,0.00438,3.908e-09,4.55625e-09,4.2025e-10,2.9929e-10,4.529289999999999e-09
2310,0.00437,3.894e-09,4.54276e-09,4.1616000000000004e-10,2.9929e-10,4.515839999999999e-09
2320,0.004361,3.88e-09,4.529289999999999e-09,4.1616000000000004e-10,2.9929e-10,4.515839999999999e-09
2330,0.004351,3.866e-09,4.50241e-09,4.1208999999999997e-10,2.9929e-10,4.50241e-09
2340,0.004342,3.853e-09,4.4890000000000005e-09,4.1208999999999997e-10,2.9929e-10,4.4890000000000005e-09
2350,0.004333,3.84e-09,4.47561e-09,4.0803999999999997e-10,2.9929e-10,4.47561e-09
2360,0.004324,3.826e-09,4.462239999999999e-09,4.0803999999999997e-10,2.9929e-10,4.47561e-09
2370,0.004315,3.814e-09,4.435560000000001e-09,4.0401000000000003e-10,2.9929e-10,4.462239999999999e-09
2380,0.004307,3.801e-09,4.42225e-09,4.0401000000000003e-10,2.9929e-10,4.462239999999999e-09
2390,0.004298,3.788e-09,4.4089600000000005e-09,4.0000000000000007e-10,2.9929e-10,4.4488899999999995e-09
2400,0.00429,3.776e-09,4.39569e-09,4.0000000000000007e-10,2.9929e-10,4.435560000000001e-09
2410,0.004282,3.764e-09,4.38244e-09,3.9600999999999996e-10,2.9929e-10,4.435560000000001e-09
2420,0.004274,3.752e-09,4.369209999999999e-09,3.9600999999999996e-10,2.9929e-10,4.42225e-09
2430,0.004266,3.74e-09,4.34281e-09,3.9204e-10,2.9929e-10,4.4089600000000005e-09
2440,0.004258,3.729e-09,4.32964e-09,3.9204e-10,2.9929e-10,4.4089600000000005e-09
2450,0.004251,3.717e-09,4.3164899999999994e-09,3.9204e-10,2.9929e-10,4.39569e-09
2460,0.004243,3.706e-09,4.3033599999999995e-09,3.8809000000000005e-10,2.9929e-10,4.38244e-09
2470,0.004236,3.695e-09,4.290250000000001e-09,3.8809000000000005e-10,2.9929e-10,4.38244e-09
2480,0.004229,3.684e-09,4.2771600000000006e-09,3.8415999999999994e-10,2.9929e-10,4.369209999999999e-09
2490,0.004222,3.673e-09,4.26409e-09,3.8415999999999994e-10,2.9929e-10,4.356e-09
2500,0.004215,3.662e-09,4.25104e-09,3.8025e-10,2.9929e-10,4.356e-09
2510,0.004208,3.651e-09,4.2380099999999995e-09,3.8025e-10,2.9929e-10,4.34281e-09
2520,0.004201,3.641e-09,4.224999999999999e-09,3.8025e-10,2.9929e-10,4.34281e-09
2530,0.004194,3.631e-09,4.212010000000001e-09,3.7636000000000003e-10,2.9929e-10,4.32964e-09
2540,0.004187,3.621e-09,4.1990400000000004e-09,3.7636000000000003e-10,2.9929e-10,4.3164899999999994e-09
2550,0.004181,3.61e-09,4.18609e-09,3.724900000000001e-10,2.9929e-10,4.3164899999999994e-09
2560,0.004174,3.601e-09,4.17316e-09,3.724900000000001e-10,2.9584000000000004e-10,4.3033599999999995e-09
2570,0.004168,3.591e-09,4.160249999999999e-09,3.724900000000001e-10,2.9584000000000004e-10,4.3033599999999995e-09
2580,0.004161,3.581e-09,4.147359999999999e-09,3.6864e-10,2.9584000000000004e-10,4.290250000000001e-09
2590,0.004155,3.572e-09,4.134490000000001e-09,3.6864e-10,2.9584000000000004e-10,4.2771600000000006e-09
2600,0.004149,3.562e-09,4.12164e-09,3.6481e-10,2.9584000000000004e-10,4.2771600000000006e-09
2610,0.004142,3.553e-09,4.10881e-09,3.6481e-10,2.9584000000000004e-10,4.26409e-09
2620,0.004136,3.544e-09,4.096e-09,3.6481e-10,2.9584000000000004e-10,4.26409e-09
2630,0.00413,3.534e-09,4.096e-09,3.6100000000000005e-10,2.9584000000000004e-10,4.25104e-09
2640,0.004124,3.525e-09,4.083209999999999e-09,3.6100000000000005e-10,2.9584000000000004e-10,4.2380099999999995e-09
2650,0.004118,3.516e-09,4.070440000000001e-09,3.6100000000000005e-10,2.9584000000000004e-10,4.2380099999999995e-09
2660,0.004112,3.508e-09,4.05769e-09,3.5720999999999995e-10,2.9584000000000004e-10,4.224999999999999e-09
2670,0.004107,3.499e-09,4.0449600000000005e-09,3.5720999999999995e-10,2.9584000000000004e-10,4.224999999999999e-09
2680,0.004101,3.49e-09,4.03225e-09,3.5343999999999997e-10,2.9584000000000004e-10,4.212010000000001e-09
2690,0.004095,3.482e-09,4.019559999999999e-09,3.5343999999999997e-10,2.9584000000000004e-10,4.1990400000000004e-09
2700,0.004089,3.473e-09,4.019559999999999e-09,3.5343999999999997e-10,2.9584000000000004e-10,4.1990400000000004e-09
2710,0.004084,3.465e-09,4.00689e-09,3.4969e-10,2.9584000000000004e-10,4.18609e-09
2720,0.004078,3.457e-09,3.9942400000000005e-09,3.4969e-10,2.9584000000000004e-10,4.18609e-09
2730,0.004073,3.448e-09,3.98161e-09,3.4969e-10,2.9584000000000004e-10,4.17316e-09
2740,0.004067,3.44e-09,3.969e-09,3.4596000000000006e-10,2.9584000000000004e-10,4.17316e-09
2750,0.004062,3.432e-09,3.969e-09,3.4596000000000006e-10,2.9584000000000004e-10,4.160249999999999e-09
2760,0.004057,3.424e-09,3.95641e-09,3.4596000000000006e-10,2.9584000000000004e-10,4.147359999999999e-09
2770,0.004051,3.416e-09,3.943839999999999e-09,3.4225e-10,2.9584000000000004e-10,4.147359999999999e-09
2780,0.004046,3.409e-09,3.93129e-09,3.4225e-10,2.9584000000000004e-10,4.134490000000001e-09
2790,0.004041,3.401e-09,3.93129e-09,3.4225e-10,2.9584000000000004e-10,4.134490000000001e-09
2800,0.004036,3.393e-09,3.918760000000001e-09,3.3856e-10,2.9584000000000004e-10,4.12164e-09
2810,0.00403,3.386e-09,3.90625e-09,3.3856e-10,2.9584000000000004e-10,4.12164e-09
2820,0.004025,3.378e-09,3.89376e-09,3.3856e-10,2.9584000000000004e-10,4.10881e-09
2830,0.00402,3.371e-09,3.89376e-09,3.3489e-10,2.9584000000000004e-10,4.10881e-09
2840,0.004015,3.363e-09,3.88129e-09,3.3489e-10,2.9584000000000004e-10,4.096e-09
2850,0.00401,3.356e-09,3.868839999999999e-09,3.3489e-10,2.9584000000000004e-10,4.096e-09
2860,0.004005,3.349e-09,3.856410000000001e-09,3.3489e-10,2.9584000000000004e-10,4.083209999999999e-09
2870,0.004,3.342e-09,3.856410000000001e-09,3.3123999999999993e-10,2.9584000000000004e-10,4.070440000000001e-09
2880,0.003996,3.335e-09,3.844e-09,3.3123999999999993e-10,2.9584000000000004e-10,4.070440000000001e-09
2890,0.003991,3.327e-09,3.83161e-09,3.3123999999999993e-10,2.9584000000000004e-10,4.05769e-09
2900,0.003986,3.32e-09,3.83161e-09,3.2760999999999997e-10,2.9584000000000004e-10,4.05769e-09
2910,0.003981,3.314e-09,3.81924e-09,3.2760999999999997e-10,2.9584000000000004e-10,4.0449600000000005e-09
2920,0.003976,3.307e-09,3.8068899999999995e-09,3.2760999999999997e-10,2.9241e-10,4.0449600000000005e-09
2930,0.003972,3.3e-09,3.8068899999999995e-09,3.24e-10,2.9241e-10,4.03225e-09
2940,0.003967,3.293e-09,3.794560000000001e-09,3.24e-10,2.9241e-10,4.03225e-09
2950,0.003962,3.286e-09,3.782250000000001e-09,3.24e-10,2.9241e-10,4.019559999999999e-09
2960,0.003958,3.28e-09,3.782250000000001e-09,3.24e-10,2.9241e-10,4.019559999999999e-09
2970,0.003953,3.273e-09,3.7699600000000005e-09,3.2041000000000003e-10,2.9241e-10,4.00689e-09
2980,0.003949,3.266e-09,3.75769e-09,3.2041000000000003e-10,2.9241e-10,4.00689e-09
2990,0.003944,3.26e-09,3.75769e-09,3.2041000000000003e-10,2.9241e-10,3.9942400000000005e-09
3000,0.00394,3.254e-09,3.7454399999999994e-09,3.1683999999999996e-10,2.9241e-10,3.9942400000000005e-09
3010,0.003935,3.247e-09,3.7454399999999994e-09,3.1683999999999996e-10,2.9241e-10,3.98161e-09
3020,0.003931,3.241e-09,3.733209999999999e-09,3.1683999999999996e-10,2.9241e-10,3.98161e-09
3030,0.003926,3.234e-09,3.721e-09,3.1683999999999996e-10,2.9241e-10,3.969e-09
3040,0.003922,3.228e-09,3.721e-09,3.1329e-10,2.9241e-10,3.969e-09
3050,0.003917,3.222e-09,3.7088100000000006e-09,3.1329e-10,2.9241e-10,3.95641e-09
3060,0.003913,3.216e-09,3.69664e-09,3.1329e-10,2.9241e-10,3.95641e-09
3070,0.003909,3.21e-09,3.69664e-09,3.1329e-10,2.9241e-10,3.943839999999999e-09
3080,0.003905,3.204e-09,3.68449e-09,3.0976e-10,2.9241e-10,3.943839999999999e-09
3090,0.0039,3.198e-09,3.68449e-09,3.0976e-10,2.9241e-10,3.93129e-09
3100,0.003896,3.192e-09,3.6723600000000003e-09,3.0976e-10,2.9241e-10,3.93129e-09
3110,0.003892,3.186e-09,3.66025e-09,3.0976e-10,2.9241e-10,3.918760000000001e-09
3120,0.003888,3.18e-09,3.66025e-09,3.0624999999999995e-10,2.9241e-10,3.918760000000001e-09
3130,0.003884,3.174e-09,3.6481599999999995e-09,3.0624999999999995e-10,2.9241e-10,3.90625e-09
3140,0.003879,3.168e-09,3.6481599999999995e-09,3.0624999999999995e-10,2.9241e-10,3.90625e-09
3150,0.003875,3.162e-09,3.6360900000000004e-09,3.0624999999999995e-10,2.9241e-10,3.89376e-09
3160,0.003871,3.156e-09,3.6360900000000004e-09,3.0276e-10,2.9241e-10,3.89376e-09
3170,0.003867,3.151e-09,3.62404e-09,3.0276e-10,2.9241e-10,3.88129e-09
3180,0.003863,3.145e-09,3.61201e-09,3.0276e-10,2.89e-10,3.88129e-09
3190,0.003859,3.139e-09,3.61201e-09,3.0276e-10,2.89e-10,3.868839999999999e-09
3200,0.003855,3.134e-09,3.6000000000000004e-09,2.9929e-10,2.89e-10,3.868839999999999e-09
3210,0.003851,3.128e-09,3.6000000000000004e-09,2.9929e-10,2.89e-10,3.856410000000001e-09
3220,0.003847,3.123e-09,3.58801e-09,2.9929e-10,2.89e-10,3.856410000000001e-09
3230,0.003843,3.117e-09,3.58801e-09,2.9929e-10,2.89e-10,3.844e-09
3240,0.00384,3.112e-09,3.5760399999999996e-09,2.9584000000000004e-10,2.89e-10,3.844e-09
3250,0.003836,3.106e-09,3.5760399999999996e-09,2.9584000000000004e-10,2.89e-10,3.83161e-09
3260,0.003832,3.101e-09,3.5640900000000003e-09,2.9584000000000004e-10,2.89e-10,3.83161e-09
3270,0.003828,3.096e-09,3.5640900000000003e-09,2.9584000000000004e-10,2.89e-10,3.81924e-09
3280,0.003824,3.09e-09,3.55216e-09,2.9241e-10,2.89e-10,3.81924e-09
3290,0.00382,3.085e-09,3.55216e-09,2.9241e-10,2.89e-10,3.8068899999999995e-09
3300,0.003817,3.08e-09,3.5402500000000005e-09,2.9241e-10,2.89e-10,3.8068899999999995e-09
3310,0.003813,3.074e-09,3.52836e-09,2.9241e-10,2.89e-10,3.8068899999999995e-09
3320,0.003809,3.069e-09,3.52836e-09,2.9241e-10,2.89e-10,3.794560000000001e-09
3330,0.003805,3.064e-09,3.5164899999999997e-09,2.89e-10,2.89e-10,3.794560000000001e-09
3340,0.003802,3.059e-09,3.5164899999999997e-09,2.89e-10,2.89e-10,3.782250000000001e-09
3350,0.003798,3.054e-09,3.5046400000000004e-09,2.89e-10,2.89e-10,3.782250000000001e-09
3360,0.003794,3.049e-09,3.5046400000000004e-09,2.89e-10,2.89e-10,3.7699600000000005e-09
3370,0.003791,3.044e-09,3.49281e-09,2.89e-10,2.89e-10,3.7699600000000005e-09
3380,0.003787,3.039e-09,3.49281e-09,2.8561e-10,2.89e-10,3.75769e-09
3390,0.003784,3.034e-09,3.481e-09,2.8561e-10,2.89e-10,3.75769e-09
3400,0.00378,3.029e-09,3.481e-09,2.8561e-10,2.89e-10,3.7454399999999994e-09
3410,0.003776,3.024e-09,3.4692100000000003e-09,2.8561e-10,2.8561e-10,3.7454399999999994e-09
3420,0.003773,3.019e-09,3.4692100000000003e-09,2.8223999999999995e-10,2.8561e-10,3.7454399999999994e-09
3430,0.003769,3.014e-09,3.45744e-09,2.8223999999999995e-10,2.8561e-10,3.733209999999999e-09
3440,0.003766,3.009e-09,3.45744e-09,2.8223999999999995e-10,2.8561e-10,3.733209999999999e-09
3450,0.003762,3.005e-09,3.4456899999999995e-09,2.8223999999999995e-10,2.8561e-10,3.721e-09
3460,0.003759,3e-09,3.4456899999999995e-09,2.8223999999999995e-10,2.8561e-10,3.721e-09
3470,0.003755,2.995e-09,3.4456899999999995e-09,2.7888999999999995e-10,2.8561e-10,3.7088100000000006e-09
3480,0.003752,2.99e-09,3.43396e-09,2.7888999999999995e-10,2.8561e-10,3.7088100000000006e-09
3490,0.003748,2.986e-09,3.43396e-09,2.7888999999999995e-10,2.8561e-10,3.69664e-09
3500,0.003745,2.981e-09,3.42225e-09,2.7888999999999995e-10,2.8561e-10,3.69664e-09
3510,0.003742,2.976e-09,3.42225e-09,2.7888999999999995e-10,2.8561e-10,3.69664e-09
3520,0.003738,2.972e-09,3.4105600000000003e-09,2.7556000000000003e-10,2.8561e-10,3.68449e-09
3530,0.003735,2.967e-09,3.4105600000000003e-09,2.7556000000000003e-10,2.8561e-10,3.68449e-09
3540,0.003732,2.962e-09,3.39889e-09,2.7556000000000003e-10,2.8561e-10,3.6723600000000003e-09
3550,0.003728,2.958e-09,3.39889e-09,2.7556000000000003e-10,2.8561e-10,3.6723600000000003e-09
3560,0.003725,2.953e-09,3.38724e-09,2.7556000000000003e-10,2.8561e-10,3.66025e-09
3570,0.003722,2.949e-09,3.38724e-09,2.7556000000000003e-10,2.8561e-10,3.66025e-09
3580,0.003718,2.944e-09,3.3756100000000005e-09,2.7225e-10,2.8561e-10,3.66025e-09
3590,0.003715,2.94e-09,3.3756100000000005e-09,2.7225e-10,2.8561e-10,3.6481599999999995e-09
3600,0.003712,2.936e-09,3.3756100000000005e-09,2.7225e-10,2.8561e-10,3.6481599999999995e-09
3610,0.003709,2.931e-09,3.364e-09,2.7225e-10,2.8561e-10,3.6360900000000004e-09
3620,0.003705,2.927e-09,3.364e-09,2.7225e-10,2.8561e-10,3.6360900000000004e-09
3630,0.003702,2.922e-09,3.3524099999999996e-09,2.6895999999999997e-10,2.8561e-10,3.62404e-09
3640,0.003699,2.918e-09,3.3524099999999996e-09,2.6895999999999997e-10,2.8223999999999995e-10,3.62404e-09
3650,0.003696,2.914e-09,3.3408400000000002e-09,2.6895999999999997e-10,2.8223999999999995e-10,3.62404e-09
3660,0.003693,2.909e-09,3.3408400000000002e-09,2.6895999999999997e-10,2.8223999999999995e-10,3.61201e-09
3670,0.003689,2.905e-09,3.3292899999999998e-09,2.6895999999999997e-10,2.8223999999999995e-10,3.61201e-09
3680,0.003686,2.901e-09,3.3292899999999998e-09,2.6569e-10,2.8223999999999995e-10,3.6000000000000004e-09
3690,0.003683,2.897e-09,3.3292899999999998e-09,2.6569e-10,2.8223999999999995e-10,3.6000000000000004e-09
3700,0.00368,2.893e-09,3.3177599999999995e-09,2.6569e-10,2.8223999999999995e-10,3.6000000000000004e-09
3710,0.003677,2.888e-09,3.3177599999999995e-09,2.6569e-10,2.8223999999999995e-10,3.58801e-09
3720,0.003674,2.884e-09,3.3062500000000002e-09,2.6569e-10,2.8223999999999995e-10,3.58801e-09
3730,0.003671,2.88e-09,3.3062500000000002e-09,2.6569e-10,2.8223999999999995e-10,3.5760399999999996e-09
3740,0.003668,2.876e-09,3.3062500000000002e-09,2.6244000000000003e-10,2.8223999999999995e-10,3.5760399999999996e-09
3750,0.003665,2.872e-09,3.29476e-09,2.6244000000000003e-10,2.8223999999999995e-10,3.5760399999999996e-09
3760,0.003662,2.868e-09,3.29476e-09,2.6244000000000003e-10,2.8223999999999995e-10,3.5640900000000003e-09
3770,0.003658,2.864e-09,3.2832899999999997e-09,2.6244000000000003e-10,2.8223999999999995e-10,3.5640900000000003e-09
3780,0.003655,2.86e-09,3.2832899999999997e-09,2.6244000000000003e-10,2.8223999999999995e-10,3.55216e-09
3790,0.003652,2.856e-09,3.27184e-09,2.6244000000000003e-10,2.8223999999999995e-10,3.55216e-09
3800,0.003649,2.852e-09,3.27184e-09,2.592099999999999e-10,2.8223999999999995e-10,3.55216e-09
3810,0.003646,2.848e-09,3.27184e-09,2.592099999999999e-10,2.8223999999999995e-10,3.5402500000000005e-09
3820,0.003644,2.844e-09,3.26041e-09,2.592099999999999e-10,2.8223999999999995e-10,3.5402500000000005e-09
3830,0.003641,2.84e-09,3.26041e-09,2.592099999999999e-10,2.8223999999999995e-10,3.52836e-09
3840,0.003638,2.836e-09,3.2490000000000003e-09,2.592099999999999e-10,2.8223999999999995e-10,3.52836e-09
3850,0.003635,2.832e-09,3.2490000000000003e-09,2.592099999999999e-10,2.8223999999999995e-10,3.52836e-09
3860,0.003632,2.828e-09,3.2490000000000003e-09,2.56e-10,2.8223999999999995e-10,3.5164899999999997e-09
3870,0.003629,2.824e-09,3.23761e-09,2.56e-10,2.8223999999999995e-10,3.5164899999999997e-09
3880,0.003626,2.82e-09,3.23761e-09,2.56e-10,2.7888999999999995e-10,3.5046400000000004e-09
3890,0.003623,2.816e-09,3.22624e-09,2.56e-10,2.7888999999999995e-10,3.5046400000000004e-09
3900,0.00362,2.813e-09,3.22624e-09,2.56e-10,2.7888999999999995e-10,3.5046400000000004e-09
3910,0.003617,2.809e-09,3.22624e-09,2.56e-10,2.7888999999999995e-10,3.49281e-09
3920,0.003615,2.805e-09,3.2148900000000003e-09,2.5281000000000003e-10,2.7888999999999995e-10,3.49281e-09
3930,0.003612,2.801e-09,3.2148900000000003e-09,2.5281000000000003e-10,2.7888999999999995e-10,3.481e-09
3940,0.003609,2.797e-09,3.2148900000000003e-09,2.5281000000000003e-10,2.7888999999999995e-10,3.481e-09
3950,0.003606,2.794e-09,3.20356e-09,2.5281000000000003e-10,2.7888999999999995e-10,3.481e-09
3960,0.003603,2.79e-09,3.20356e-09,2.5281000000000003e-10,2.7888999999999995e-10,3.4692100000000003e-09
3970,0.0036,2.786e-09,3.1922499999999996e-09,2.5281000000000003e-10,2.7888999999999995e-10,3.4692100000000003e-09
3980,0.003598,2.783e-09,3.1922499999999996e-09,2.5281000000000003e-10,2.7888999999999995e-10,3.4692100000000003e-09
3990,0.003595,2.779e-09,3.1922499999999996e-09,2.4964000000000003e-10,2.7888999999999995e-10,3.45744e-09
4000,0.003592,2.775e-09,3.18096e-09,2.4964000000000003e-10,2.7888999999999995e-10,3.45744e-09
4010,0.003589,2.772e-09,3.18096e-09,2.4964000000000003e-10,2.7888999999999995e-10,3.4456899999999995e-09
4020,0.003587,2.768e-09,3.18096e-09,2.4964000000000003e-10,2.7888999999999995e-10,3.4456899999999995e-09
4030,0.003584,2.764e-09,3.16969e-09,2.4964000000000003e-10,2.7888999999999995e-10,3.4456899999999995e-09
4040,0.003581,2.761e-09,3.16969e-09,2.4964000000000003e-10,2.7888999999999995e-10,3.43396e-09
4050,0.003578,2.757e-09,3.1584399999999997e-09,2.4964000000000003e-10,2.7888999999999995e-10,3.43396e-09
4060,0.003576,2.754e-09,3.1584399999999997e-09,2.4648999999999994e-10,2.7888999999999995e-10,3.42225e-09
4070,0.003573,2.75e-09,3.1584399999999997e-09,2.4648999999999994e-10,2.7888999999999995e-10,3.42225e-09
4080,0.00357,2.747e-09,3.1472100000000003e-09,2.4648999999999994e-10,2.7888999999999995e-10,3.42225e-09
4090,0.003568,2.743e-09,3.1472100000000003e-09,2.4648999999999994e-10,2.7888999999999995e-10,3.4105600000000003e-09
4100,0.003565,2.74e-09,3.1472100000000003e-09,2.4648999999999994e-10,2.7888999999999995e-10,3.4105600000000003e-09
4110,0.003562,2.736e-09,3.136e-09,2.4648999999999994e-10,2.7888999999999995e-10,3.4105600000000003e-09
4120,0.00356,2.733e-09,3.136e-09,2.4648999999999994e-10,2.7556000000000003e-10,3.39889e-09
4130,0.003557,2.729e-09,3.136e-09,2.4336e-10,2.7556000000000003e-10,3.39889e-09
4140,0.003554,2.726e-09,3.1248099999999997e-09,2.4336e-10,2.7556000000000003e-10,3.39889e-09
4150,0.003552,2.722e-09,3.1248099999999997e-09,2.4336e-10,2.7556000000000003e-10,3.38724e-09
4160,0.003549,2.719e-09,3.1248099999999997e-09,2.4336e-10,2.7556000000000003e-10,3.38724e-09
4170,0.003547,2.716e-09,3.11364e-09,2.4336e-10,2.7556000000000003e-10,3.3756100000000005e-09
4180,0.003544,2.712e-09,3.11364e-09,2.4336e-10,2.7556000000000003e-10,3.3756100000000005e-09
4190,0.003542,2.709e-09,3.1024899999999997e-09,2.4336e-10,2.7556000000000003e-10,3.3756100000000005e-09
4200,0.003539,2.706e-09,3.1024899999999997e-09,2.4025e-10,2.7556000000000003e-10,3.364e-09
4210,0.003536,2.702e-09,3.1024899999999997e-09,2.4025e-10,2.7556000000000003e-10,3.364e-09
4220,0.003534,2.699e-09,3.0913600000000004e-09,2.4025e-10,2.7556000000000003e-10,3.364e-09
4230,0.003531,2.696e-09,3.0913600000000004e-09,2.4025e-10,2.7556000000000003e-10,3.3524099999999996e-09
4240,0.003529,2.692e-09,3.0913600000000004e-09,2.4025e-10,2.7556000000000003e-10,3.3524099999999996e-09
4250,0.003526,2.689e-09,3.08025e-09,2.4025e-10,2.7556000000000003e-10,3.3524099999999996e-09
4260,0.003524,2.686e-09,3.08025e-09,2.4025e-10,2.7556000000000003e-10,3.3408400000000002e-09
4270,0.003521,2.682e-09,3.08025e-09,2.3716000000000004e-10,2.7556000000000003e-10,3.3408400000000002e-09
4280,0.003519,2.679e-09,3.0691599999999998e-09,2.3716000000000004e-10,2.7556000000000003e-10,3.3408400000000002e-09
4290,0.003516,2.676e-09,3.0691599999999998e-09,2.3716000000000004e-10,2.7556000000000003e-10,3.3292899999999998e-09
4300,0.003514,2.673e-09,3.0691599999999998e-09,2.3716000000000004e-10,2.7556000000000003e-10,3.3292899999999998e-09
4310,0.003511,2.67e-09,3.05809e-09,2.3716000000000004e-10,2.7556000000000003e-10,3.3177599999999995e-09
4320,0.003509,2.666e-09,3.05809e-09,2.3716000000000004e-10,2.7556000000000003e-10,3.3177599999999995e-09
4330,0.003506,2.663e-09,3.05809e-09,2.3716000000000004e-10,2.7556000000000003e-10,3.3177599999999995e-09
4340,0.003504,2.66e-09,3.04704e-09,2.3716000000000004e-10,2.7556000000000003e-10,3.3062500000000002e-09
4350,0.003501,2.657e-09,3.04704e-09,2.3408999999999996e-10,2.7556000000000003e-10,3.3062500000000002e-09
4360,0.003499,2.654e-09,3.04704e-09,2.3408999999999996e-10,2.7556000000000003e-10,3.3062500000000002e-09
4370,0.003497,2.651e-09,3.0360099999999997e-09,2.3408999999999996e-10,2.7556000000000003e-10,3.29476e-09
4380,0.003494,2.648e-09,3.0360099999999997e-09,2.3408999999999996e-10,2.7225e-10,3.29476e-09
4390,0.003492,2.644e-09,3.0360099999999997e-09,2.3408999999999996e-10,2.7225e-10,3.29476e-09
4400,0.003489,2.641e-09,3.025e-09,2.3408999999999996e-10,2.7225e-10,3.2832899999999997e-09
4410,0.003487,2.638e-09,3.025e-09,2.3408999999999996e-10,2.7225e-10,3.2832899999999997e-09
4420,0.003485,2.635e-09,3.025e-09,2.3408999999999996e-10,2.7225e-10,3.2832899999999997e-09
4430,0.003482,2.632e-09,3.025e-09,2.3104e-10,2.7225e-10,3.27184e-09
4440,0.00348,2.629e-09,3.01401e-09,2.3104e-10,2.7225e-10,3.27184e-09
4450,0.003478,2.626e-09,3.01401e-09,2.3104e-10,2.7225e-10,3.27184e-09
4460,0.003475,2.623e-09,3.01401e-09,2.3104e-10,2.7225e-10,3.26041e-09
4470,0.003473,2.62e-09,3.0030399999999996e-09,2.3104e-10,2.7225e-10,3.26041e-09
4480,0.003471,2.617e-09,3.0030399999999996e-09,2.3104e-10,2.7225e-10,3.26041e-09
4490,0.003468,2.614e-09,3.0030399999999996e-09,2.3104e-10,2.7225e-10,3.2490000000000003e-09
4500,0.003466,2.611e-09,2.99209e-09,2.3104e-10,2.7225e-10,3.2490000000000003e-09
4510,0.003464,2.608e-09,2.99209e-09,2.2800999999999997e-10,2.7225e-10,3.2490000000000003e-09
4520,0.003461,2.605e-09,2.99209e-09,2.2800999999999997e-10,2.7225e-10,3.23761e-09
4530,0.003459,2.602e-09,2.98116e-09,2.2800999999999997e-10,2.7225e-10,3.23761e-09
4540,0.003457,2.599e-09,2.98116e-09,2.2800999999999997e-10,2.7225e-10,3.23761e-09
4550,0.003454,2.596e-09,2.98116e-09,2.2800999999999997e-10,2.7225e-10,3.22624e-09
4560,0.003452,2.593e-09,2.97025e-09,2.2800999999999997e-10,2.7225e-10,3.22624e-09
4570,0.00345,2.591e-09,2.97025e-09,2.2800999999999997e-10,2.7225e-10,3.22624e-09
4580,0.003448,2.588e-09,2.97025e-09,2.2800999999999997e-10,2.7225e-10,3.2148900000000003e-09
4590,0.003445,2.585e-09,2.97025e-09,2.2800999999999997e-10,2.7225e-10,3.2148900000000003e-09
4600,0.003443,2.582e-09,2.95936e-09,2.25e-10,2.7225e-10,3.2148900000000003e-09
4610,0.003441,2.579e-09,2.95936e-09,2.25e-10,2.7225e-10,3.20356e-09
4620,0.003439,2.576e-09,2.95936e-09,2.25e-10,2.7225e-10,3.20356e-09
4630,0.003437,2.574e-09,2.94849e-09,2.25e-10,2.7225e-10,3.20356e-09
4640,0.003435,2.571e-09,2.94849e-09,2.25e-10,2.7225e-10,3.1922499999999996e-09
4650,0.003433,2.569e-09,2.94849e-09,2.25e-10,2.7225e-10,3.1922499999999996e-09
4660,0.003431,2.566e-09,2.94849e-09,2.25e-10,2.6895999999999997e-10,3.1922499999999996e-09
4670,0.003429,2.563e-09,2.9376400000000002e-09,2.25e-10,2.6895999999999997e-10,3.1922499999999996e-09
4680,0.003427,2.561e-09,2.9376400000000002e-09,2.25e-10,2.6895999999999997e-10,3.18096e-09
4690,0.003425,2.558e-09,2.9376400000000002e-09,2.2201e-10,2.6895999999999997e-10,3.18096e-09
4700,0.003423,2.556e-09,2.9376400000000002e-09,2.2201e-10,2.6895999999999997e-10,3.18096e-09
4710,0.003421,2.553e-09,2.92681e-09,2.2201e-10,2.6895999999999997e-10,3.16969e-09
4720,0.003419,2.551e-09,2.92681e-09,2.2201e-10,2.6895999999999997e-10,3.16969e-09
4730,0.003417,2.548e-09,2.92681e-09,2.2201e-10,2.6895999999999997e-10,3.16969e-09
4740,0.003415,2.546e-09,2.916e-09,2.2201e-10,2.6895999999999997e-10,3.16969e-09
4750,0.003413,2.543e-09,2.916e-09,2.2201e-10,2.6895999999999997e-10,3.1584399999999997e-09
4760,0.003411,2.541e-09,2.916e-09,2.2201e-10,2.6895999999999997e-10,3.1584399999999997e-09
4770,0.003409,2.539e-09,2.916e-09,2.2201e-10,2.6895999999999997e-10,3.1584399999999997e-09
4780,0.003407,2.536e-09,2.90521e-09,2.2201e-10,2.6895999999999997e-10,3.1472100000000003e-09
4790,0.003405,2.534e-09,2.90521e-09,2.1904000000000003e-10,2.6895999999999997e-10,3.1472100000000003e-09
4800,0.003403,2.531e-09,2.90521e-09,2.1904000000000003e-10,2.6895999999999997e-10,3.1472100000000003e-09
4810,0.003401,2.529e-09,2.90521e-09,2.1904000000000003e-10,2.6895999999999997e-10,3.1472100000000003e-09
4820,0.003399,2.526e-09,2.89444e-09,2.1904000000000003e-10,2.6895999999999997e-10,3.136e-09
4830,0.003397,2.524e-09,2.89444e-09,2.1904000000000003e-10,2.6895999999999997e-10,3.136e-09
4840,0.003396,2.522e-09,2.89444e-09,2.1904000000000003e-10,2.6895999999999997e-10,3.136e-09
4850,0.003394,2.519e-09,2.89444e-09,2.1904000000000003e-10,2.6895999999999997e-10,3.1248099999999997e-09
4860,0.003392,2.517e-09,2.8836899999999996e-09,2.1904000000000003e-10,2.6895999999999997e-10,3.1248099999999997e-09
4870,0.00339,2.514e-09,2.8836899999999996e-09,2.1904000000000003e-10,2.6895999999999997e-10,3.1248099999999997e-09
4880,0.003388,2.512e-09,2.8836899999999996e-09,2.1904000000000003e-10,2.6895999999999997e-10,3.1248099999999997e-09
4890,0.003386,2.51e-09,2.8836899999999996e-09,2.1609e-10,2.6895999999999997e-10,3.11364e-09
4900,0.003384,2.507e-09,2.8729600000000004e-09,2.1609e-10,2.6895999999999997e-10,3.11364e-09
4910,0.003382,2.505e-09,2.8729600000000004e-09,2.1609e-10,2.6895999999999997e-10,3.11364e-09
4920,0.003381,2.503e-09,2.8729600000000004e-09,2.1609e-10,2.6895999999999997e-10,3.11364e-09
4930,0.003379,2.5e-09,2.8729600000000004e-09,2.1609e-10,2.6895999999999997e-10,3.1024899999999997e-09
4940,0.003377,2.498e-09,2.86225e-09,2.1609e-10,2.6895999999999997e-10,3.1024899999999997e-09
4950,0.003375,2.496e-09,2.86225e-09,2.1609e-10,2.6895999999999997e-10,3.1024899999999997e-09
4960,0.003373,2.493e-09,2.86225e-09,2.1609e-10,2.6895999999999997e-10,3.0913600000000004e-09
4970,0.003371,2.491e-09,2.86225e-09,2.1609e-10,2.6895999999999997e-10,3.0913600000000004e-09
4980,0.00337,2.489e-09,2.8515599999999996e-09,2.1609e-10,2.6895999999999997e-10,3.0913600000000004e-09
4990,0.003368,2.486e-09,2.8515599999999996e-09,2.1609e-10,2.6569e-10,3.0913600000000004e-09
5000,0.003366,2.484e-09,2.8515599999999996e-09,2.1316000000000002e-10,2.6569e-10,3.08025e-09
5010,0.003364,2.482e-09,2.8515599999999996e-09,2.1316000000000002e-10,2.6569e-10,3.08025e-09
5020,0.003362,2.48e-09,2.84089e-09,2.1316000000000002e-10,2.6569e-10,3.08025e-09
5030,0.00336,2.477e-09,2.84089e-09,2.1316000000000002e-10,2.6569e-10,3.08025e-09
5040,0.003359,2.475e-09,2.84089e-09,2.1316000000000002e-10,2.6569e-10,3.0691599999999998e-09
5050,0.003357,2.473e-09,2.84089e-09,2.1316000000000002e-10,2.6569e-10,3.0691599999999998e-09
5060,0.003355,2.471e-09,2.84089e-09,2.1316000000000002e-10,2.6569e-10,3.0691599999999998e-09
5070,0.003353,2.468e-09,2.83024e-09,2.1316000000000002e-10,2.6569e-10,3.05809e-09
5080,0.003351,2.466e-09,2.83024e-09,2.1316000000000002e-10,2.6569e-10,3.05809e-09
5090,0.00335,2.464e-09,2.83024e-09,2.1316000000000002e-10,2.6569e-10,3.05809e-09
5100,0.003348,2.462e-09,2.83024e-09,2.1316000000000002e-10,2.6569e-10,3.05809e-09
5110,0.003346,2.459e-09,2.8196100000000004e-09,2.1025e-10,2.6569e-10,3.04704e-09
5120,0.003344,2.457e-09,2.8196100000000004e-09,2.1025e-10,2.6569e-10,3.04704e-09
5130,0.003343,2.455e-09,2.8196100000000004e-09,2.1025e-10,2.6569e-10,3.04704e-09
5140,0.003341,2.453e-09,2.8196100000000004e-09,2.1025e-10,2.6569e-10,3.04704e-09
5150,0.003339,2.451e-09,2.809e-09,2.1025e-10,2.6569e-10,3.0360099999999997e-09
5160,0.003337,2.449e-09,2.809e-09,2.1025e-10,2.6569e-10,3.0360099999999997e-09
5170,0.003336,2.446e-09,2.809e-09,2.1025e-10,2.6569e-10,3.0360099999999997e-09
5180,0.003334,2.444e-09,2.809e-09,2.1025e-10,2.6569e-10,3.0360099999999997e-09
5190,0.003332,2.442e-09,2.7984099999999996e-09,2.1025e-10,2.6569e-10,3.025e-09
5200,0.003331,2.44e-09,2.7984099999999996e-09,2.1025e-10,2.6569e-10,3.025e-09
5210,0.003329,2.438e-09,2.7984099999999996e-09,2.1025e-10,2.6569e-10,3.025e-09
5220,0.003327,2.436e-09,2.7984099999999996e-09,2.1025e-10,2.6569e-10,3.025e-09
5230,0.003325,2.434e-09,2.7984099999999996e-09,2.0735999999999997e-10,2.6569e-10,3.01401e-09
5240,0.003324,2.431e-09,2.78784e-09,2.0735999999999997e-10,2.6569e-10,3.01401e-09
5250,0.003322,2.429e-09,2.78784e-09,2.0735999999999997e-10,2.6569e-10,3.01401e-09
5260,0.00332,2.427e-09,2.78784e-09,2.0735999999999997e-10,2.6569e-10,3.01401e-09
5270,0.003319,2.425e-09,2.78784e-09,2.0735999999999997e-10,2.6569e-10,3.0030399999999996e-09
5280,0.003317,2.423e-09,2.77729e-09,2.0735999999999997e-10,2.6569e-10,3.0030399999999996e-09
5290,0.003315,2.421e-09,2.77729e-09,2.0735999999999997e-10,2.6569e-10,3.0030399999999996e-09
5300,0.003314,2.419e-09,2.77729e-09,2.0735999999999997e-10,2.6569e-10,2.99209e-09
5310,0.003312,2.417e-09,2.77729e-09,2.0735999999999997e-10,2.6569e-10,2.99209e-09
5320,0.00331,2.415e-09,2.77729e-09,2.0735999999999997e-10,2.6569e-10,2.99209e-09
5330,0.003309,2.413e-09,2.7667599999999997e-09,2.0735999999999997e-10,2.6569e-10,2.99209e-09
5340,0.003307,2.411e-09,2.7667599999999997e-09,2.0735999999999997e-10,2.6244000000000003e-10,2.98116e-09
5350,0.003305,2.408e-09,2.7667599999999997e-09,2.0449e-10,2.6244000000000003e-10,2.98116e-09
5360,0.003304,2.406e-09,2.7667599999999997e-09,2.0449e-10,2.6244000000000003e-10,2.98116e-09
5370,0.003302,2.404e-09,2.7562500000000003e-09,2.0449e-10,2.6244000000000003e-10,2.98116e-09
5380,0.0033,2.402e-09,2.7562500000000003e-09,2.0449e-10,2.6244000000000003e-10,2.97025e-09
5390,0.003299,2.4e-09,2.7562500000000003e-09,2.0449e-10,2.6244000000000003e-10,2.97025e-09
5400,0.003297,2.398e-09,2.7562500000000003e-09,2.0449e-10,2.6244000000000003e-10,2.97025e-09
5410,0.003295,2.396e-09,2.7562500000000003e-09,2.0449e-10,2.6244000000000003e-10,2.97025e-09
5420,0.003294,2.394e-09,2.74576e-09,2.0449e-10,2.6244000000000003e-10,2.95936e-09
5430,0.003292,2.392e-09,2.74576e-09,2.0449e-10,2.6244000000000003e-10,2.95936e-09
5440,0.00329,2.39e-09,2.74576e-09,2.0449e-10,2.6244000000000003e-10,2.95936e-09
5450,0.003289,2.388e-09,2.74576e-09,2.0449e-10,2.6244000000000003e-10,2.95936e-09
5460,0.003287,2.386e-09,2.7352899999999996e-09,2.0449e-10,2.6244000000000003e-10,2.94849e-09
5470,0.003286,2.384e-09,2.7352899999999996e-09,2.0164e-10,2.6244000000000003e-10,2.94849e-09
5480,0.003284,2.382e-09,2.7352899999999996e-09,2.0164e-10,2.6244000000000003e-10,2.94849e-09
5490,0.003282,2.38e-09,2.7352899999999996e-09,2.0164e-10,2.6244000000000003e-10,2.94849e-09
5500,0.003281,2.378e-09,2.7352899999999996e-09,2.0164e-10,2.6244000000000003e-10,2.94849e-09
5510,0.003279,2.376e-09,2.7248400000000003e-09,2.0164e-10,2.6244000000000003e-10,2.9376400000000002e-09
5520,0.003278,2.374e-09,2.7248400000000003e-09,2.0164e-10,2.6244000000000003e-10,2.9376400000000002e-09
5530,0.003276,2.372e-09,2.7248400000000003e-09,2.0164e-10,2.6244000000000003e-10,2.9376400000000002e-09
5540,0.003274,2.37e-09,2.7248400000000003e-09,2.0164e-10,2.6244000000000003e-10,2.9376400000000002e-09
5550,0.003273,2.369e-09,2.7248400000000003e-09,2.0164e-10,2.6244000000000003e-10,2.92681e-09
5560,0.003271,2.367e-09,2.71441e-09,2.0164e-10,2.6244000000000003e-10,2.92681e-09
5570,0.00327,2.365e-09,2.71441e-09,2.0164e-10,2.6244000000000003e-10,2.92681e-09
5580,0.003268,2.363e-09,2.71441e-09,2.0164e-10,2.6244000000000003e-10,2.92681e-09
5590,0.003267,2.361e-09,2.71441e-09,2.0164e-10,2.6244000000000003e-10,2.916e-09
5600,0.003265,2.359e-09,2.71441e-09,1.9881e-10,2.6244000000000003e-10,2.916e-09
5610,0.003264,2.357e-09,2.7039999999999998e-09,1.9881e-10,2.6244000000000003e-10,2.916e-09
5620,0.003262,2.355e-09,2.7039999999999998e-09,1.9881e-10,2.6244000000000003e-10,2.916e-09
5630,0.00326,2.353e-09,2.7039999999999998e-09,1.9881e-10,2.6244000000000003e-10,2.90521e-09
5640,0.003259,2.351e-09,2.7039999999999998e-09,1.9881e-10,2.6244000000000003e-10,2.90521e-09
5650,0.003257,2.349e-09,2.69361e-09,1.9881e-10,2.6244000000000003e-10,2.90521e-09
5660,0.003256,2.347e-09,2.69361e-09,1.9881e-10,2.6244000000000003e-10,2.90521e-09
5670,0.003254,2.346e-09,2.69361e-09,1.9881e-10,2.6244000000000003e-10,2.89444e-09
5680,0.003253,2.344e-09,2.69361e-09,1.9881e-10,2.6244000000000003e-10,2.89444e-09
5690,0.003251,2.342e-09,2.69361e-09,1.9881e-10,2.6244000000000003e-10,2.89444e-09
5700,0.00325,2.34e-09,2.68324e-09,1.9881e-10,2.6244000000000003e-10,2.89444e-09
5710,0.003248,2.338e-09,2.68324e-09,1.9881e-10,2.6244000000000003e-10,2.8836899999999996e-09
5720,0.003246,2.336e-09,2.68324e-09,1.9881e-10,2.6244000000000003e-10,2.8836899999999996e-09
5730,0.003245,2.334e-09,2.68324e-09,1.96e-10,2.592099999999999e-10,2.8836899999999996e-09
5740,0.003243,2.332e-09,2.68324e-09,1.96e-10,2.592099999999999e-10,2.8836899999999996e-09
5750,0.003241,2.33e-09,2.6728900000000003e-09,1.96e-10,2.592099999999999e-10,2.8729600000000004e-09
5760,0.00324,2.328e-09,2.6728900000000003e-09,1.96e-10,2.592099999999999e-10,2.8729600000000004e-09
5770,0.003238,2.326e-09,2.6728900000000003e-09,1.96e-10,2.592099999999999e-10,2.8729600000000004e-09
5780,0.003237,2.324e-09,2.6728900000000003e-09,1.96e-10,2.592099999999999e-10,2.8729600000000004e-09
5790,0.003235,2.322e-09,2.6728900000000003e-09,1.96e-10,2.592099999999999e-10,2.86225e-09
5800,0.003233,2.32e-09,2.66256e-09,1.96e-10,2.592099999999999e-10,2.86225e-09
5810,0.003232,2.318e-09,2.66256e-09,1.96e-10,2.592099999999999e-10,2.86225e-09
5820,0.00323,2.316e-09,2.66256e-09,1.96e-10,2.592099999999999e-10,2.86225e-09
5830,0.003228,2.314e-09,2.66256e-09,1.96e-10,2.592099999999999e-10,2.8515599999999996e-09
5840,0.003227,2.312e-09,2.65225e-09,1.96e-10,2.592099999999999e-10,2.8515599999999996e-09
5850,0.003225,2.31e-09,2.65225e-09,1.96e-10,2.592099999999999e-10,2.8515599999999996e-09
5860,0.003224,2.308e-09,2.65225e-09,1.9321000000000002e-10,2.592099999999999e-10,2.8515599999999996e-09
5870,0.003222,2.306e-09,2.65225e-09,1.9321000000000002e-10,2.592099999999999e-10,2.84089e-09
5880,0.00322,2.304e-09,2.65225e-09,1.9321000000000002e-10,2.592099999999999e-10,2.84089e-09
5890,0.003219,2.302e-09,2.6419600000000003e-09,1.9321000000000002e-10,2.592099999999999e-10,2.84089e-09
5900,0.003217,2.3e-09,2.6419600000000003e-09,1.9321000000000002e-10,2.592099999999999e-10,2.84089e-09
5910,0.003216,2.298e-09,2.6419600000000003e-09,1.9321000000000002e-10,2.592099999999999e-10,2.83024e-09
5920,0.003214,2.296e-09,2.6419600000000003e-09,1.9321000000000002e-10,2.592099999999999e-10,2.83024e-09
5930,0.003212,2.294e-09,2.63169e-09,1.9321000000000002e-10,2.592099999999999e-10,2.83024e-09
5940,0.003211,2.292e-09,2.63169e-09,1.9321000000000002e-10,2.592099999999999e-10,2.83024e-09
5950,0.003209,2.291e-09,2.63169e-09,1.9321000000000002e-10,2.592099999999999e-10,2.8196100000000004e-09
5960,0.003208,2.289e-09,2.63169e-09,1.9321000000000002e-10,2.592099999999999e-10,2.8196100000000004e-09
5970,0.003206,2.287e-09,2.63169e-09,1.9321000000000002e-10,2.592099999999999e-10,2.8196100000000004e-09
5980,0.003205,2.285e-09,2.6214399999999996e-09,1.9321000000000002e-10,2.592099999999999e-10,2.8196100000000004e-09
5990,0.003203,2.283e-09,2.6214399999999996e-09,1.9044e-10,2.592099999999999e-10,2.809e-09
6000,0.003201,2.281e-09,2.6214399999999996e-09,1.9044e-10,2.592099999999999e-10,2.809e-09
6010,0.0032,2.279e-09,2.6214399999999996e-09,1.9044e-10,2.592099999999999e-10,2.809e-09
6020,0.003198,2.277e-09,2.6214399999999996e-09,1.9044e-10,2.592099999999999e-10,2.809e-09
6030,0.003197,2.275e-09,2.61121e-09,1.9044e-10,2.592099999999999e-10,2.809e-09
6040,0.003195,2.274e-09,2.61121e-09,1.9044e-10,2.592099999999999e-10,2.7984099999999996e-09
6050,0.003194,2.272e-09,2.61121e-09,1.9044e-10,2.592099999999999e-10,2.7984099999999996e-09
6060,0.003192,2.27e-09,2.61121e-09,1.9044e-10,2.592099999999999e-10,2.7984099999999996e-09
6070,0.003191,2.268e-09,2.61121e-09,1.9044e-10,2.592099999999999e-10,2.7984099999999996e-09
6080,0.003189,2.266e-09,2.601e-09,1.9044e-10,2.592099999999999e-10,2.78784e-09
6090,0.003188,2.264e-09,2.601e-09,1.9044e-10,2.592099999999999e-10,2.78784e-09
6100,0.003186,2.262e-09,2.601e-09,1.9044e-10,2.592099999999999e-10,2.78784e-09
6110,0.003185,2.261e-09,2.601e-09,1.9044e-10,2.592099999999999e-10,2.78784e-09
6120,0.003183,2.259e-09,2.601e-09,1.9044e-10,2.56e-10,2.77729e-09
6130,0.003182,2.257e-09,2.5908099999999997e-09,1.8768999999999997e-10,2.56e-10,2.77729e-09
6140,0.00318,2.255e-09,2.5908099999999997e-09,1.8768999999999997e-10,2.56e-10,2.77729e-09
6150,0.003179,2.253e-09,2.5908099999999997e-09,1.8768999999999997e-10,2.56e-10,2.77729e-09
6160,0.003177,2.251e-09,2.5908099999999997e-09,1.8768999999999997e-10,2.56e-10,2.7667599999999997e-09
6170,0.003176,2.25e-09,2.5908099999999997e-09,1.8768999999999997e-10,2.56e-10,2.7667599999999997e-09
6180,0.003174,2.248e-09,2.5806400000000003e-09,1.8768999999999997e-10,2.56e-10,2.7667599999999997e-09
6190,0.003173,2.246e-09,2.5806400000000003e-09,1.8768999999999997e-10,2.56e-10,2.7667599999999997e-09
6200,0.003171,2.244e-09,2.5806400000000003e-09,1.8768999999999997e-10,2.56e-10,2.7562500000000003e-09
6210,0.00317,2.242e-09,2.5806400000000003e-09,1.8768999999999997e-10,2.56e-10,2.7562500000000003e-09
6220,0.003168,2.241e-09,2.5806400000000003e-09,1.8768999999999997e-10,2.56e-10,2.7562500000000003e-09
6230,0.003167,2.239e-09,2.57049e-09,1.8768999999999997e-10,2.56e-10,2.7562500000000003e-09
6240,0.003165,2.237e-09,2.57049e-09,1.8768999999999997e-10,2.56e-10,2.7562500000000003e-09
6250,0.003164,2.235e-09,2.57049e-09,1.8768999999999997e-10,2.56e-10,2.74576e-09
6260,0.003162,2.234e-09,2.57049e-09,1.8768999999999997e-10,2.56e-10,2.74576e-09
6270,0.003161,2.232e-09,2.57049e-09,1.8496e-10,2.56e-10,2.74576e-09
6280,0.003159,2.23e-09,2.5603599999999996e-09,1.8496e-10,2.56e-10,2.74576e-09
6290,0.003158,2.228e-09,2.5603599999999996e-09,1.8496e-10,2.56e-10,2.7352899999999996e-09
6300,0.003157,2.227e-09,2.5603599999999996e-09,1.8496e-10,2.56e-10,2.7352899999999996e-09
6310,0.003155,2.225e-09,2.5603599999999996e-09,1.8496e-10,2.56e-10,2.7352899999999996e-09
6320,0.003154,2.223e-09,2.5603599999999996e-09,1.8496e-10,2.56e-10,2.7352899999999996e-09
6330,0.003152,2.221e-09,2.55025e-09,1.8496e-10,2.56e-10,2.7248400000000003e-09
6340,0.003151,2.22e-09,2.55025e-09,1.8496e-10,2.56e-10,2.7248400000000003e-09
6350,0.003149,2.218e-09,2.55025e-09,1.8496e-10,2.56e-10,2.7248400000000003e-09
6360,0.003148,2.216e-09,2.55025e-09,1.8496e-10,2.56e-10,2.7248400000000003e-09
6370,0.003147,2.214e-09,2.55025e-09,1.8496e-10,2.56e-10,2.7248400000000003e-09
6380,0.003145,2.213e-09,2.54016e-09,1.8496e-10,2.56e-10,2.71441e-09
6390,0.003144,2.211e-09,2.54016e-09,1.8496e-10,2.56e-10,2.71441e-09
6400,0.003142,2.209e-09,2.54016e-09,1.8496e-10,2.56e-10,2.71441e-09
6410,0.003141,2.208e-09,2.54016e-09,1.8496e-10,2.56e-10,2.71441e-09
6420,0.003139,2.206e-09,2.54016e-09,1.8225e-10,2.56e-10,2.7039999999999998e-09
6430,0.003138,2.204e-09,2.54016e-09,1.8225e-10,2.56e-10,2.7039999999999998e-09
6440,0.003137,2.202e-09,2.5300900000000003e-09,1.8225e-10,2.56e-10,2.7039999999999998e-09
6450,0.003135,2.201e-09,2.5300900000000003e-09,1.8225e-10,2.56e-10,2.7039999999999998e-09
6460,0.003134,2.199e-09,2.5300900000000003e-09,1.8225e-10,2.56e-10,2.7039999999999998e-09
6470,0.003132,2.197e-09,2.5300900000000003e-09,1.8225e-10,2.56e-10,2.69361e-09
6480,0.003131,2.196e-09,2.5300900000000003e-09,1.8225e-10,2.56e-10,2.69361e-09
6490,0.00313,2.194e-09,2.52004e-09,1.8225e-10,2.56e-10,2.69361e-09
6500,0.003128,2.192e-09,2.52004e-09,1.8225e-10,2.56e-10,2.69361e-09
6510,0.003127,2.191e-09,2.52004e-09,1.8225e-10,2.56e-10,2.68324e-09
6520,0.003126,2.189e-09,2.52004e-09,1.8225e-10,2.56e-10,2.68324e-09
6530,0.003124,2.187e-09,2.52004e-09,1.8225e-10,2.56e-10,2.68324e-09
6540,0.003123,2.186e-09,2.5100099999999997e-09,1.8225e-10,2.56e-10,2.68324e-09
6550,0.003121,2.184e-09,2.5100099999999997e-09,1.8225e-10,2.5281000000000003e-10,2.68324e-09
6560,0.00312,2.182e-09,2.5100099999999997e-09,1.8225e-10,2.5281000000000003e-10,2.6728900000000003e-09
6570,0.003119,2.181e-09,2.5100099999999997e-09,1.7956000000000002e-10,2.5281000000000003e-10,2.6728900000000003e-09
6580,0.003117,2.179e-09,2.5100099999999997e-09,1.7956000000000002e-10,2.5281000000000003e-10,2.6728900000000003e-09
6590,0.003116,2.178e-09,2.5100099999999997e-09,1.7956000000000002e-10,2.5281000000000003e-10,2.6728900000000003e-09
6600,0.003115,2.176e-09,2.5e-09,1.7956000000000002e-10,2.5281000000000003e-10,2.66256e-09
6610,0.003113,2.174e-09,2.5e-09,1.7956000000000002e-10,2.5281000000000003e-10,2.66256e-09
6620,0.003112,2.173e-09,2.5e-09,1.7956000000000002e-10,2.5281000000000003e-10,2.66256e-09
6630,0.003111,2.171e-09,2.5e-09,1.7956000000000002e-10,2.5281000000000003e-10,2.66256e-09
6640,0.003109,2.169e-09,2.5e-09,1.7956000000000002e-10,2.5281000000000003e-10,2.66256e-09
6650,0.003108,2.168e-09,2.49001e-09,1.7956000000000002e-10,2.5281000000000003e-10,2.65225e-09
6660,0.003107,2.166e-09,2.49001e-09,1.7956000000000002e-10,2.5281000000000003e-10,2.65225e-09
6670,0.003105,2.165e-09,2.49001e-09,1.7956000000000002e-10,2.5281000000000003e-10,2.65225e-09
6680,0.003104,2.163e-09,2.49001e-09,1.7956000000000002e-10,2.5281000000000003e-10,2.65225e-09
6690,0.003103,2.161e-09,2.49001e-09,1.7956000000000002e-10,2.5281000000000003e-10,2.65225e-09
6700,0.003101,2.16e-09,2.49001e-09,1.7956000000000002e-10,2.5281000000000003e-10,2.6419600000000003e-09
6710,0.0031,2.158e-09,2.4800399999999996e-09,1.7956000000000002e-10,2.5281000000000003e-10,2.6419600000000003e-09
6720,0.003099,2.157e-09,2.4800399999999996e-09,1.7956000000000002e-10,2.5281000000000003e-10,2.6419600000000003e-09
6730,0.003097,2.155e-09,2.4800399999999996e-09,1.7689e-10,2.5281000000000003e-10,2.6419600000000003e-09
6740,0.003096,2.154e-09,2.4800399999999996e-09,1.7689e-10,2.5281000000000003e-10,2.63169e-09
6750,0.003095,2.152e-09,2.4800399999999996e-09,1.7689e-10,2.5281000000000003e-10,2.63169e-09
6760,0.003093,2.15e-09,2.4800399999999996e-09,1.7689e-10,2.5281000000000003e-10,2.63169e-09
6770,0.003092,2.149e-09,2.47009e-09,1.7689e-10,2.5281000000000003e-10,2.63169e-09
6780,0.003091,2.147e-09,2.47009e-09,1.7689e-10,2.5281000000000003e-10,2.63169e-09
6790,0.00309,2.146e-09,2.47009e-09,1.7689e-10,2.5281000000000003e-10,2.6214399999999996e-09
6800,0.003088,2.144e-09,2.47009e-09,1.7689e-10,2.5281000000000003e-10,2.6214399999999996e-09
6810,0.003087,2.143e-09,2.47009e-09,1.7689e-10,2.5281000000000003e-10,2.6214399999999996e-09
6820,0.003086,2.141e-09,2.46016e-09,1.7689e-10,2.5281000000000003e-10,2.6214399999999996e-09
6830,0.003084,2.14e-09,2.46016e-09,1.7689e-10,2.5281000000000003e-10,2.6214399999999996e-09
6840,0.003083,2.138e-09,2.46016e-09,1.7689e-10,2.5281000000000003e-10,2.61121e-09
6850,0.003082,2.136e-09,2.46016e-09,1.7689e-10,2.5281000000000003e-10,2.61121e-09
6860,0.003081,2.135e-09,2.46016e-09,1.7689e-10,2.5281000000000003e-10,2.61121e-09
6870,0.003079,2.133e-09,2.46016e-09,1.7689e-10,2.5281000000000003e-10,2.61121e-09
6880,0.003078,2.132e-09,2.45025e-09,1.7689e-10,2.5281000000000003e-10,2.61121e-09
6890,0.003077,2.13e-09,2.45025e-09,1.7424e-10,2.5281000000000003e-10,2.601e-09
6900,0.003075,2.129e-09,2.45025e-09,1.7424e-10,2.5281000000000003e-10,2.601e-09
6910,0.003074,2.127e-09,2.45025e-09,1.7424e-10,2.5281000000000003e-10,2.601e-09
6920,0.003073,2.126e-09,2.45025e-09,1.7424e-10,2.5281000000000003e-10,2.601e-09
6930,0.003072,2.124e-09,2.45025e-09,1.7424e-10,2.5281000000000003e-10,2.5908099999999997e-09
6940,0.00307,2.123e-09,2.44036e-09,1.7424e-10,2.5281000000000003e-10,2.5908099999999997e-09
6950,0.003069,2.121e-09,2.44036e-09,1.7424e-10,2.5281000000000003e-10,2.5908099999999997e-09
6960,0.003068,2.12e-09,2.44036e-09,1.7424e-10,2.5281000000000003e-10,2.5908099999999997e-09
6970,0.003067,2.118e-09,2.44036e-09,1.7424e-10,2.5281000000000003e-10,2.5908099999999997e-09
6980,0.003065,2.117e-09,2.44036e-09,1.7424e-10,2.5281000000000003e-10,2.5806400000000003e-09
6990,0.003064,2.115e-09,2.44036e-09,1.7424e-10,2.5281000000000003e-10,2.5806400000000003e-09
7000,0.003063,2.114e-09,2.43049e-09,1.7424e-10,2.5281000000000003e-10,2.5806400000000003e-09
7010,0.003062,2.112e-09,2.43049e-09,1.7424e-10,2.5281000000000003e-10,2.5806400000000003e-09
7020,0.00306,2.111e-09,2.43049e-09,1.7424e-10,2.5281000000000003e-10,2.5806400000000003e-09
7030,0.003059,2.109e-09,2.43049e-09,1.7424e-10,2.4964000000000003e-10,2.57049e-09
7040,0.003058,2.108e-09,2.43049e-09,1.7424e-10,2.4964000000000003e-10,2.57049e-09
7050,0.003057,2.106e-09,2.43049e-09,1.7424e-10,2.4964000000000003e-10,2.57049e-09
7060,0.003056,2.105e-09,2.4206400000000004e-09,1.7161e-10,2.4964000000000003e-10,2.57049e-09
7070,0.003054,2.104e-09,2.4206400000000004e-09,1.7161e-10,2.4964000000000003e-10,2.57049e-09
7080,0.003053,2.102e-09,2.4206400000000004e-09,1.7161e-10,2.4964000000000003e-10,2.5603599999999996e-09
7090,0.003052,2.101e-09,2.4206400000000004e-09,1.7161e-10,2.4964000000000003e-10,2.5603599999999996e-09
7100,0.003051,2.099e-09,2.4206400000000004e-09,1.7161e-10,2.4964000000000003e-10,2.5603599999999996e-09
7110,0.003049,2.098e-09,2.4206400000000004e-09,1.7161e-10,2.4964000000000003e-10,2.5603599999999996e-09
7120,0.003048,2.096e-09,2.4108100000000003e-09,1.7161e-10,2.4964000000000003e-10,2.5603599999999996e-09
7130,0.003047,2.095e-09,2.4108100000000003e-09,1.7161e-10,2.4964000000000003e-10,2.55025e-09
7140,0.003046,2.093e-09,2.4108100000000003e-09,1.7161e-10,2.4964000000000003e-10,2.55025e-09
7150,0.003045,2.092e-09,2.4108100000000003e-09,1.7161e-10,2.4964000000000003e-10,2.55025e-09
7160,0.003043,2.09e-09,2.4108100000000003e-09,1.7161e-10,2.4964000000000003e-10,2.55025e-09
7170,0.003042,2.089e-09,2.4108100000000003e-09,1.7161e-10,2.4964000000000003e-10,2.55025e-09
7180,0.003041,2.088e-09,2.401e-09,1.7161e-10,2.4964000000000003e-10,2.54016e-09
7190,0.00304,2.086e-09,2.401e-09,1.7161e-10,2.4964000000000003e-10,2.54016e-09
7200,0.003039,2.085e-09,2.401e-09,1.7161e-10,2.4964000000000003e-10,2.54016e-09
7210,0.003038,2.083e-09,2.401e-09,1.7161e-10,2.4964000000000003e-10,2.54016e-09
7220,0.003036,2.082e-09,2.401e-09,1.7161e-10,2.4964000000000003e-10,2.54016e-09
7230,0.003035,2.081e-09,2.401e-09,1.7161e-10,2.4964000000000003e-10,2.5300900000000003e-09
7240,0.003034,2.079e-09,2.3912100000000005e-09,1.6899999999999999e-10,2.4964000000000003e-10,2.5300900000000003e-09
7250,0.003033,2.078e-09,2.3912100000000005e-09,1.6899999999999999e-10,2.4964000000000003e-10,2.5300900000000003e-09
7260,0.003032,2.076e-09,2.3912100000000005e-09,1.6899999999999999e-10,2.4964000000000003e-10,2.5300900000000003e-09
7270,0.00303,2.075e-09,2.3912100000000005e-09,1.6899999999999999e-10,2.4964000000000003e-10,2.5300900000000003e-09
7280,0.003029,2.074e-09,2.3912100000000005e-09,1.6899999999999999e-10,2.4964000000000003e-10,2.5300900000000003e-09
7290,0.003028,2.072e-09,2.3912100000000005e-09,1.6899999999999999e-10,2.4964000000000003e-10,2.52004e-09
7300,0.003027,2.071e-09,2.38144e-09,1.6899999999999999e-10,2.4964000000000003e-10,2.52004e-09
7310,0.003026,2.069e-09,2.38144e-09,1.6899999999999999e-10,2.4964000000000003e-10,2.52004e-09
7320,0.003025,2.068e-09,2.38144e-09,1.6899999999999999e-10,2.4964000000000003e-10,2.52004e-09
7330,0.003023,2.067e-09,2.38144e-09,1.6899999999999999e-10,2.4964000000000003e-10,2.52004e-09
7340,0.003022,2.065e-09,2.38144e-09,1.6899999999999999e-10,2.4964000000000003e-10,2.5100099999999997e-09
7350,0.003021,2.064e-09,2.38144e-09,1.6899999999999999e-10,2.4964000000000003e-10,2.5100099999999997e-09
7360,0.00302,2.062e-09,2.3716899999999997e-09,1.6899999999999999e-10,2.4964000000000003e-10,2.5100099999999997e-09
7370,0.003019,2.061e-09,2.3716899999999997e-09,1.6899999999999999e-10,2.4964000000000003e-10,2.5100099999999997e-09
7380,0.003018,2.06e-09,2.3716899999999997e-09,1.6899999999999999e-10,2.4964000000000003e-10,2.5100099999999997e-09
7390,0.003017,2.058e-09,2.3716899999999997e-09,1.6899999999999999e-10,2.4964000000000003e-10,2.5e-09
7400,0.003015,2.057e-09,2.3716899999999997e-09,1.6899999999999999e-10,2.4964000000000003e-10,2.5e-09
7410,0.003014,2.056e-09,2.3716899999999997e-09,1.6899999999999999e-10,2.4964000000000003e-10,2.5e-09
7420,0.003013,2.054e-09,2.3716899999999997e-09,1.6899999999999999e-10,2.4964000000000003e-10,2.5e-09
7430,0.003012,2.053e-09,2.3619600000000004e-09,1.6641e-10,2.4964000000000003e-10,2.5e-09
7440,0.003011,2.052e-09,2.3619600000000004e-09,1.6641e-10,2.4964000000000003e-10,2.49001e-09
7450,0.00301,2.05e-09,2.3619600000000004e-09,1.6641e-10,2.4964000000000003e-10,2.49001e-09
7460,0.003009,2.049e-09,2.3619600000000004e-09,1.6641e-10,2.4964000000000003e-10,2.49001e-09
7470,0.003008,2.047e-09,2.3619600000000004e-09,1.6641e-10,2.4964000000000003e-10,2.49001e-09
7480,0.003006,2.046e-09,2.3619600000000004e-09,1.6641e-10,2.4964000000000003e-10,2.49001e-09
7490,0.003005,2.045e-09,2.35225e-09,1.6641e-10,2.4964000000000003e-10,2.49001e-09
7500,0.003004,2.043e-09,2.35225e-09,1.6641e-10,2.4964000000000003e-10,2.4800399999999996e-09
7510,0.003003,2.042e-09,2.35225e-09,1.6641e-10,2.4964000000000003e-10,2.4800399999999996e-09
7520,0.003002,2.041e-09,2.35225e-09,1.6641e-10,2.4964000000000003e-10,2.4800399999999996e-09
7530,0.003001,2.039e-09,2.35225e-09,1.6641e-10,2.4964000000000003e-10,2.4800399999999996e-09
7540,0.003,2.038e-09,2.35225e-09,1.6641e-10,2.4964000000000003e-10,2.4800399999999996e-09
7550,0.002999,2.037e-09,2.35225e-09,1.6641e-10,2.4964000000000003e-10,2.47009e-09
7560,0.002997,2.035e-09,2.34256e-09,1.6641e-10,2.4964000000000003e-10,2.47009e-09
7570,0.002996,2.034e-09,2.34256e-09,1.6641e-10,2.4648999999999994e-10,2.47009e-09
7580,0.002995,2.033e-09,2.34256e-09,1.6641e-10,2.4648999999999994e-10,2.47009e-09
7590,0.002994,2.032e-09,2.34256e-09,1.6641e-10,2.4648999999999994e-10,2.47009e-09
7600,0.002993,2.03e-09,2.34256e-09,1.6641e-10,2.4648999999999994e-10,2.47009e-09
7610,0.002992,2.029e-09,2.34256e-09,1.6641e-10,2.4648999999999994e-10,2.46016e-09
7620,0.002991,2.028e-09,2.33289e-09,1.6383999999999997e-10,2.4648999999999994e-10,2.46016e-09
7630,0.00299,2.026e-09,2.33289e-09,1.6383999999999997e-10,2.4648999999999994e-10,2.46016e-09
7640,0.002989,2.025e-09,2.33289e-09,1.6383999999999997e-10,2.4648999999999994e-10,2.46016e-09
7650,0.002988,2.024e-09,2.33289e-09,1.6383999999999997e-10,2.4648999999999994e-10,2.46016e-09
7660,0.002987,2.022e-09,2.33289e-09,1.6383999999999997e-10,2.4648999999999994e-10,2.45025e-09
7670,0.002985,2.021e-09,2.33289e-09,1.6383999999999997e-10,2.4648999999999994e-10,2.45025e-09
7680,0.002984,2.02e-09,2.33289e-09,1.6383999999999997e-10,2.4648999999999994e-10,2.45025e-09
7690,0.002983,2.019e-09,2.32324e-09,1.6383999999999997e-10,2.4648999999999994e-10,2.45025e-09
7700,0.002982,2.017e-09,2.32324e-09,1.6383999999999997e-10,2.4648999999999994e-10,2.45025e-09
7710,0.002981,2.016e-09,2.32324e-09,1.6383999999999997e-10,2.4648999999999994e-10,2.45025e-09
7720,0.00298,2.015e-09,2.32324e-09,1.6383999999999997e-10,2.4648999999999994e-10,2.44036e-09
7730,0.002979,2.013e-09,2.32324e-09,1.6383999999999997e-10,2.4648999999999994e-10,2.44036e-09
7740,0.002978,2.012e-09,2.32324e-09,1.6383999999999997e-10,2.4648999999999994e-10,2.44036e-09
7750,0.002977,2.011e-09,2.32324e-09,1.6383999999999997e-10,2.4648999999999994e-10,2.44036e-09
7760,0.002976,2.01e-09,2.31361e-09,1.6383999999999997e-10,2.4648999999999994e-10,2.44036e-09
7770,0.002975,2.008e-09,2.31361e-09,1.6383999999999997e-10,2.4648999999999994e-10,2.43049e-09
7780,0.002974,2.007e-09,2.31361e-09,1.6383999999999997e-10,2.4648999999999994e-10,2.43049e-09
7790,0.002973,2.006e-09,2.31361e-09,1.6383999999999997e-10,2.4648999999999994e-10,2.43049e-09
7800,0.002972,2.005e-09,2.31361e-09,1.6383999999999997e-10,2.4648999999999994e-10,2.43049e-09
7810,0.002971,2.003e-09,2.31361e-09,1.6383999999999997e-10,2.4648999999999994e-10,2.43049e-09
7820,0.002969,2.002e-09,2.31361e-09,1.6129000000000002e-10,2.4648999999999994e-10,2.43049e-09
7830,0.002968,2.001e-09,2.3040000000000003e-09,1.6129000000000002e-10,2.4648999999999994e-10,2.4206400000000004e-09
7840,0.002967,2e-09,2.3040000000000003e-09,1.6129000000000002e-10,2.4648999999999994e-10,2.4206400000000004e-09
7850,0.002966,1.998e-09,2.3040000000000003e-09,1.6129000000000002e-10,2.4648999999999994e-10,2.4206400000000004e-09
7860,0.002965,1.997e-09,2.3040000000000003e-09,1.6129000000000002e-10,2.4648999999999994e-10,2.4206400000000004e-09
7870,0.002964,1.996e-09,2.3040000000000003e-09,1.6129000000000002e-10,2.4648999999999994e-10,2.4206400000000004e-09
7880,0.002963,1.995e-09,2.3040000000000003e-09,1.6129000000000002e-10,2.4648999999999994e-10,2.4108100000000003e-09
7890,0.002962,1.993e-09,2.2944099999999997e-09,1.6129000000000002e-10,2.4648999999999994e-10,2.4108100000000003e-09
7900,0.002961,1.992e-09,2.2944099999999997e-09,1.6129000000000002e-10,2.4648999999999994e-10,2.4108100000000003e-09
7910,0.00296,1.991e-09,2.2944099999999997e-09,1.6129000000000002e-10,2.4648999999999994e-10,2.4108100000000003e-09
7920,0.002959,1.99e-09,2.2944099999999997e-09,1.6129000000000002e-10,2.4648999999999994e-10,2.4108100000000003e-09
7930,0.002958,1.988e-09,2.2944099999999997e-09,1.6129000000000002e-10,2.4648999999999994e-10,2.4108100000000003e-09
7940,0.002957,1.987e-09,2.2944099999999997e-09,1.6129000000000002e-10,2.4648999999999994e-10,2.401e-09
7950,0.002956,1.986e-09,2.2944099999999997e-09,1.6129000000000002e-10,2.4648999999999994e-10,2.401e-09
7960,0.002955,1.985e-09,2.28484e-09,1.6129000000000002e-10,2.4648999999999994e-10,2.401e-09
7970,0.002954,1.984e-09,2.28484e-09,1.6129000000000002e-10,2.4648999999999994e-10,2.401e-09
7980,0.002953,1.982e-09,2.28484e-09,1.6129000000000002e-10,2.4648999999999994e-10,2.401e-09
7990,0.002952,1.981e-09,2.28484e-09,1.6129000000000002e-10,2.4648999999999994e-10,2.401e-09
8000,0.002951,1.98e-09,2.28484e-09,1.6129000000000002e-10,2.4648999999999994e-10,2.3912100000000005e-09
8010,0.00295,1.979e-09,2.28484e-09,1.6129000000000002e-10,2.4648999999999994e-10,2.3912100000000005e-09
8020,0.002949,1.977e-09,2.28484e-09,1.6129000000000002e-10,2.4648999999999994e-10,2.3912100000000005e-09
8030,0.002948,1.976e-09,2.27529e-09,1.5876e-10,2.4648999999999994e-10,2.3912100000000005e-09
8040,0.002947,1.975e-09,2.27529e-09,1.5876e-10,2.4648999999999994e-10,2.3912100000000005e-09
8050,0.002946,1.974e-09,2.27529e-09,1.5876e-10,2.4648999999999994e-10,2.3912100000000005e-09
8060,0.002945,1.973e-09,2.27529e-09,1.5876e-10,2.4648999999999994e-10,2.38144e-09
8070,0.002944,1.971e-09,2.27529e-09,1.5876e-10,2.4648999999999994e-10,2.38144e-09
8080,0.002943,1.97e-09,2.27529e-09,1.5876e-10,2.4648999999999994e-10,2.38144e-09
8090,0.002942,1.969e-09,2.27529e-09,1.5876e-10,2.4648999999999994e-10,2.38144e-09
8100,0.002941,1.968e-09,2.27529e-09,1.5876e-10,2.4648999999999994e-10,2.38144e-09
8110,0.00294,1.967e-09,2.26576e-09,1.5876e-10,2.4648999999999994e-10,2.38144e-09
8120,0.002939,1.966e-09,2.26576e-09,1.5876e-10,2.4648999999999994e-10,2.3716899999999997e-09
8130,0.002938,1.964e-09,2.26576e-09,1.5876e-10,2.4648999999999994e-10,2.3716899999999997e-09
8140,0.002937,1.963e-09,2.26576e-09,1.5876e-10,2.4648999999999994e-10,2.3716899999999997e-09
8150,0.002936,1.962e-09,2.26576e-09,1.5876e-10,2.4648999999999994e-10,2.3716899999999997e-09
8160,0.002935,1.961e-09,2.26576e-09,1.5876e-10,2.4648999999999994e-10,2.3716899999999997e-09
8170,0.002934,1.96e-09,2.26576e-09,1.5876e-10,2.4336e-10,2.3716899999999997e-09
8180,0.002933,1.958e-09,2.2562500000000004e-09,1.5876e-10,2.4336e-10,2.3619600000000004e-09
8190,0.002932,1.957e-09,2.2562500000000004e-09,1.5876e-10,2.4336e-10,2.3619600000000004e-09
8200,0.002931,1.956e-09,2.2562500000000004e-09,1.5876e-10,2.4336e-10,2.3619600000000004e-09
8210,0.00293,1.955e-09,2.2562500000000004e-09,1.5876e-10,2.4336e-10,2.3619600000000004e-09
8220,0.002929,1.954e-09,2.2562500000000004e-09,1.5876e-10,2.4336e-10,2.3619600000000004e-09
8230,0.002928,1.953e-09,2.2562500000000004e-09,1.5876e-10,2.4336e-10,2.3619600000000004e-09
8240,0.002927,1.951e-09,2.2562500000000004e-09,1.5876e-10,2.4336e-10,2.35225e-09
8250,0.002926,1.95e-09,2.2467600000000002e-09,1.5625e-10,2.4336e-10,2.35225e-09
8260,0.002925,1.949e-09,2.2467600000000002e-09,1.5625e-10,2.4336e-10,2.35225e-09
8270,0.002924,1.948e-09,2.2467600000000002e-09,1.5625e-10,2.4336e-10,2.35225e-09
8280,0.002923,1.947e-09,2.2467600000000002e-09,1.5625e-10,2.4336e-10,2.35225e-09
8290,0.002922,1.946e-09,2.2467600000000002e-09,1.5625e-10,2.4336e-10,2.35225e-09
8300,0.002921,1.945e-09,2.2467600000000002e-09,1.5625e-10,2.4336e-10,2.34256e-09
8310,0.00292,1.943e-09,2.2467600000000002e-09,1.5625e-10,2.4336e-10,2.34256e-09
8320,0.002919,1.942e-09,2.23729e-09,1.5625e-10,2.4336e-10,2.34256e-09
8330,0.002918,1.941e-09,2.23729e-09,1.5625e-10,2.4336e-10,2.34256e-09
8340,0.002917,1.94e-09,2.23729e-09,1.5625e-10,2.4336e-10,2.34256e-09
8350,0.002917,1.939e-09,2.23729e-09,1.5625e-10,2.4336e-10,2.34256e-09
8360,0.002916,1.938e-09,2.23729e-09,1.5625e-10,2.4336e-10,2.33289e-09
8370,0.002915,1.937e-09,2.23729e-09,1.5625e-10,2.4336e-10,2.33289e-09
8380,0.002914,1.935e-09,2.23729e-09,1.5625e-10,2.4336e-10,2.33289e-09
8390,0.002913,1.934e-09,2.23729e-09,1.5625e-10,2.4336e-10,2.33289e-09
8400,0.002912,1.933e-09,2.22784e-09,1.5625e-10,2.4336e-10,2.33289e-09
8410,0.002911,1.932e-09,2.22784e-09,1.5625e-10,2.4336e-10,2.33289e-09
8420,0.00291,1.931e-09,2.22784e-09,1.5625e-10,2.4336e-10,2.32324e-09
8430,0.002909,1.93e-09,2.22784e-09,1.5625e-10,2.4336e-10,2.32324e-09
8440,0.002908,1.929e-09,2.22784e-09,1.5625e-10,2.4336e-10,2.32324e-09
8450,0.002907,1.928e-09,2.22784e-09,1.5625e-10,2.4336e-10,2.32324e-09
8460,0.002906,1.927e-09,2.22784e-09,1.5625e-10,2.4336e-10,2.32324e-09
8470,0.002905,1.925e-09,2.21841e-09,1.5625e-10,2.4336e-10,2.32324e-09
8480,0.002904,1.924e-09,2.21841e-09,1.5376e-10,2.4336e-10,2.31361e-09
8490,0.002903,1.923e-09,2.21841e-09,1.5376e-10,2.4336e-10,2.31361e-09
8500,0.002902,1.922e-09,2.21841e-09,1.5376e-10,2.4336e-10,2.31361e-09
8510,0.002902,1.921e-09,2.21841e-09,1.5376e-10,2.4336e-10,2.31361e-09
8520,0.002901,1.92e-09,2.21841e-09,1.5376e-10,2.4336e-10,2.31361e-09
8530,0.0029,1.919e-09,2.21841e-09,1.5376e-10,2.4336e-10,2.31361e-09
8540,0.002899,1.918e-09,2.21841e-09,1.5376e-10,2.4336e-10,2.3040000000000003e-09
8550,0.002898,1.917e-09,2.2089999999999997e-09,1.5376e-10,2.4336e-10,2.3040000000000003e-09
8560,0.002897,1.915e-09,2.2089999999999997e-09,1.5376e-10,2.4336e-10,2.3040000000000003e-09
8570,0.002896,1.914e-09,2.2089999999999997e-09,1.5376e-10,2.4336e-10,2.3040000000000003e-09
8580,0.002895,1.913e-09,2.2089999999999997e-09,1.5376e-10,2.4336e-10,2.3040000000000003e-09
8590,0.002894,1.912e-09,2.2089999999999997e-09,1.5376e-10,2.4336e-10,2.3040000000000003e-09
8600,0.002893,1.911e-09,2.2089999999999997e-09,1.5376e-10,2.4336e-10,2.3040000000000003e-09
8610,0.002892,1.91e-09,2.2089999999999997e-09,1.5376e-10,2.4336e-10,2.2944099999999997e-09
8620,0.002892,1.909e-09,2.2089999999999997e-09,1.5376e-10,2.4336e-10,2.2944099999999997e-09
8630,0.002891,1.908e-09,2.19961e-09,1.5376e-10,2.4336e-10,2.2944099999999997e-09
8640,0.00289,1.907e-09,2.19961e-09,1.5376e-10,2.4336e-10,2.2944099999999997e-09
8650,0.002889,1.906e-09,2.19961e-09,1.5376e-10,2.4336e-10,2.2944099999999997e-09
8660,0.002888,1.905e-09,2.19961e-09,1.5376e-10,2.4336e-10,2.2944099999999997e-09
8670,0.002887,1.904e-09,2.19961e-09,1.5376e-10,2.4336e-10,2.28484e-09
8680,0.002886,1.903e-09,2.19961e-09,1.5376e-10,2.4336e-10,2.28484e-09
8690,0.002885,1.901e-09,2.19961e-09,1.5376e-10,2.4336e-10,2.28484e-09
8700,0.002884,1.9e-09,2.19961e-09,1.5376e-10,2.4336e-10,2.28484e-09
8710,0.002883,1.899e-09,2.19024e-09,1.5376e-10,2.4336e-10,2.28484e-09
8720,0.002883,1.898e-09,2.19024e-09,1.5129000000000003e-10,2.4336e-10,2.28484e-09
8730,0.002882,1.897e-09,2.19024e-09,1.5129000000000003e-10,2.4336e-10,2.27529e-09
8740,0.002881,1.896e-09,2.19024e-09,1.5129000000000003e-10,2.4336e-10,2.27529e-09
8750,0.00288,1.895e-09,2.19024e-09,1.5129000000000003e-10,2.4336e-10,2.27529e-09
8760,0.002879,1.894e-09,2.19024e-09,1.5129000000000003e-10,2.4336e-10,2.27529e-09
8770,0.002878,1.893e-09,2.19024e-09,1.5129000000000003e-10,2.4336e-10,2.27529e-09
8780,0.002877,1.892e-09,2.18089e-09,1.5129000000000003e-10,2.4336e-10,2.27529e-09
8790,0.002876,1.891e-09,2.18089e-09,1.5129000000000003e-10,2.4336e-10,2.27529e-09
8800,0.002875,1.89e-09,2.18089e-09,1.5129000000000003e-10,2.4336e-10,2.26576e-09
8810,0.002875,1.889e-09,2.18089e-09,1.5129000000000003e-10,2.4336e-10,2.26576e-09
8820,0.002874,1.888e-09,2.18089e-09,1.5129000000000003e-10,2.4336e-10,2.26576e-09
8830,0.002873,1.887e-09,2.18089e-09,1.5129000000000003e-10,2.4336e-10,2.26576e-09
8840,0.002872,1.886e-09,2.18089e-09,1.5129000000000003e-10,2.4336e-10,2.26576e-09
8850,0.002871,1.885e-09,2.18089e-09,1.5129000000000003e-10,2.4025e-10,2.26576e-09
8860,0.00287,1.884e-09,2.1715600000000003e-09,1.5129000000000003e-10,2.4025e-10,2.26576e-09
8870,0.002869,1.882e-09,2.1715600000000003e-09,1.5129000000000003e-10,2.4025e-10,2.2562500000000004e-09
8880,0.002868,1.881e-09,2.1715600000000003e-09,1.5129000000000003e-10,2.4025e-10,2.2562500000000004e-09
8890,0.002868,1.88e-09,2.1715600000000003e-09,1.5129000000000003e-10,2.4025e-10,2.2562500000000004e-09
8900,0.002867,1.879e-09,2.1715600000000003e-09,1.5129000000000003e-10,2.4025e-10,2.2562500000000004e-09
8910,0.002866,1.878e-09,2.1715600000000003e-09,1.5129000000000003e-10,2.4025e-10,2.2562500000000004e-09
8920,0.002865,1.877e-09,2.1715600000000003e-09,1.5129000000000003e-10,2.4025e-10,2.2562500000000004e-09
8930,0.002864,1.876e-09,2.1715600000000003e-09,1.5129000000000003e-10,2.4025e-10,2.2467600000000002e-09
8940,0.002863,1.875e-09,2.16225e-09,1.5129000000000003e-10,2.4025e-10,2.2467600000000002e-09
8950,0.002862,1.874e-09,2.16225e-09,1.5129000000000003e-10,2.4025e-10,2.2467600000000002e-09
8960,0.002862,1.873e-09,2.16225e-09,1.5129000000000003e-10,2.4025e-10,2.2467600000000002e-09
8970,0.002861,1.872e-09,2.16225e-09,1.4884e-10,2.4025e-10,2.2467600000000002e-09
8980,0.00286,1.871e-09,2.16225e-09,1.4884e-10,2.4025e-10,2.2467600000000002e-09
8990,0.002859,1.87e-09,2.16225e-09,1.4884e-10,2.4025e-10,2.2467600000000002e-09
9000,0.002858,1.869e-09,2.16225e-09,1.4884e-10,2.4025e-10,2.23729e-09
9010,0.002857,1.868e-09,2.16225e-09,1.4884e-10,2.4025e-10,2.23729e-09
9020,0.002857,1.867e-09,2.16225e-09,1.4884e-10,2.4025e-10,2.23729e-09
9030,0.002856,1.866e-09,2.1529600000000004e-09,1.4884e-10,2.4025e-10,2.23729e-09
9040,0.002855,1.865e-09,2.1529600000000004e-09,1.4884e-10,2.4025e-10,2.23729e-09
9050,0.002854,1.864e-09,2.1529600000000004e-09,1.4884e-10,2.4025e-10,2.23729e-09
9060,0.002853,1.863e-09,2.1529600000000004e-09,1.4884e-10,2.4025e-10,2.23729e-09
9070,0.002852,1.862e-09,2.1529600000000004e-09,1.4884e-10,2.4025e-10,2.22784e-09
9080,0.002851,1.861e-09,2.1529600000000004e-09,1.4884e-10,2.4025e-10,2.22784e-09
9090,0.002851,1.86e-09,2.1529600000000004e-09,1.4884e-10,2.4025e-10,2.22784e-09
9100,0.00285,1.859e-09,2.1529600000000004e-09,1.4884e-10,2.4025e-10,2.22784e-09
9110,0.002849,1.858e-09,2.14369e-09,1.4884e-10,2.4025e-10,2.22784e-09
9120,0.002848,1.857e-09,2.14369e-09,1.4884e-10,2.4025e-10,2.22784e-09
9130,0.002847,1.856e-09,2.14369e-09,1.4884e-10,2.4025e-10,2.21841e-09
9140,0.002847,1.855e-09,2.14369e-09,1.4884e-10,2.4025e-10,2.21841e-09
9150,0.002846,1.854e-09,2.14369e-09,1.4884e-10,2.4025e-10,2.21841e-09
9160,0.002845,1.853e-09,2.14369e-09,1.4884e-10,2.4025e-10,2.21841e-09
9170,0.002844,1.852e-09,2.14369e-09,1.4884e-10,2.4025e-10,2.21841e-09
9180,0.002843,1.851e-09,2.14369e-09,1.4884e-10,2.4025e-10,2.21841e-09
9190,0.002842,1.85e-09,2.13444e-09,1.4884e-10,2.4025e-10,2.21841e-09
9200,0.002842,1.849e-09,2.13444e-09,1.4884e-10,2.4025e-10,2.2089999999999997e-09
9210,0.002841,1.848e-09,2.13444e-09,1.4884e-10,2.4025e-10,2.2089999999999997e-09
9220,0.00284,1.847e-09,2.13444e-09,1.4884e-10,2.4025e-10,2.2089999999999997e-09
9230,0.002839,1.846e-09,2.13444e-09,1.4641e-10,2.4025e-10,2.2089999999999997e-09
9240,0.002838,1.845e-09,2.13444e-09,1.4641e-10,2.4025e-10,2.2089999999999997e-09
9250,0.002838,1.844e-09,2.13444e-09,1.4641e-10,2.4025e-10,2.2089999999999997e-09
9260,0.002837,1.843e-09,2.13444e-09,1.4641e-10,2.4025e-10,2.2089999999999997e-09
9270,0.002836,1.842e-09,2.13444e-09,1.4641e-10,2.4025e-10,2.19961e-09
9280,0.002835,1.841e-09,2.1252100000000004e-09,1.4641e-10,2.4025e-10,2.19961e-09
9290,0.002834,1.84e-09,2.1252100000000004e-09,1.4641e-10,2.4025e-10,2.19961e-09
9300,0.002833,1.839e-09,2.1252100000000004e-09,1.4641e-10,2.4025e-10,2.19961e-09
9310,0.002833,1.838e-09,2.1252100000000004e-09,1.4641e-10,2.4025e-10,2.19961e-09
9320,0.002832,1.838e-09,2.1252100000000004e-09,1.4641e-10,2.4025e-10,2.19961e-09
9330,0.002831,1.837e-09,2.1252100000000004e-09,1.4641e-10,2.4025e-10,2.19961e-09
9340,0.00283,1.836e-09,2.1252100000000004e-09,1.4641e-10,2.4025e-10,2.19024e-09
9350,0.002829,1.835e-09,2.1252100000000004e-09,1.4641e-10,2.4025e-10,2.19024e-09
9360,0.002829,1.834e-09,2.116e-09,1.4641e-10,2.4025e-10,2.19024e-09
9370,0.002828,1.833e-09,2.116e-09,1.4641e-10,2.4025e-10,2.19024e-09
9380,0.002827,1.832e-09,2.116e-09,1.4641e-10,2.4025e-10,2.19024e-09
9390,0.002826,1.831e-09,2.116e-09,1.4641e-10,2.4025e-10,2.19024e-09
9400,0.002825,1.83e-09,2.116e-09,1.4641e-10,2.4025e-10,2.19024e-09
9410,0.002825,1.829e-09,2.116e-09,1.4641e-10,2.4025e-10,2.18089e-09
9420,0.002824,1.828e-09,2.116e-09,1.4641e-10,2.4025e-10,2.18089e-09
9430,0.002823,1.827e-09,2.116e-09,1.4641e-10,2.4025e-10,2.18089e-09
9440,0.002822,1.826e-09,2.116e-09,1.4641e-10,2.4025e-10,2.18089e-09
9450,0.002822,1.825e-09,2.1068099999999997e-09,1.4641e-10,2.4025e-10,2.18089e-09
9460,0.002821,1.824e-09,2.1068099999999997e-09,1.4641e-10,2.4025e-10,2.18089e-09
9470,0.00282,1.823e-09,2.1068099999999997e-09,1.4641e-10,2.4025e-10,2.18089e-09
9480,0.002819,1.822e-09,2.1068099999999997e-09,1.4641e-10,2.4025e-10,2.1715600000000003e-09
9490,0.002818,1.821e-09,2.1068099999999997e-09,1.4641e-10,2.4025e-10,2.1715600000000003e-09
9500,0.002818,1.82e-09,2.1068099999999997e-09,1.4400000000000002e-10,2.4025e-10,2.1715600000000003e-09
9510,0.002817,1.819e-09,2.1068099999999997e-09,1.4400000000000002e-10,2.4025e-10,2.1715600000000003e-09
9520,0.002816,1.819e-09,2.1068099999999997e-09,1.4400000000000002e-10,2.4025e-10,2.1715600000000003e-09
9530,0.002815,1.818e-09,2.1068099999999997e-09,1.4400000000000002e-10,2.4025e-10,2.1715600000000003e-09
9540,0.002815,1.817e-09,2.0976400000000002e-09,1.4400000000000002e-10,2.4025e-10,2.1715600000000003e-09
9550,0.002814,1.816e-09,2.0976400000000002e-09,1.4400000000000002e-10,2.4025e-10,2.1715600000000003e-09
9560,0.002813,1.815e-09,2.0976400000000002e-09,1.4400000000000002e-10,2.4025e-10,2.16225e-09
9570,0.002812,1.814e-09,2.0976400000000002e-09,1.4400000000000002e-10,2.4025e-10,2.16225e-09
9580,0.002811,1.813e-09,2.0976400000000002e-09,1.4400000000000002e-10,2.4025e-10,2.16225e-09
9590,0.002811,1.812e-09,2.0976400000000002e-09,1.4400000000000002e-10,2.4025e-10,2.16225e-09
9600,0.00281,1.811e-09,2.0976400000000002e-09,1.4400000000000002e-10,2.4025e-10,2.16225e-09
9610,0.002809,1.81e-09,2.0976400000000002e-09,1.4400000000000002e-10,2.3716000000000004e-10,2.16225e-09
9620,0.002808,1.809e-09,2.08849e-09,1.4400000000000002e-10,2.3716000000000004e-10,2.16225e-09
9630,0.002808,1.808e-09,2.08849e-09,1.4400000000000002e-10,2.3716000000000004e-10,2.1529600000000004e-09
9640,0.002807,1.807e-09,2.08849e-09,1.4400000000000002e-10,2.3716000000000004e-10,2.1529600000000004e-09
9650,0.002806,1.807e-09,2.08849e-09,1.4400000000000002e-10,2.3716000000000004e-10,2.1529600000000004e-09
9660,0.002805,1.806e-09,2.08849e-09,1.4400000000000002e-10,2.3716000000000004e-10,2.1529600000000004e-09
9670,0.002805,1.805e-09,2.08849e-09,1.4400000000000002e-10,2.3716000000000004e-10,2.1529600000000004e-09
9680,0.002804,1.804e-09,2.08849e-09,1.4400000000000002e-10,2.3716000000000004e-10,2.1529600000000004e-09
9690,0.002803,1.803e-09,2.08849e-09,1.4400000000000002e-10,2.3716000000000004e-10,2.1529600000000004e-09
9700,0.002802,1.802e-09,2.08849e-09,1.4400000000000002e-10,2.3716000000000004e-10,2.14369e-09
9710,0.002802,1.801e-09,2.0793599999999997e-09,1.4400000000000002e-10,2.3716000000000004e-10,2.14369e-09
9720,0.002801,1.8e-09,2.0793599999999997e-09,1.4400000000000002e-10,2.3716000000000004e-10,2.14369e-09
9730,0.0028,1.799e-09,2.0793599999999997e-09,1.4400000000000002e-10,2.3716000000000004e-10,2.14369e-09
9740,0.002799,1.798e-09,2.0793599999999997e-09,1.4400000000000002e-10,2.3716000000000004e-10,2.14369e-09
9750,0.002799,1.797e-09,2.0793599999999997e-09,1.4400000000000002e-10,2.3716000000000004e-10,2.14369e-09
9760,0.002798,1.797e-09,2.0793599999999997e-09,1.4400000000000002e-10,2.3716000000000004e-10,2.14369e-09
9770,0.002797,1.796e-09,2.0793599999999997e-09,1.4400000000000002e-10,2.3716000000000004e-10,2.14369e-09
9780,0.002796,1.795e-09,2.0793599999999997e-09,1.4400000000000002e-10,2.3716000000000004e-10,2.13444e-09
9790,0.002796,1.794e-09,2.0793599999999997e-09,1.4161e-10,2.3716000000000004e-10,2.13444e-09
9800,0.002795,1.793e-09,2.07025e-09,1.4161e-10,2.3716000000000004e-10,2.13444e-09
9810,0.002794,1.792e-09,2.07025e-09,1.4161e-10,2.3716000000000004e-10,2.13444e-09
9820,0.002793,1.791e-09,2.07025e-09,1.4161e-10,2.3716000000000004e-10,2.13444e-09
9830,0.002793,1.79e-09,2.07025e-09,1.4161e-10,2.3716000000000004e-10,2.13444e-09
9840,0.002792,1.789e-09,2.07025e-09,1.4161e-10,2.3716000000000004e-10,2.13444e-09
9850,0.002791,1.789e-09,2.07025e-09,1.4161e-10,2.3716000000000004e-10,2.1252100000000004e-09
9860,0.00279,1.788e-09,2.07025e-09,1.4161e-10,2.3716000000000004e-10,2.1252100000000004e-09
9870,0.00279,1.787e-09,2.07025e-09,1.4161e-10,2.3716000000000004e-10,2.1252100000000004e-09
9880,0.002789,1.786e-09,2.07025e-09,1.4161e-10,2.3716000000000004e-10,2.1252100000000004e-09
9890,0.002788,1.785e-09,2.06116e-09,1.4161e-10,2.3716000000000004e-10,2.1252100000000004e-09
9900,0.002787,1.784e-09,2.06116e-09,1.4161e-10,2.3716000000000004e-10,2.1252100000000004e-09
9910,0.002787,1.783e-09,2.06116e-09,1.4161e-10,2.3716000000000004e-10,2.1252100000000004e-09
9920,0.002786,1.782e-09,2.06116e-09,1.4161e-10,2.3716000000000004e-10,2.1252100000000004e-09
9930,0.002785,1.781e-09,2.06116e-09,1.4161e-10,2.3716000000000004e-10,2.116e-09
9940,0.002785,1.781e-09,2.06116e-09,1.4161e-10,2.3716000000000004e-10,2.116e-09
9950,0.002784,1.78e-09,2.06116e-09,1.4161e-10,2.3716000000000004e-10,2.116e-09
9960,0.002783,1.779e-09,2.06116e-09,1.4161e-10,2.3716000000000004e-10,2.116e-09
9970,0.002782,1.778e-09,2.06116e-09,1.4161e-10,2.3716000000000004e-10,2.116e-09
9980,0.002782,1.777e-09,2.06116e-09,1.4161e-10,2.3716000000000004e-10,2.116e-09
9990,0.002781,1.776e-09,2.0520900000000005e-09,1.4161e-10,2.3716000000000004e-10,2.116e-09
10000,0.00278,1.775e-09,2.0520900000000005e-09,1.4161e-10,2.3716000000000004e-10,2.1068099999999997e-09
