iter,obj_s,pde_obj_mse,feas_true,obj_for_plot,source
10,nan,0.2999,nan,0.2999,PDE_obj_MSE
20,nan,0.2999,nan,0.2999,PDE_obj_MSE
30,nan,0.2999,nan,0.2999,PDE_obj_MSE
40,nan,0.2999,nan,0.2999,PDE_obj_MSE
50,nan,0.2999,nan,0.2999,PDE_obj_MSE
60,nan,0.2999,nan,0.2999,PDE_obj_MSE
70,nan,0.2999,nan,0.2999,PDE_obj_MSE
80,nan,0.2999,nan,0.2999,PDE_obj_MSE
90,nan,0.2999,nan,0.2999,PDE_obj_MSE
100,nan,0.2999,nan,0.2999,PDE_obj_MSE
110,nan,0.2999,nan,0.2999,PDE_obj_MSE
120,nan,0.2999,nan,0.2999,PDE_obj_MSE
130,nan,0.2999,nan,0.2999,PDE_obj_MSE
140,nan,0.2999,nan,0.2999,PDE_obj_MSE
150,nan,0.2999,nan,0.2999,PDE_obj_MSE
160,nan,0.2999,nan,0.2999,PDE_obj_MSE
170,nan,0.2999,nan,0.2999,PDE_obj_MSE
180,nan,0.2999,nan,0.2999,PDE_obj_MSE
190,nan,0.2999,nan,0.2999,PDE_obj_MSE
200,nan,0.2999,nan,0.2999,PDE_obj_MSE
210,nan,0.2999,nan,0.2999,PDE_obj_MSE
220,nan,0.2999,nan,0.2999,PDE_obj_MSE
230,nan,0.2999,nan,0.2999,PDE_obj_MSE
240,nan,0.2999,nan,0.2999,PDE_obj_MSE
250,nan,0.2999,nan,0.2999,PDE_obj_MSE
260,nan,0.2999,nan,0.2999,PDE_obj_MSE
270,nan,0.2999,nan,0.2999,PDE_obj_MSE
280,nan,0.2999,nan,0.2999,PDE_obj_MSE
290,nan,0.2999,nan,0.2999,PDE_obj_MSE
300,nan,0.2999,nan,0.2999,PDE_obj_MSE
310,nan,0.2999,nan,0.2999,PDE_obj_MSE
320,nan,0.2999,nan,0.2999,PDE_obj_MSE
330,nan,0.2999,nan,0.2999,PDE_obj_MSE
340,nan,0.2999,nan,0.2999,PDE_obj_MSE
350,nan,0.2999,nan,0.2999,PDE_obj_MSE
360,nan,0.2999,nan,0.2999,PDE_obj_MSE
370,nan,0.2999,nan,0.2999,PDE_obj_MSE
380,nan,0.2999,nan,0.2999,PDE_obj_MSE
390,nan,0.2999,nan,0.2999,PDE_obj_MSE
400,nan,0.2999,nan,0.2999,PDE_obj_MSE
410,nan,0.2999,nan,0.2999,PDE_obj_MSE
420,nan,0.2999,nan,0.2999,PDE_obj_MSE
430,nan,0.2999,nan,0.2999,PDE_obj_MSE
440,nan,0.2999,nan,0.2999,PDE_obj_MSE
450,nan,0.2999,nan,0.2999,PDE_obj_MSE
460,nan,0.2999,nan,0.2999,PDE_obj_MSE
470,nan,0.2999,nan,0.2999,PDE_obj_MSE
480,nan,0.2999,nan,0.2999,PDE_obj_MSE
490,nan,0.2999,nan,0.2999,PDE_obj_MSE
500,nan,0.2999,nan,0.2999,PDE_obj_MSE
510,nan,0.2999,nan,0.2999,PDE_obj_MSE
520,nan,0.2999,nan,0.2999,PDE_obj_MSE
530,nan,0.2999,nan,0.2999,PDE_obj_MSE
540,nan,0.2999,nan,0.2999,PDE_obj_MSE
550,nan,0.2999,nan,0.2999,PDE_obj_MSE
560,nan,0.2999,nan,0.2999,PDE_obj_MSE
570,nan,0.2999,nan,0.2999,PDE_obj_MSE
580,nan,0.2999,nan,0.2999,PDE_obj_MSE
590,nan,0.2999,nan,0.2999,PDE_obj_MSE
600,nan,0.2999,nan,0.2999,PDE_obj_MSE
610,nan,0.2999,nan,0.2999,PDE_obj_MSE
620,nan,0.2999,nan,0.2999,PDE_obj_MSE
630,nan,0.2999,nan,0.2999,PDE_obj_MSE
640,nan,0.2999,nan,0.2999,PDE_obj_MSE
650,nan,0.2999,nan,0.2999,PDE_obj_MSE
660,nan,0.2999,nan,0.2999,PDE_obj_MSE
670,nan,0.2999,nan,0.2999,PDE_obj_MSE
680,nan,0.2999,nan,0.2999,PDE_obj_MSE
690,nan,0.2999,nan,0.2999,PDE_obj_MSE
700,nan,0.2999,nan,0.2999,PDE_obj_MSE
710,nan,0.2999,nan,0.2999,PDE_obj_MSE
720,nan,0.2999,nan,0.2999,PDE_obj_MSE
730,nan,0.2999,nan,0.2999,PDE_obj_MSE
740,nan,0.2999,nan,0.2999,PDE_obj_MSE
750,nan,0.2999,nan,0.2999,PDE_obj_MSE
760,nan,0.2999,nan,0.2999,PDE_obj_MSE
770,nan,0.2999,nan,0.2999,PDE_obj_MSE
780,nan,0.2999,nan,0.2999,PDE_obj_MSE
790,nan,0.2999,nan,0.2999,PDE_obj_MSE
800,nan,0.2999,nan,0.2999,PDE_obj_MSE
810,nan,0.2999,nan,0.2999,PDE_obj_MSE
820,nan,0.2999,nan,0.2999,PDE_obj_MSE
830,nan,0.2999,nan,0.2999,PDE_obj_MSE
840,nan,0.2999,nan,0.2999,PDE_obj_MSE
850,nan,0.2999,nan,0.2999,PDE_obj_MSE
860,nan,0.2999,nan,0.2999,PDE_obj_MSE
870,nan,0.2999,nan,0.2999,PDE_obj_MSE
880,nan,0.2999,nan,0.2999,PDE_obj_MSE
890,nan,0.2999,nan,0.2999,PDE_obj_MSE
900,nan,0.2999,nan,0.2999,PDE_obj_MSE
910,nan,0.2999,nan,0.2999,PDE_obj_MSE
920,nan,0.2999,nan,0.2999,PDE_obj_MSE
930,nan,0.2999,nan,0.2999,PDE_obj_MSE
940,nan,0.2999,nan,0.2999,PDE_obj_MSE
950,nan,0.2999,nan,0.2999,PDE_obj_MSE
960,nan,0.2999,nan,0.2999,PDE_obj_MSE
970,nan,0.2999,nan,0.2999,PDE_obj_MSE
980,nan,0.2999,nan,0.2999,PDE_obj_MSE
990,nan,0.2999,nan,0.2999,PDE_obj_MSE
1000,nan,0.2999,nan,0.2999,PDE_obj_MSE
1010,nan,0.2999,nan,0.2999,PDE_obj_MSE
1020,nan,0.2999,nan,0.2999,PDE_obj_MSE
1030,nan,0.2999,nan,0.2999,PDE_obj_MSE
1040,nan,0.2999,nan,0.2999,PDE_obj_MSE
1050,nan,0.2999,nan,0.2999,PDE_obj_MSE
1060,nan,0.2999,nan,0.2999,PDE_obj_MSE
1070,nan,0.2999,nan,0.2999,PDE_obj_MSE
1080,nan,0.2999,nan,0.2999,PDE_obj_MSE
1090,nan,0.2999,nan,0.2999,PDE_obj_MSE
1100,nan,0.2999,nan,0.2999,PDE_obj_MSE
1110,nan,0.2999,nan,0.2999,PDE_obj_MSE
1120,nan,0.2999,nan,0.2999,PDE_obj_MSE
1130,nan,0.2999,nan,0.2999,PDE_obj_MSE
1140,nan,0.2999,nan,0.2999,PDE_obj_MSE
1150,nan,0.2999,nan,0.2999,PDE_obj_MSE
1160,nan,0.2999,nan,0.2999,PDE_obj_MSE
1170,nan,0.2999,nan,0.2999,PDE_obj_MSE
1180,nan,0.2999,nan,0.2999,PDE_obj_MSE
1190,nan,0.2999,nan,0.2999,PDE_obj_MSE
1200,nan,0.2999,nan,0.2999,PDE_obj_MSE
1210,nan,0.2999,nan,0.2999,PDE_obj_MSE
1220,nan,0.2999,nan,0.2999,PDE_obj_MSE
1230,nan,0.2999,nan,0.2999,PDE_obj_MSE
1240,nan,0.2999,nan,0.2999,PDE_obj_MSE
1250,nan,0.2999,nan,0.2999,PDE_obj_MSE
1260,nan,0.2999,nan,0.2999,PDE_obj_MSE
1270,nan,0.2999,nan,0.2999,PDE_obj_MSE
1280,nan,0.2999,nan,0.2999,PDE_obj_MSE
1290,nan,0.2999,nan,0.2999,PDE_obj_MSE
1300,nan,0.2999,nan,0.2999,PDE_obj_MSE
1310,nan,0.2999,nan,0.2999,PDE_obj_MSE
1320,nan,0.2999,nan,0.2999,PDE_obj_MSE
1330,nan,0.2999,nan,0.2999,PDE_obj_MSE
1340,nan,0.2999,nan,0.2999,PDE_obj_MSE
1350,nan,0.2999,nan,0.2999,PDE_obj_MSE
1360,nan,0.2999,nan,0.2999,PDE_obj_MSE
1370,nan,0.2999,nan,0.2999,PDE_obj_MSE
1380,nan,0.2999,nan,0.2999,PDE_obj_MSE
1390,nan,0.2999,nan,0.2999,PDE_obj_MSE
1400,nan,0.2999,nan,0.2999,PDE_obj_MSE
1410,nan,0.2999,nan,0.2999,PDE_obj_MSE
1420,nan,0.2999,nan,0.2999,PDE_obj_MSE
1430,nan,0.2999,nan,0.2999,PDE_obj_MSE
1440,nan,0.2999,nan,0.2999,PDE_obj_MSE
1450,nan,0.2999,nan,0.2999,PDE_obj_MSE
1460,nan,0.2999,nan,0.2999,PDE_obj_MSE
1470,nan,0.2999,nan,0.2999,PDE_obj_MSE
1480,nan,0.2999,nan,0.2999,PDE_obj_MSE
1490,nan,0.2999,nan,0.2999,PDE_obj_MSE
1500,nan,0.2999,nan,0.2999,PDE_obj_MSE
1510,nan,0.2999,nan,0.2999,PDE_obj_MSE
1520,nan,0.2999,nan,0.2999,PDE_obj_MSE
1530,nan,0.2999,nan,0.2999,PDE_obj_MSE
1540,nan,0.2999,nan,0.2999,PDE_obj_MSE
1550,nan,0.2999,nan,0.2999,PDE_obj_MSE
1560,nan,0.2999,nan,0.2999,PDE_obj_MSE
1570,nan,0.2999,nan,0.2999,PDE_obj_MSE
1580,nan,0.2999,nan,0.2999,PDE_obj_MSE
1590,nan,0.2999,nan,0.2999,PDE_obj_MSE
1600,nan,0.2999,nan,0.2999,PDE_obj_MSE
1610,nan,0.2999,nan,0.2999,PDE_obj_MSE
1620,nan,0.2999,nan,0.2999,PDE_obj_MSE
1630,nan,0.2999,nan,0.2999,PDE_obj_MSE
1640,nan,0.2999,nan,0.2999,PDE_obj_MSE
1650,nan,0.2999,nan,0.2999,PDE_obj_MSE
1660,nan,0.2999,nan,0.2999,PDE_obj_MSE
1670,nan,0.2999,nan,0.2999,PDE_obj_MSE
1680,nan,0.2999,nan,0.2999,PDE_obj_MSE
1690,nan,0.2999,nan,0.2999,PDE_obj_MSE
1700,nan,0.2999,nan,0.2999,PDE_obj_MSE
1710,nan,0.2999,nan,0.2999,PDE_obj_MSE
1720,nan,0.2999,nan,0.2999,PDE_obj_MSE
1730,nan,0.2999,nan,0.2999,PDE_obj_MSE
1740,nan,0.2999,nan,0.2999,PDE_obj_MSE
1750,nan,0.2999,nan,0.2999,PDE_obj_MSE
1760,nan,0.2999,nan,0.2999,PDE_obj_MSE
1770,nan,0.2999,nan,0.2999,PDE_obj_MSE
1780,nan,0.2999,nan,0.2999,PDE_obj_MSE
1790,nan,0.2999,nan,0.2999,PDE_obj_MSE
1800,nan,0.2999,nan,0.2999,PDE_obj_MSE
1810,nan,0.2999,nan,0.2999,PDE_obj_MSE
1820,nan,0.2999,nan,0.2999,PDE_obj_MSE
1830,nan,0.2999,nan,0.2999,PDE_obj_MSE
1840,nan,0.2999,nan,0.2999,PDE_obj_MSE
1850,nan,0.2999,nan,0.2999,PDE_obj_MSE
1860,nan,0.2999,nan,0.2999,PDE_obj_MSE
1870,nan,0.2999,nan,0.2999,PDE_obj_MSE
1880,nan,0.2999,nan,0.2999,PDE_obj_MSE
1890,nan,0.2999,nan,0.2999,PDE_obj_MSE
1900,nan,0.2999,nan,0.2999,PDE_obj_MSE
1910,nan,0.2999,nan,0.2999,PDE_obj_MSE
1920,nan,0.2999,nan,0.2999,PDE_obj_MSE
1930,nan,0.2999,nan,0.2999,PDE_obj_MSE
1940,nan,0.2999,nan,0.2999,PDE_obj_MSE
1950,nan,0.2999,nan,0.2999,PDE_obj_MSE
1960,nan,0.2999,nan,0.2999,PDE_obj_MSE
1970,nan,0.2999,nan,0.2999,PDE_obj_MSE
1980,nan,0.2999,nan,0.2999,PDE_obj_MSE
1990,nan,0.2999,nan,0.2999,PDE_obj_MSE
2000,nan,0.2999,nan,0.2999,PDE_obj_MSE
2010,nan,0.2999,nan,0.2999,PDE_obj_MSE
2020,nan,0.2999,nan,0.2999,PDE_obj_MSE
2030,nan,0.2999,nan,0.2999,PDE_obj_MSE
2040,nan,0.2999,nan,0.2999,PDE_obj_MSE
2050,nan,0.2999,nan,0.2999,PDE_obj_MSE
2060,nan,0.2999,nan,0.2999,PDE_obj_MSE
2070,nan,0.2999,nan,0.2999,PDE_obj_MSE
2080,nan,0.2999,nan,0.2999,PDE_obj_MSE
2090,nan,0.2999,nan,0.2999,PDE_obj_MSE
2100,nan,0.2999,nan,0.2999,PDE_obj_MSE
2110,nan,0.2999,nan,0.2999,PDE_obj_MSE
2120,nan,0.2999,nan,0.2999,PDE_obj_MSE
2130,nan,0.2999,nan,0.2999,PDE_obj_MSE
2140,nan,0.2999,nan,0.2999,PDE_obj_MSE
2150,nan,0.2999,nan,0.2999,PDE_obj_MSE
2160,nan,0.2999,nan,0.2999,PDE_obj_MSE
2170,nan,0.2999,nan,0.2999,PDE_obj_MSE
2180,nan,0.2999,nan,0.2999,PDE_obj_MSE
2190,nan,0.2999,nan,0.2999,PDE_obj_MSE
2200,nan,0.2999,nan,0.2999,PDE_obj_MSE
2210,nan,0.2999,nan,0.2999,PDE_obj_MSE
2220,nan,0.2999,nan,0.2999,PDE_obj_MSE
2230,nan,0.2999,nan,0.2999,PDE_obj_MSE
2240,nan,0.2999,nan,0.2999,PDE_obj_MSE
2250,nan,0.2999,nan,0.2999,PDE_obj_MSE
2260,nan,0.2999,nan,0.2999,PDE_obj_MSE
2270,nan,0.2999,nan,0.2999,PDE_obj_MSE
2280,nan,0.2999,nan,0.2999,PDE_obj_MSE
2290,nan,0.2999,nan,0.2999,PDE_obj_MSE
2300,nan,0.2999,nan,0.2999,PDE_obj_MSE
2310,nan,0.2999,nan,0.2999,PDE_obj_MSE
2320,nan,0.2999,nan,0.2999,PDE_obj_MSE
2330,nan,0.2999,nan,0.2999,PDE_obj_MSE
2340,nan,0.2999,nan,0.2999,PDE_obj_MSE
2350,nan,0.2999,nan,0.2999,PDE_obj_MSE
2360,nan,0.2999,nan,0.2999,PDE_obj_MSE
2370,nan,0.2999,nan,0.2999,PDE_obj_MSE
2380,nan,0.2999,nan,0.2999,PDE_obj_MSE
2390,nan,0.2999,nan,0.2999,PDE_obj_MSE
2400,nan,0.2999,nan,0.2999,PDE_obj_MSE
2410,nan,0.2999,nan,0.2999,PDE_obj_MSE
2420,nan,0.2999,nan,0.2999,PDE_obj_MSE
2430,nan,0.2999,nan,0.2999,PDE_obj_MSE
2440,nan,0.2999,nan,0.2999,PDE_obj_MSE
2450,nan,0.2999,nan,0.2999,PDE_obj_MSE
2460,nan,0.2999,nan,0.2999,PDE_obj_MSE
2470,nan,0.2999,nan,0.2999,PDE_obj_MSE
2480,nan,0.2999,nan,0.2999,PDE_obj_MSE
2490,nan,0.2999,nan,0.2999,PDE_obj_MSE
2500,nan,0.2999,nan,0.2999,PDE_obj_MSE
2510,nan,0.2999,nan,0.2999,PDE_obj_MSE
2520,nan,0.2999,nan,0.2999,PDE_obj_MSE
2530,nan,0.2999,nan,0.2999,PDE_obj_MSE
2540,nan,0.2999,nan,0.2999,PDE_obj_MSE
2550,nan,0.2999,nan,0.2999,PDE_obj_MSE
2560,nan,0.2999,nan,0.2999,PDE_obj_MSE
2570,nan,0.2999,nan,0.2999,PDE_obj_MSE
2580,nan,0.2999,nan,0.2999,PDE_obj_MSE
2590,nan,0.2999,nan,0.2999,PDE_obj_MSE
2600,nan,0.2999,nan,0.2999,PDE_obj_MSE
2610,nan,0.2999,nan,0.2999,PDE_obj_MSE
2620,nan,0.2999,nan,0.2999,PDE_obj_MSE
2630,nan,0.2999,nan,0.2999,PDE_obj_MSE
2640,nan,0.2999,nan,0.2999,PDE_obj_MSE
2650,nan,0.2999,nan,0.2999,PDE_obj_MSE
2660,nan,0.2999,nan,0.2999,PDE_obj_MSE
2670,nan,0.2999,nan,0.2999,PDE_obj_MSE
2680,nan,0.2999,nan,0.2999,PDE_obj_MSE
2690,nan,0.2999,nan,0.2999,PDE_obj_MSE
2700,nan,0.2999,nan,0.2999,PDE_obj_MSE
2710,nan,0.2999,nan,0.2999,PDE_obj_MSE
2720,nan,0.2999,nan,0.2999,PDE_obj_MSE
2730,nan,0.2999,nan,0.2999,PDE_obj_MSE
2740,nan,0.2999,nan,0.2999,PDE_obj_MSE
2750,nan,0.2999,nan,0.2999,PDE_obj_MSE
2760,nan,0.2999,nan,0.2999,PDE_obj_MSE
2770,nan,0.2999,nan,0.2999,PDE_obj_MSE
2780,nan,0.2999,nan,0.2999,PDE_obj_MSE
2790,nan,0.2999,nan,0.2999,PDE_obj_MSE
2800,nan,0.2999,nan,0.2999,PDE_obj_MSE
2810,nan,0.2999,nan,0.2999,PDE_obj_MSE
2820,nan,0.2999,nan,0.2999,PDE_obj_MSE
2830,nan,0.2999,nan,0.2999,PDE_obj_MSE
2840,nan,0.2999,nan,0.2999,PDE_obj_MSE
2850,nan,0.2999,nan,0.2999,PDE_obj_MSE
2860,nan,0.2999,nan,0.2999,PDE_obj_MSE
2870,nan,0.2999,nan,0.2999,PDE_obj_MSE
2880,nan,0.2999,nan,0.2999,PDE_obj_MSE
2890,nan,0.2999,nan,0.2999,PDE_obj_MSE
2900,nan,0.2999,nan,0.2999,PDE_obj_MSE
2910,nan,0.2999,nan,0.2999,PDE_obj_MSE
2920,nan,0.2999,nan,0.2999,PDE_obj_MSE
2930,nan,0.2999,nan,0.2999,PDE_obj_MSE
2940,nan,0.2999,nan,0.2999,PDE_obj_MSE
2950,nan,0.2999,nan,0.2999,PDE_obj_MSE
2960,nan,0.2999,nan,0.2999,PDE_obj_MSE
2970,nan,0.2999,nan,0.2999,PDE_obj_MSE
2980,nan,0.2999,nan,0.2999,PDE_obj_MSE
2990,nan,0.2999,nan,0.2999,PDE_obj_MSE
3000,nan,0.2999,nan,0.2999,PDE_obj_MSE
3010,nan,0.2999,nan,0.2999,PDE_obj_MSE
3020,nan,0.2999,nan,0.2999,PDE_obj_MSE
3030,nan,0.2999,nan,0.2999,PDE_obj_MSE
3040,nan,0.2999,nan,0.2999,PDE_obj_MSE
3050,nan,0.2999,nan,0.2999,PDE_obj_MSE
3060,nan,0.2999,nan,0.2999,PDE_obj_MSE
3070,nan,0.2999,nan,0.2999,PDE_obj_MSE
3080,nan,0.2999,nan,0.2999,PDE_obj_MSE
3090,nan,0.2999,nan,0.2999,PDE_obj_MSE
3100,nan,0.2999,nan,0.2999,PDE_obj_MSE
3110,nan,0.2999,nan,0.2999,PDE_obj_MSE
3120,nan,0.2999,nan,0.2999,PDE_obj_MSE
3130,nan,0.2999,nan,0.2999,PDE_obj_MSE
3140,nan,0.2999,nan,0.2999,PDE_obj_MSE
3150,nan,0.2999,nan,0.2999,PDE_obj_MSE
3160,nan,0.2999,nan,0.2999,PDE_obj_MSE
3170,nan,0.2999,nan,0.2999,PDE_obj_MSE
3180,nan,0.2999,nan,0.2999,PDE_obj_MSE
3190,nan,0.2999,nan,0.2999,PDE_obj_MSE
3200,nan,0.2999,nan,0.2999,PDE_obj_MSE
3210,nan,0.2999,nan,0.2999,PDE_obj_MSE
3220,nan,0.2999,nan,0.2999,PDE_obj_MSE
3230,nan,0.2999,nan,0.2999,PDE_obj_MSE
3240,nan,0.2999,nan,0.2999,PDE_obj_MSE
3250,nan,0.2999,nan,0.2999,PDE_obj_MSE
3260,nan,0.2999,nan,0.2999,PDE_obj_MSE
3270,nan,0.2999,nan,0.2999,PDE_obj_MSE
3280,nan,0.2999,nan,0.2999,PDE_obj_MSE
3290,nan,0.2999,nan,0.2999,PDE_obj_MSE
3300,nan,0.2999,nan,0.2999,PDE_obj_MSE
3310,nan,0.2999,nan,0.2999,PDE_obj_MSE
3320,nan,0.2999,nan,0.2999,PDE_obj_MSE
3330,nan,0.2999,nan,0.2999,PDE_obj_MSE
3340,nan,0.2999,nan,0.2999,PDE_obj_MSE
3350,nan,0.2999,nan,0.2999,PDE_obj_MSE
3360,nan,0.2999,nan,0.2999,PDE_obj_MSE
3370,nan,0.2999,nan,0.2999,PDE_obj_MSE
3380,nan,0.2999,nan,0.2999,PDE_obj_MSE
3390,nan,0.2999,nan,0.2999,PDE_obj_MSE
3400,nan,0.2999,nan,0.2999,PDE_obj_MSE
3410,nan,0.2999,nan,0.2999,PDE_obj_MSE
3420,nan,0.2999,nan,0.2999,PDE_obj_MSE
3430,nan,0.2999,nan,0.2999,PDE_obj_MSE
3440,nan,0.2999,nan,0.2999,PDE_obj_MSE
3450,nan,0.2999,nan,0.2999,PDE_obj_MSE
3460,nan,0.2999,nan,0.2999,PDE_obj_MSE
3470,nan,0.2999,nan,0.2999,PDE_obj_MSE
3480,nan,0.2999,nan,0.2999,PDE_obj_MSE
3490,nan,0.2999,nan,0.2999,PDE_obj_MSE
3500,nan,0.2999,nan,0.2999,PDE_obj_MSE
3510,nan,0.2999,nan,0.2999,PDE_obj_MSE
3520,nan,0.2999,nan,0.2999,PDE_obj_MSE
3530,nan,0.2999,nan,0.2999,PDE_obj_MSE
3540,nan,0.2999,nan,0.2999,PDE_obj_MSE
3550,nan,0.2999,nan,0.2999,PDE_obj_MSE
3560,nan,0.2999,nan,0.2999,PDE_obj_MSE
3570,nan,0.2999,nan,0.2999,PDE_obj_MSE
3580,nan,0.2999,nan,0.2999,PDE_obj_MSE
3590,nan,0.2999,nan,0.2999,PDE_obj_MSE
3600,nan,0.2999,nan,0.2999,PDE_obj_MSE
3610,nan,0.2999,nan,0.2999,PDE_obj_MSE
3620,nan,0.2999,nan,0.2999,PDE_obj_MSE
3630,nan,0.2999,nan,0.2999,PDE_obj_MSE
3640,nan,0.2999,nan,0.2999,PDE_obj_MSE
3650,nan,0.2999,nan,0.2999,PDE_obj_MSE
3660,nan,0.2999,nan,0.2999,PDE_obj_MSE
3670,nan,0.2999,nan,0.2999,PDE_obj_MSE
3680,nan,0.2999,nan,0.2999,PDE_obj_MSE
3690,nan,0.2999,nan,0.2999,PDE_obj_MSE
3700,nan,0.2999,nan,0.2999,PDE_obj_MSE
3710,nan,0.2999,nan,0.2999,PDE_obj_MSE
3720,nan,0.2999,nan,0.2999,PDE_obj_MSE
3730,nan,0.2999,nan,0.2999,PDE_obj_MSE
3740,nan,0.2999,nan,0.2999,PDE_obj_MSE
3750,nan,0.2999,nan,0.2999,PDE_obj_MSE
3760,nan,0.2999,nan,0.2999,PDE_obj_MSE
3770,nan,0.2999,nan,0.2999,PDE_obj_MSE
3780,nan,0.2999,nan,0.2999,PDE_obj_MSE
3790,nan,0.2999,nan,0.2999,PDE_obj_MSE
3800,nan,0.2999,nan,0.2999,PDE_obj_MSE
3810,nan,0.2999,nan,0.2999,PDE_obj_MSE
3820,nan,0.2999,nan,0.2999,PDE_obj_MSE
3830,nan,0.2999,nan,0.2999,PDE_obj_MSE
3840,nan,0.2999,nan,0.2999,PDE_obj_MSE
3850,nan,0.2999,nan,0.2999,PDE_obj_MSE
3860,nan,0.2999,nan,0.2999,PDE_obj_MSE
3870,nan,0.2999,nan,0.2999,PDE_obj_MSE
3880,nan,0.2999,nan,0.2999,PDE_obj_MSE
3890,nan,0.2999,nan,0.2999,PDE_obj_MSE
3900,nan,0.2999,nan,0.2999,PDE_obj_MSE
3910,nan,0.2999,nan,0.2999,PDE_obj_MSE
3920,nan,0.2999,nan,0.2999,PDE_obj_MSE
3930,nan,0.2999,nan,0.2999,PDE_obj_MSE
3940,nan,0.2999,nan,0.2999,PDE_obj_MSE
3950,nan,0.2999,nan,0.2999,PDE_obj_MSE
3960,nan,0.2999,nan,0.2999,PDE_obj_MSE
3970,nan,0.2999,nan,0.2999,PDE_obj_MSE
3980,nan,0.2999,nan,0.2999,PDE_obj_MSE
3990,nan,0.2999,nan,0.2999,PDE_obj_MSE
4000,nan,0.2999,nan,0.2999,PDE_obj_MSE
4010,nan,0.2999,nan,0.2999,PDE_obj_MSE
4020,nan,0.2999,nan,0.2999,PDE_obj_MSE
4030,nan,0.2999,nan,0.2999,PDE_obj_MSE
4040,nan,0.2999,nan,0.2999,PDE_obj_MSE
4050,nan,0.2999,nan,0.2999,PDE_obj_MSE
4060,nan,0.2999,nan,0.2999,PDE_obj_MSE
4070,nan,0.2999,nan,0.2999,PDE_obj_MSE
4080,nan,0.2999,nan,0.2999,PDE_obj_MSE
4090,nan,0.2999,nan,0.2999,PDE_obj_MSE
4100,nan,0.2999,nan,0.2999,PDE_obj_MSE
4110,nan,0.2999,nan,0.2999,PDE_obj_MSE
4120,nan,0.2999,nan,0.2999,PDE_obj_MSE
4130,nan,0.2999,nan,0.2999,PDE_obj_MSE
4140,nan,0.2999,nan,0.2999,PDE_obj_MSE
4150,nan,0.2999,nan,0.2999,PDE_obj_MSE
4160,nan,0.2999,nan,0.2999,PDE_obj_MSE
4170,nan,0.2999,nan,0.2999,PDE_obj_MSE
4180,nan,0.2999,nan,0.2999,PDE_obj_MSE
4190,nan,0.2999,nan,0.2999,PDE_obj_MSE
4200,nan,0.2999,nan,0.2999,PDE_obj_MSE
4210,nan,0.2999,nan,0.2999,PDE_obj_MSE
4220,nan,0.2999,nan,0.2999,PDE_obj_MSE
4230,nan,0.2999,nan,0.2999,PDE_obj_MSE
4240,nan,0.2999,nan,0.2999,PDE_obj_MSE
4250,nan,0.2999,nan,0.2999,PDE_obj_MSE
4260,nan,0.2999,nan,0.2999,PDE_obj_MSE
4270,nan,0.2999,nan,0.2999,PDE_obj_MSE
4280,nan,0.2999,nan,0.2999,PDE_obj_MSE
4290,nan,0.2999,nan,0.2999,PDE_obj_MSE
4300,nan,0.2999,nan,0.2999,PDE_obj_MSE
4310,nan,0.2999,nan,0.2999,PDE_obj_MSE
4320,nan,0.2999,nan,0.2999,PDE_obj_MSE
4330,nan,0.2999,nan,0.2999,PDE_obj_MSE
4340,nan,0.2999,nan,0.2999,PDE_obj_MSE
4350,nan,0.2999,nan,0.2999,PDE_obj_MSE
4360,nan,0.2999,nan,0.2999,PDE_obj_MSE
4370,nan,0.2999,nan,0.2999,PDE_obj_MSE
4380,nan,0.2999,nan,0.2999,PDE_obj_MSE
4390,nan,0.2999,nan,0.2999,PDE_obj_MSE
4400,nan,0.2999,nan,0.2999,PDE_obj_MSE
4410,nan,0.2999,nan,0.2999,PDE_obj_MSE
4420,nan,0.2999,nan,0.2999,PDE_obj_MSE
4430,nan,0.2999,nan,0.2999,PDE_obj_MSE
4440,nan,0.2999,nan,0.2999,PDE_obj_MSE
4450,nan,0.2999,nan,0.2999,PDE_obj_MSE
4460,nan,0.2999,nan,0.2999,PDE_obj_MSE
4470,nan,0.2999,nan,0.2999,PDE_obj_MSE
4480,nan,0.2999,nan,0.2999,PDE_obj_MSE
4490,nan,0.2999,nan,0.2999,PDE_obj_MSE
4500,nan,0.2999,nan,0.2999,PDE_obj_MSE
4510,nan,0.2999,nan,0.2999,PDE_obj_MSE
4520,nan,0.2999,nan,0.2999,PDE_obj_MSE
4530,nan,0.2999,nan,0.2999,PDE_obj_MSE
4540,nan,0.2999,nan,0.2999,PDE_obj_MSE
4550,nan,0.2999,nan,0.2999,PDE_obj_MSE
4560,nan,0.2999,nan,0.2999,PDE_obj_MSE
4570,nan,0.2999,nan,0.2999,PDE_obj_MSE
4580,nan,0.2999,nan,0.2999,PDE_obj_MSE
4590,nan,0.2999,nan,0.2999,PDE_obj_MSE
4600,nan,0.2999,nan,0.2999,PDE_obj_MSE
4610,nan,0.2999,nan,0.2999,PDE_obj_MSE
4620,nan,0.2999,nan,0.2999,PDE_obj_MSE
4630,nan,0.2999,nan,0.2999,PDE_obj_MSE
4640,nan,0.2999,nan,0.2999,PDE_obj_MSE
4650,nan,0.2999,nan,0.2999,PDE_obj_MSE
4660,nan,0.2999,nan,0.2999,PDE_obj_MSE
4670,nan,0.2999,nan,0.2999,PDE_obj_MSE
4680,nan,0.2999,nan,0.2999,PDE_obj_MSE
4690,nan,0.2999,nan,0.2999,PDE_obj_MSE
4700,nan,0.2999,nan,0.2999,PDE_obj_MSE
4710,nan,0.2999,nan,0.2999,PDE_obj_MSE
4720,nan,0.2999,nan,0.2999,PDE_obj_MSE
4730,nan,0.2999,nan,0.2999,PDE_obj_MSE
4740,nan,0.2999,nan,0.2999,PDE_obj_MSE
4750,nan,0.2999,nan,0.2999,PDE_obj_MSE
4760,nan,0.2999,nan,0.2999,PDE_obj_MSE
4770,nan,0.2999,nan,0.2999,PDE_obj_MSE
4780,nan,0.2999,nan,0.2999,PDE_obj_MSE
4790,nan,0.2999,nan,0.2999,PDE_obj_MSE
4800,nan,0.2999,nan,0.2999,PDE_obj_MSE
4810,nan,0.2999,nan,0.2999,PDE_obj_MSE
4820,nan,0.2999,nan,0.2999,PDE_obj_MSE
4830,nan,0.2999,nan,0.2999,PDE_obj_MSE
4840,nan,0.2999,nan,0.2999,PDE_obj_MSE
4850,nan,0.2999,nan,0.2999,PDE_obj_MSE
4860,nan,0.2999,nan,0.2999,PDE_obj_MSE
4870,nan,0.2999,nan,0.2999,PDE_obj_MSE
4880,nan,0.2999,nan,0.2999,PDE_obj_MSE
4890,nan,0.2999,nan,0.2999,PDE_obj_MSE
4900,nan,0.2999,nan,0.2999,PDE_obj_MSE
4910,nan,0.2999,nan,0.2999,PDE_obj_MSE
4920,nan,0.2999,nan,0.2999,PDE_obj_MSE
4930,nan,0.2999,nan,0.2999,PDE_obj_MSE
4940,nan,0.2999,nan,0.2999,PDE_obj_MSE
4950,nan,0.2999,nan,0.2999,PDE_obj_MSE
4960,nan,0.2999,nan,0.2999,PDE_obj_MSE
4970,nan,0.2999,nan,0.2999,PDE_obj_MSE
4980,nan,0.2999,nan,0.2999,PDE_obj_MSE
4990,nan,0.2999,nan,0.2999,PDE_obj_MSE
5000,nan,0.2999,nan,0.2999,PDE_obj_MSE
5010,nan,0.2999,nan,0.2999,PDE_obj_MSE
5020,nan,0.2999,nan,0.2999,PDE_obj_MSE
5030,nan,0.2999,nan,0.2999,PDE_obj_MSE
5040,nan,0.2999,nan,0.2999,PDE_obj_MSE
5050,nan,0.2999,nan,0.2999,PDE_obj_MSE
5060,nan,0.2999,nan,0.2999,PDE_obj_MSE
5070,nan,0.2999,nan,0.2999,PDE_obj_MSE
5080,nan,0.2999,nan,0.2999,PDE_obj_MSE
5090,nan,0.2999,nan,0.2999,PDE_obj_MSE
5100,nan,0.2999,nan,0.2999,PDE_obj_MSE
5110,nan,0.2999,nan,0.2999,PDE_obj_MSE
5120,nan,0.2999,nan,0.2999,PDE_obj_MSE
5130,nan,0.2999,nan,0.2999,PDE_obj_MSE
5140,nan,0.2999,nan,0.2999,PDE_obj_MSE
5150,nan,0.2999,nan,0.2999,PDE_obj_MSE
5160,nan,0.2999,nan,0.2999,PDE_obj_MSE
5170,nan,0.2999,nan,0.2999,PDE_obj_MSE
5180,nan,0.2999,nan,0.2999,PDE_obj_MSE
5190,nan,0.2999,nan,0.2999,PDE_obj_MSE
5200,nan,0.2999,nan,0.2999,PDE_obj_MSE
5210,nan,0.2999,nan,0.2999,PDE_obj_MSE
5220,nan,0.2999,nan,0.2999,PDE_obj_MSE
5230,nan,0.2999,nan,0.2999,PDE_obj_MSE
5240,nan,0.2999,nan,0.2999,PDE_obj_MSE
5250,nan,0.2999,nan,0.2999,PDE_obj_MSE
5260,nan,0.2999,nan,0.2999,PDE_obj_MSE
5270,nan,0.2999,nan,0.2999,PDE_obj_MSE
5280,nan,0.2999,nan,0.2999,PDE_obj_MSE
5290,nan,0.2999,nan,0.2999,PDE_obj_MSE
5300,nan,0.2999,nan,0.2999,PDE_obj_MSE
5310,nan,0.2999,nan,0.2999,PDE_obj_MSE
5320,nan,0.2999,nan,0.2999,PDE_obj_MSE
5330,nan,0.2999,nan,0.2999,PDE_obj_MSE
5340,nan,0.2999,nan,0.2999,PDE_obj_MSE
5350,nan,0.2999,nan,0.2999,PDE_obj_MSE
5360,nan,0.2999,nan,0.2999,PDE_obj_MSE
5370,nan,0.2999,nan,0.2999,PDE_obj_MSE
5380,nan,0.2999,nan,0.2999,PDE_obj_MSE
5390,nan,0.2999,nan,0.2999,PDE_obj_MSE
5400,nan,0.2999,nan,0.2999,PDE_obj_MSE
5410,nan,0.2999,nan,0.2999,PDE_obj_MSE
5420,nan,0.2999,nan,0.2999,PDE_obj_MSE
5430,nan,0.2999,nan,0.2999,PDE_obj_MSE
5440,nan,0.2999,nan,0.2999,PDE_obj_MSE
5450,nan,0.2999,nan,0.2999,PDE_obj_MSE
5460,nan,0.2999,nan,0.2999,PDE_obj_MSE
5470,nan,0.2999,nan,0.2999,PDE_obj_MSE
5480,nan,0.2999,nan,0.2999,PDE_obj_MSE
5490,nan,0.2999,nan,0.2999,PDE_obj_MSE
5500,nan,0.2999,nan,0.2999,PDE_obj_MSE
5510,nan,0.2999,nan,0.2999,PDE_obj_MSE
5520,nan,0.2999,nan,0.2999,PDE_obj_MSE
5530,nan,0.2999,nan,0.2999,PDE_obj_MSE
5540,nan,0.2999,nan,0.2999,PDE_obj_MSE
5550,nan,0.2999,nan,0.2999,PDE_obj_MSE
5560,nan,0.2999,nan,0.2999,PDE_obj_MSE
5570,nan,0.2999,nan,0.2999,PDE_obj_MSE
5580,nan,0.2999,nan,0.2999,PDE_obj_MSE
5590,nan,0.2999,nan,0.2999,PDE_obj_MSE
5600,nan,0.2999,nan,0.2999,PDE_obj_MSE
5610,nan,0.2999,nan,0.2999,PDE_obj_MSE
5620,nan,0.2999,nan,0.2999,PDE_obj_MSE
5630,nan,0.2999,nan,0.2999,PDE_obj_MSE
5640,nan,0.2999,nan,0.2999,PDE_obj_MSE
5650,nan,0.2999,nan,0.2999,PDE_obj_MSE
5660,nan,0.2999,nan,0.2999,PDE_obj_MSE
5670,nan,0.2999,nan,0.2999,PDE_obj_MSE
5680,nan,0.2999,nan,0.2999,PDE_obj_MSE
5690,nan,0.2999,nan,0.2999,PDE_obj_MSE
5700,nan,0.2999,nan,0.2999,PDE_obj_MSE
5710,nan,0.2999,nan,0.2999,PDE_obj_MSE
5720,nan,0.2999,nan,0.2999,PDE_obj_MSE
5730,nan,0.2999,nan,0.2999,PDE_obj_MSE
5740,nan,0.2999,nan,0.2999,PDE_obj_MSE
5750,nan,0.2999,nan,0.2999,PDE_obj_MSE
5760,nan,0.2999,nan,0.2999,PDE_obj_MSE
5770,nan,0.2999,nan,0.2999,PDE_obj_MSE
5780,nan,0.2999,nan,0.2999,PDE_obj_MSE
5790,nan,0.2999,nan,0.2999,PDE_obj_MSE
5800,nan,0.2999,nan,0.2999,PDE_obj_MSE
5810,nan,0.2999,nan,0.2999,PDE_obj_MSE
5820,nan,0.2999,nan,0.2999,PDE_obj_MSE
5830,nan,0.2999,nan,0.2999,PDE_obj_MSE
5840,nan,0.2999,nan,0.2999,PDE_obj_MSE
5850,nan,0.2999,nan,0.2999,PDE_obj_MSE
5860,nan,0.2999,nan,0.2999,PDE_obj_MSE
5870,nan,0.2999,nan,0.2999,PDE_obj_MSE
5880,nan,0.2999,nan,0.2999,PDE_obj_MSE
5890,nan,0.2999,nan,0.2999,PDE_obj_MSE
5900,nan,0.2999,nan,0.2999,PDE_obj_MSE
5910,nan,0.2999,nan,0.2999,PDE_obj_MSE
5920,nan,0.2999,nan,0.2999,PDE_obj_MSE
5930,nan,0.2999,nan,0.2999,PDE_obj_MSE
5940,nan,0.2999,nan,0.2999,PDE_obj_MSE
5950,nan,0.2999,nan,0.2999,PDE_obj_MSE
5960,nan,0.2999,nan,0.2999,PDE_obj_MSE
5970,nan,0.2999,nan,0.2999,PDE_obj_MSE
5980,nan,0.2999,nan,0.2999,PDE_obj_MSE
5990,nan,0.2999,nan,0.2999,PDE_obj_MSE
6000,nan,0.2999,nan,0.2999,PDE_obj_MSE
6010,nan,0.2999,nan,0.2999,PDE_obj_MSE
6020,nan,0.2999,nan,0.2999,PDE_obj_MSE
6030,nan,0.2999,nan,0.2999,PDE_obj_MSE
6040,nan,0.2999,nan,0.2999,PDE_obj_MSE
6050,nan,0.2999,nan,0.2999,PDE_obj_MSE
6060,nan,0.2999,nan,0.2999,PDE_obj_MSE
6070,nan,0.2999,nan,0.2999,PDE_obj_MSE
6080,nan,0.2999,nan,0.2999,PDE_obj_MSE
6090,nan,0.2999,nan,0.2999,PDE_obj_MSE
6100,nan,0.2999,nan,0.2999,PDE_obj_MSE
6110,nan,0.2999,nan,0.2999,PDE_obj_MSE
6120,nan,0.2999,nan,0.2999,PDE_obj_MSE
6130,nan,0.2999,nan,0.2999,PDE_obj_MSE
6140,nan,0.2999,nan,0.2999,PDE_obj_MSE
6150,nan,0.2999,nan,0.2999,PDE_obj_MSE
6160,nan,0.2999,nan,0.2999,PDE_obj_MSE
6170,nan,0.2999,nan,0.2999,PDE_obj_MSE
6180,nan,0.2999,nan,0.2999,PDE_obj_MSE
6190,nan,0.2999,nan,0.2999,PDE_obj_MSE
6200,nan,0.2999,nan,0.2999,PDE_obj_MSE
6210,nan,0.2999,nan,0.2999,PDE_obj_MSE
6220,nan,0.2999,nan,0.2999,PDE_obj_MSE
6230,nan,0.2999,nan,0.2999,PDE_obj_MSE
6240,nan,0.2999,nan,0.2999,PDE_obj_MSE
6250,nan,0.2999,nan,0.2999,PDE_obj_MSE
6260,nan,0.2999,nan,0.2999,PDE_obj_MSE
6270,nan,0.2999,nan,0.2999,PDE_obj_MSE
6280,nan,0.2999,nan,0.2999,PDE_obj_MSE
6290,nan,0.2999,nan,0.2999,PDE_obj_MSE
6300,nan,0.2999,nan,0.2999,PDE_obj_MSE
6310,nan,0.2999,nan,0.2999,PDE_obj_MSE
6320,nan,0.2999,nan,0.2999,PDE_obj_MSE
6330,nan,0.2999,nan,0.2999,PDE_obj_MSE
6340,nan,0.2999,nan,0.2999,PDE_obj_MSE
6350,nan,0.2999,nan,0.2999,PDE_obj_MSE
6360,nan,0.2999,nan,0.2999,PDE_obj_MSE
6370,nan,0.2999,nan,0.2999,PDE_obj_MSE
6380,nan,0.2999,nan,0.2999,PDE_obj_MSE
6390,nan,0.2999,nan,0.2999,PDE_obj_MSE
6400,nan,0.2999,nan,0.2999,PDE_obj_MSE
6410,nan,0.2999,nan,0.2999,PDE_obj_MSE
6420,nan,0.2999,nan,0.2999,PDE_obj_MSE
6430,nan,0.2999,nan,0.2999,PDE_obj_MSE
6440,nan,0.2999,nan,0.2999,PDE_obj_MSE
6450,nan,0.2999,nan,0.2999,PDE_obj_MSE
6460,nan,0.2999,nan,0.2999,PDE_obj_MSE
6470,nan,0.2999,nan,0.2999,PDE_obj_MSE
6480,nan,0.2999,nan,0.2999,PDE_obj_MSE
6490,nan,0.2999,nan,0.2999,PDE_obj_MSE
6500,nan,0.2999,nan,0.2999,PDE_obj_MSE
6510,nan,0.2999,nan,0.2999,PDE_obj_MSE
6520,nan,0.2999,nan,0.2999,PDE_obj_MSE
6530,nan,0.2999,nan,0.2999,PDE_obj_MSE
6540,nan,0.2999,nan,0.2999,PDE_obj_MSE
6550,nan,0.2999,nan,0.2999,PDE_obj_MSE
6560,nan,0.2999,nan,0.2999,PDE_obj_MSE
6570,nan,0.2999,nan,0.2999,PDE_obj_MSE
6580,nan,0.2999,nan,0.2999,PDE_obj_MSE
6590,nan,0.2999,nan,0.2999,PDE_obj_MSE
6600,nan,0.2999,nan,0.2999,PDE_obj_MSE
6610,nan,0.2999,nan,0.2999,PDE_obj_MSE
6620,nan,0.2999,nan,0.2999,PDE_obj_MSE
6630,nan,0.2999,nan,0.2999,PDE_obj_MSE
6640,nan,0.2999,nan,0.2999,PDE_obj_MSE
6650,nan,0.2999,nan,0.2999,PDE_obj_MSE
6660,nan,0.2999,nan,0.2999,PDE_obj_MSE
6670,nan,0.2999,nan,0.2999,PDE_obj_MSE
6680,nan,0.2999,nan,0.2999,PDE_obj_MSE
6690,nan,0.2999,nan,0.2999,PDE_obj_MSE
6700,nan,0.2999,nan,0.2999,PDE_obj_MSE
6710,nan,0.2999,nan,0.2999,PDE_obj_MSE
6720,nan,0.2999,nan,0.2999,PDE_obj_MSE
6730,nan,0.2999,nan,0.2999,PDE_obj_MSE
6740,nan,0.2999,nan,0.2999,PDE_obj_MSE
6750,nan,0.2999,nan,0.2999,PDE_obj_MSE
6760,nan,0.2999,nan,0.2999,PDE_obj_MSE
6770,nan,0.2999,nan,0.2999,PDE_obj_MSE
6780,nan,0.2999,nan,0.2999,PDE_obj_MSE
6790,nan,0.2999,nan,0.2999,PDE_obj_MSE
6800,nan,0.2999,nan,0.2999,PDE_obj_MSE
6810,nan,0.2999,nan,0.2999,PDE_obj_MSE
6820,nan,0.2999,nan,0.2999,PDE_obj_MSE
6830,nan,0.2999,nan,0.2999,PDE_obj_MSE
6840,nan,0.2999,nan,0.2999,PDE_obj_MSE
6850,nan,0.2999,nan,0.2999,PDE_obj_MSE
6860,nan,0.2999,nan,0.2999,PDE_obj_MSE
6870,nan,0.2999,nan,0.2999,PDE_obj_MSE
6880,nan,0.2999,nan,0.2999,PDE_obj_MSE
6890,nan,0.2999,nan,0.2999,PDE_obj_MSE
6900,nan,0.2999,nan,0.2999,PDE_obj_MSE
6910,nan,0.2999,nan,0.2999,PDE_obj_MSE
6920,nan,0.2999,nan,0.2999,PDE_obj_MSE
6930,nan,0.2999,nan,0.2999,PDE_obj_MSE
6940,nan,0.2999,nan,0.2999,PDE_obj_MSE
6950,nan,0.2999,nan,0.2999,PDE_obj_MSE
6960,nan,0.2999,nan,0.2999,PDE_obj_MSE
6970,nan,0.2999,nan,0.2999,PDE_obj_MSE
6980,nan,0.2999,nan,0.2999,PDE_obj_MSE
6990,nan,0.2999,nan,0.2999,PDE_obj_MSE
7000,nan,0.2999,nan,0.2999,PDE_obj_MSE
7010,nan,0.2999,nan,0.2999,PDE_obj_MSE
7020,nan,0.2999,nan,0.2999,PDE_obj_MSE
7030,nan,0.2999,nan,0.2999,PDE_obj_MSE
7040,nan,0.2999,nan,0.2999,PDE_obj_MSE
7050,nan,0.2999,nan,0.2999,PDE_obj_MSE
7060,nan,0.2999,nan,0.2999,PDE_obj_MSE
7070,nan,0.2999,nan,0.2999,PDE_obj_MSE
7080,nan,0.2999,nan,0.2999,PDE_obj_MSE
7090,nan,0.2999,nan,0.2999,PDE_obj_MSE
7100,nan,0.2999,nan,0.2999,PDE_obj_MSE
7110,nan,0.2999,nan,0.2999,PDE_obj_MSE
7120,nan,0.2999,nan,0.2999,PDE_obj_MSE
7130,nan,0.2999,nan,0.2999,PDE_obj_MSE
7140,nan,0.2999,nan,0.2999,PDE_obj_MSE
7150,nan,0.2999,nan,0.2999,PDE_obj_MSE
7160,nan,0.2999,nan,0.2999,PDE_obj_MSE
7170,nan,0.2999,nan,0.2999,PDE_obj_MSE
7180,nan,0.2999,nan,0.2999,PDE_obj_MSE
7190,nan,0.2999,nan,0.2999,PDE_obj_MSE
7200,nan,0.2999,nan,0.2999,PDE_obj_MSE
7210,nan,0.2999,nan,0.2999,PDE_obj_MSE
7220,nan,0.2999,nan,0.2999,PDE_obj_MSE
7230,nan,0.2999,nan,0.2999,PDE_obj_MSE
7240,nan,0.2999,nan,0.2999,PDE_obj_MSE
7250,nan,0.2999,nan,0.2999,PDE_obj_MSE
7260,nan,0.2999,nan,0.2999,PDE_obj_MSE
7270,nan,0.2999,nan,0.2999,PDE_obj_MSE
7280,nan,0.2999,nan,0.2999,PDE_obj_MSE
7290,nan,0.2999,nan,0.2999,PDE_obj_MSE
7300,nan,0.2999,nan,0.2999,PDE_obj_MSE
7310,nan,0.2999,nan,0.2999,PDE_obj_MSE
7320,nan,0.2999,nan,0.2999,PDE_obj_MSE
7330,nan,0.2999,nan,0.2999,PDE_obj_MSE
7340,nan,0.2999,nan,0.2999,PDE_obj_MSE
7350,nan,0.2999,nan,0.2999,PDE_obj_MSE
7360,nan,0.2999,nan,0.2999,PDE_obj_MSE
7370,nan,0.2999,nan,0.2999,PDE_obj_MSE
7380,nan,0.2999,nan,0.2999,PDE_obj_MSE
7390,nan,0.2999,nan,0.2999,PDE_obj_MSE
7400,nan,0.2999,nan,0.2999,PDE_obj_MSE
7410,nan,0.2999,nan,0.2999,PDE_obj_MSE
7420,nan,0.2999,nan,0.2999,PDE_obj_MSE
7430,nan,0.2999,nan,0.2999,PDE_obj_MSE
7440,nan,0.2999,nan,0.2999,PDE_obj_MSE
7450,nan,0.2999,nan,0.2999,PDE_obj_MSE
7460,nan,0.2999,nan,0.2999,PDE_obj_MSE
7470,nan,0.2999,nan,0.2999,PDE_obj_MSE
7480,nan,0.2999,nan,0.2999,PDE_obj_MSE
7490,nan,0.2999,nan,0.2999,PDE_obj_MSE
7500,nan,0.2999,nan,0.2999,PDE_obj_MSE
7510,nan,0.2999,nan,0.2999,PDE_obj_MSE
7520,nan,0.2999,nan,0.2999,PDE_obj_MSE
7530,nan,0.2999,nan,0.2999,PDE_obj_MSE
7540,nan,0.2999,nan,0.2999,PDE_obj_MSE
7550,nan,0.2999,nan,0.2999,PDE_obj_MSE
7560,nan,0.2999,nan,0.2999,PDE_obj_MSE
7570,nan,0.2999,nan,0.2999,PDE_obj_MSE
7580,nan,0.2999,nan,0.2999,PDE_obj_MSE
7590,nan,0.2999,nan,0.2999,PDE_obj_MSE
7600,nan,0.2999,nan,0.2999,PDE_obj_MSE
7610,nan,0.2999,nan,0.2999,PDE_obj_MSE
7620,nan,0.2999,nan,0.2999,PDE_obj_MSE
7630,nan,0.2999,nan,0.2999,PDE_obj_MSE
7640,nan,0.2999,nan,0.2999,PDE_obj_MSE
7650,nan,0.2999,nan,0.2999,PDE_obj_MSE
7660,nan,0.2999,nan,0.2999,PDE_obj_MSE
7670,nan,0.2999,nan,0.2999,PDE_obj_MSE
7680,nan,0.2999,nan,0.2999,PDE_obj_MSE
7690,nan,0.2999,nan,0.2999,PDE_obj_MSE
7700,nan,0.2999,nan,0.2999,PDE_obj_MSE
7710,nan,0.2999,nan,0.2999,PDE_obj_MSE
7720,nan,0.2999,nan,0.2999,PDE_obj_MSE
7730,nan,0.2999,nan,0.2999,PDE_obj_MSE
7740,nan,0.2999,nan,0.2999,PDE_obj_MSE
7750,nan,0.2999,nan,0.2999,PDE_obj_MSE
7760,nan,0.2999,nan,0.2999,PDE_obj_MSE
7770,nan,0.2999,nan,0.2999,PDE_obj_MSE
7780,nan,0.2999,nan,0.2999,PDE_obj_MSE
7790,nan,0.2999,nan,0.2999,PDE_obj_MSE
7800,nan,0.2999,nan,0.2999,PDE_obj_MSE
7810,nan,0.2999,nan,0.2999,PDE_obj_MSE
7820,nan,0.2999,nan,0.2999,PDE_obj_MSE
7830,nan,0.2999,nan,0.2999,PDE_obj_MSE
7840,nan,0.2999,nan,0.2999,PDE_obj_MSE
7850,nan,0.2999,nan,0.2999,PDE_obj_MSE
7860,nan,0.2999,nan,0.2999,PDE_obj_MSE
7870,nan,0.2999,nan,0.2999,PDE_obj_MSE
7880,nan,0.2999,nan,0.2999,PDE_obj_MSE
7890,nan,0.2999,nan,0.2999,PDE_obj_MSE
7900,nan,0.2999,nan,0.2999,PDE_obj_MSE
7910,nan,0.2999,nan,0.2999,PDE_obj_MSE
7920,nan,0.2999,nan,0.2999,PDE_obj_MSE
7930,nan,0.2999,nan,0.2999,PDE_obj_MSE
7940,nan,0.2999,nan,0.2999,PDE_obj_MSE
7950,nan,0.2999,nan,0.2999,PDE_obj_MSE
7960,nan,0.2999,nan,0.2999,PDE_obj_MSE
7970,nan,0.2999,nan,0.2999,PDE_obj_MSE
7980,nan,0.2999,nan,0.2999,PDE_obj_MSE
7990,nan,0.2999,nan,0.2999,PDE_obj_MSE
8000,nan,0.2999,nan,0.2999,PDE_obj_MSE
8010,nan,0.2999,nan,0.2999,PDE_obj_MSE
8020,nan,0.2999,nan,0.2999,PDE_obj_MSE
8030,nan,0.2999,nan,0.2999,PDE_obj_MSE
8040,nan,0.2999,nan,0.2999,PDE_obj_MSE
8050,nan,0.2999,nan,0.2999,PDE_obj_MSE
8060,nan,0.2999,nan,0.2999,PDE_obj_MSE
8070,nan,0.2999,nan,0.2999,PDE_obj_MSE
8080,nan,0.2999,nan,0.2999,PDE_obj_MSE
8090,nan,0.2999,nan,0.2999,PDE_obj_MSE
8100,nan,0.2999,nan,0.2999,PDE_obj_MSE
8110,nan,0.2999,nan,0.2999,PDE_obj_MSE
8120,nan,0.2999,nan,0.2999,PDE_obj_MSE
8130,nan,0.2999,nan,0.2999,PDE_obj_MSE
8140,nan,0.2999,nan,0.2999,PDE_obj_MSE
8150,nan,0.2999,nan,0.2999,PDE_obj_MSE
8160,nan,0.2999,nan,0.2999,PDE_obj_MSE
8170,nan,0.2999,nan,0.2999,PDE_obj_MSE
8180,nan,0.2999,nan,0.2999,PDE_obj_MSE
8190,nan,0.2999,nan,0.2999,PDE_obj_MSE
8200,nan,0.2999,nan,0.2999,PDE_obj_MSE
8210,nan,0.2999,nan,0.2999,PDE_obj_MSE
8220,nan,0.2999,nan,0.2999,PDE_obj_MSE
8230,nan,0.2999,nan,0.2999,PDE_obj_MSE
8240,nan,0.2999,nan,0.2999,PDE_obj_MSE
8250,nan,0.2999,nan,0.2999,PDE_obj_MSE
8260,nan,0.2999,nan,0.2999,PDE_obj_MSE
8270,nan,0.2999,nan,0.2999,PDE_obj_MSE
8280,nan,0.2999,nan,0.2999,PDE_obj_MSE
8290,nan,0.2999,nan,0.2999,PDE_obj_MSE
8300,nan,0.2999,nan,0.2999,PDE_obj_MSE
8310,nan,0.2999,nan,0.2999,PDE_obj_MSE
8320,nan,0.2999,nan,0.2999,PDE_obj_MSE
8330,nan,0.2999,nan,0.2999,PDE_obj_MSE
8340,nan,0.2999,nan,0.2999,PDE_obj_MSE
8350,nan,0.2999,nan,0.2999,PDE_obj_MSE
8360,nan,0.2999,nan,0.2999,PDE_obj_MSE
8370,nan,0.2999,nan,0.2999,PDE_obj_MSE
8380,nan,0.2999,nan,0.2999,PDE_obj_MSE
8390,nan,0.2999,nan,0.2999,PDE_obj_MSE
8400,nan,0.2999,nan,0.2999,PDE_obj_MSE
8410,nan,0.2999,nan,0.2999,PDE_obj_MSE
8420,nan,0.2999,nan,0.2999,PDE_obj_MSE
8430,nan,0.2999,nan,0.2999,PDE_obj_MSE
8440,nan,0.2999,nan,0.2999,PDE_obj_MSE
8450,nan,0.2999,nan,0.2999,PDE_obj_MSE
8460,nan,0.2999,nan,0.2999,PDE_obj_MSE
8470,nan,0.2999,nan,0.2999,PDE_obj_MSE
8480,nan,0.2999,nan,0.2999,PDE_obj_MSE
8490,nan,0.2999,nan,0.2999,PDE_obj_MSE
8500,nan,0.2999,nan,0.2999,PDE_obj_MSE
8510,nan,0.2999,nan,0.2999,PDE_obj_MSE
8520,nan,0.2999,nan,0.2999,PDE_obj_MSE
8530,nan,0.2999,nan,0.2999,PDE_obj_MSE
8540,nan,0.2999,nan,0.2999,PDE_obj_MSE
8550,nan,0.2999,nan,0.2999,PDE_obj_MSE
8560,nan,0.2999,nan,0.2999,PDE_obj_MSE
8570,nan,0.2999,nan,0.2999,PDE_obj_MSE
8580,nan,0.2999,nan,0.2999,PDE_obj_MSE
8590,nan,0.2999,nan,0.2999,PDE_obj_MSE
8600,nan,0.2999,nan,0.2999,PDE_obj_MSE
8610,nan,0.2999,nan,0.2999,PDE_obj_MSE
8620,nan,0.2999,nan,0.2999,PDE_obj_MSE
8630,nan,0.2999,nan,0.2999,PDE_obj_MSE
8640,nan,0.2999,nan,0.2999,PDE_obj_MSE
8650,nan,0.2999,nan,0.2999,PDE_obj_MSE
8660,nan,0.2999,nan,0.2999,PDE_obj_MSE
8670,nan,0.2999,nan,0.2999,PDE_obj_MSE
8680,nan,0.2999,nan,0.2999,PDE_obj_MSE
8690,nan,0.2999,nan,0.2999,PDE_obj_MSE
8700,nan,0.2999,nan,0.2999,PDE_obj_MSE
8710,nan,0.2999,nan,0.2999,PDE_obj_MSE
8720,nan,0.2999,nan,0.2999,PDE_obj_MSE
8730,nan,0.2999,nan,0.2999,PDE_obj_MSE
8740,nan,0.2999,nan,0.2999,PDE_obj_MSE
8750,nan,0.2999,nan,0.2999,PDE_obj_MSE
8760,nan,0.2999,nan,0.2999,PDE_obj_MSE
8770,nan,0.2999,nan,0.2999,PDE_obj_MSE
8780,nan,0.2999,nan,0.2999,PDE_obj_MSE
8790,nan,0.2999,nan,0.2999,PDE_obj_MSE
8800,nan,0.2999,nan,0.2999,PDE_obj_MSE
8810,nan,0.2999,nan,0.2999,PDE_obj_MSE
8820,nan,0.2999,nan,0.2999,PDE_obj_MSE
8830,nan,0.2999,nan,0.2999,PDE_obj_MSE
8840,nan,0.2999,nan,0.2999,PDE_obj_MSE
8850,nan,0.2999,nan,0.2999,PDE_obj_MSE
8860,nan,0.2999,nan,0.2999,PDE_obj_MSE
8870,nan,0.2999,nan,0.2999,PDE_obj_MSE
8880,nan,0.2999,nan,0.2999,PDE_obj_MSE
8890,nan,0.2999,nan,0.2999,PDE_obj_MSE
8900,nan,0.2999,nan,0.2999,PDE_obj_MSE
8910,nan,0.2999,nan,0.2999,PDE_obj_MSE
8920,nan,0.2999,nan,0.2999,PDE_obj_MSE
8930,nan,0.2999,nan,0.2999,PDE_obj_MSE
8940,nan,0.2999,nan,0.2999,PDE_obj_MSE
8950,nan,0.2999,nan,0.2999,PDE_obj_MSE
8960,nan,0.2999,nan,0.2999,PDE_obj_MSE
8970,nan,0.2999,nan,0.2999,PDE_obj_MSE
8980,nan,0.2999,nan,0.2999,PDE_obj_MSE
8990,nan,0.2999,nan,0.2999,PDE_obj_MSE
9000,nan,0.2999,nan,0.2999,PDE_obj_MSE
9010,nan,0.2999,nan,0.2999,PDE_obj_MSE
9020,nan,0.2999,nan,0.2999,PDE_obj_MSE
9030,nan,0.2999,nan,0.2999,PDE_obj_MSE
9040,nan,0.2999,nan,0.2999,PDE_obj_MSE
9050,nan,0.2999,nan,0.2999,PDE_obj_MSE
9060,nan,0.2999,nan,0.2999,PDE_obj_MSE
9070,nan,0.2999,nan,0.2999,PDE_obj_MSE
9080,nan,0.2999,nan,0.2999,PDE_obj_MSE
9090,nan,0.2999,nan,0.2999,PDE_obj_MSE
9100,nan,0.2999,nan,0.2999,PDE_obj_MSE
9110,nan,0.2999,nan,0.2999,PDE_obj_MSE
9120,nan,0.2999,nan,0.2999,PDE_obj_MSE
9130,nan,0.2999,nan,0.2999,PDE_obj_MSE
9140,nan,0.2999,nan,0.2999,PDE_obj_MSE
9150,nan,0.2999,nan,0.2999,PDE_obj_MSE
9160,nan,0.2999,nan,0.2999,PDE_obj_MSE
9170,nan,0.2999,nan,0.2999,PDE_obj_MSE
9180,nan,0.2999,nan,0.2999,PDE_obj_MSE
9190,nan,0.2999,nan,0.2999,PDE_obj_MSE
9200,nan,0.2999,nan,0.2999,PDE_obj_MSE
9210,nan,0.2999,nan,0.2999,PDE_obj_MSE
9220,nan,0.2999,nan,0.2999,PDE_obj_MSE
9230,nan,0.2999,nan,0.2999,PDE_obj_MSE
9240,nan,0.2999,nan,0.2999,PDE_obj_MSE
9250,nan,0.2999,nan,0.2999,PDE_obj_MSE
9260,nan,0.2999,nan,0.2999,PDE_obj_MSE
9270,nan,0.2999,nan,0.2999,PDE_obj_MSE
9280,nan,0.2999,nan,0.2999,PDE_obj_MSE
9290,nan,0.2999,nan,0.2999,PDE_obj_MSE
9300,nan,0.2999,nan,0.2999,PDE_obj_MSE
9310,nan,0.2999,nan,0.2999,PDE_obj_MSE
9320,nan,0.2999,nan,0.2999,PDE_obj_MSE
9330,nan,0.2999,nan,0.2999,PDE_obj_MSE
9340,nan,0.2999,nan,0.2999,PDE_obj_MSE
9350,nan,0.2999,nan,0.2999,PDE_obj_MSE
9360,nan,0.2999,nan,0.2999,PDE_obj_MSE
9370,nan,0.2999,nan,0.2999,PDE_obj_MSE
9380,nan,0.2999,nan,0.2999,PDE_obj_MSE
9390,nan,0.2999,nan,0.2999,PDE_obj_MSE
9400,nan,0.2999,nan,0.2999,PDE_obj_MSE
9410,nan,0.2999,nan,0.2999,PDE_obj_MSE
9420,nan,0.2999,nan,0.2999,PDE_obj_MSE
9430,nan,0.2999,nan,0.2999,PDE_obj_MSE
9440,nan,0.2999,nan,0.2999,PDE_obj_MSE
9450,nan,0.2999,nan,0.2999,PDE_obj_MSE
9460,nan,0.2999,nan,0.2999,PDE_obj_MSE
9470,nan,0.2999,nan,0.2999,PDE_obj_MSE
9480,nan,0.2999,nan,0.2999,PDE_obj_MSE
9490,nan,0.2999,nan,0.2999,PDE_obj_MSE
9500,nan,0.2999,nan,0.2999,PDE_obj_MSE
9510,nan,0.2999,nan,0.2999,PDE_obj_MSE
9520,nan,0.2999,nan,0.2999,PDE_obj_MSE
9530,nan,0.2999,nan,0.2999,PDE_obj_MSE
9540,nan,0.2999,nan,0.2999,PDE_obj_MSE
9550,nan,0.2999,nan,0.2999,PDE_obj_MSE
9560,nan,0.2999,nan,0.2999,PDE_obj_MSE
9570,nan,0.2999,nan,0.2999,PDE_obj_MSE
9580,nan,0.2999,nan,0.2999,PDE_obj_MSE
9590,nan,0.2999,nan,0.2999,PDE_obj_MSE
9600,nan,0.2999,nan,0.2999,PDE_obj_MSE
9610,nan,0.2999,nan,0.2999,PDE_obj_MSE
9620,nan,0.2999,nan,0.2999,PDE_obj_MSE
9630,nan,0.2999,nan,0.2999,PDE_obj_MSE
9640,nan,0.2999,nan,0.2999,PDE_obj_MSE
9650,nan,0.2999,nan,0.2999,PDE_obj_MSE
9660,nan,0.2999,nan,0.2999,PDE_obj_MSE
9670,nan,0.2999,nan,0.2999,PDE_obj_MSE
9680,nan,0.2999,nan,0.2999,PDE_obj_MSE
9690,nan,0.2999,nan,0.2999,PDE_obj_MSE
9700,nan,0.2999,nan,0.2999,PDE_obj_MSE
9710,nan,0.2999,nan,0.2999,PDE_obj_MSE
9720,nan,0.2999,nan,0.2999,PDE_obj_MSE
9730,nan,0.2999,nan,0.2999,PDE_obj_MSE
9740,nan,0.2999,nan,0.2999,PDE_obj_MSE
9750,nan,0.2999,nan,0.2999,PDE_obj_MSE
9760,nan,0.2999,nan,0.2999,PDE_obj_MSE
9770,nan,0.2999,nan,0.2999,PDE_obj_MSE
9780,nan,0.2999,nan,0.2999,PDE_obj_MSE
9790,nan,0.2999,nan,0.2999,PDE_obj_MSE
9800,nan,0.2999,nan,0.2999,PDE_obj_MSE
9810,nan,0.2999,nan,0.2999,PDE_obj_MSE
9820,nan,0.2999,nan,0.2999,PDE_obj_MSE
9830,nan,0.2999,nan,0.2999,PDE_obj_MSE
9840,nan,0.2999,nan,0.2999,PDE_obj_MSE
9850,nan,0.2999,nan,0.2999,PDE_obj_MSE
9860,nan,0.2999,nan,0.2999,PDE_obj_MSE
9870,nan,0.2999,nan,0.2999,PDE_obj_MSE
9880,nan,0.2999,nan,0.2999,PDE_obj_MSE
9890,nan,0.2999,nan,0.2999,PDE_obj_MSE
9900,nan,0.2999,nan,0.2999,PDE_obj_MSE
9910,nan,0.2999,nan,0.2999,PDE_obj_MSE
9920,nan,0.2999,nan,0.2999,PDE_obj_MSE
9930,nan,0.2999,nan,0.2999,PDE_obj_MSE
9940,nan,0.2999,nan,0.2999,PDE_obj_MSE
9950,nan,0.2999,nan,0.2999,PDE_obj_MSE
9960,nan,0.2999,nan,0.2999,PDE_obj_MSE
9970,nan,0.2999,nan,0.2999,PDE_obj_MSE
9980,nan,0.2999,nan,0.2999,PDE_obj_MSE
9990,nan,0.2999,nan,0.2999,PDE_obj_MSE
10000,nan,0.2999,nan,0.2999,PDE_obj_MSE
