iter,obj_s,pde_obj_mse,feas_true,obj_for_plot,source,alpha,tau,lam,mu,kkt_res,d_inf,d_l2
10,nan,0.2664,nan,0.2664,PDE_obj_MSE,0.00748,0.4576036,0.0001,nan,0.46,5.36,28.7
20,nan,0.1912,nan,0.1912,PDE_obj_MSE,0.0129,0.4576036,0.0001,nan,0.25,6.17,19.6
30,nan,0.1574,nan,0.1574,PDE_obj_MSE,0.00943,0.4576036,0.0001,nan,0.23,5.53,20.7
40,nan,0.126,nan,0.126,PDE_obj_MSE,0.0148,0.4576036,0.0001,nan,0.21,3.8,15.9
50,nan,0.09884,nan,0.09884,PDE_obj_MSE,0.00674,0.4576036,0.0001,nan,0.24,5.56,22.2
60,nan,0.08403,nan,0.08403,PDE_obj_MSE,0.00876,0.4576036,0.0001,nan,0.18,3.02,18.0
70,nan,0.06802,nan,0.06802,PDE_obj_MSE,0.0114,0.4576036,0.0001,nan,0.16,3.27,14.9
80,nan,0.05227,nan,0.05227,PDE_obj_MSE,0.0289,0.4576036,0.0001,nan,0.068,2.3,8.96
90,nan,0.04202,nan,0.04202,PDE_obj_MSE,0.0234,0.4576036,0.0001,nan,0.056,2.0,8.86
100,nan,0.02156,nan,0.02156,PDE_obj_MSE,0.128,0.4576036,0.0001,nan,0.022,0.818,2.82
110,nan,0.01168,nan,0.01168,PDE_obj_MSE,0.695,0.4576036,0.0001,nan,0.0035,0.0386,0.267
120,nan,0.006124,nan,0.006124,PDE_obj_MSE,0.385,0.4576036,0.0001,nan,0.0019,0.0193,0.0759
130,nan,0.005345,nan,0.005345,PDE_obj_MSE,0.16,0.4576036,0.0001,nan,0.0017,0.0152,0.0624
140,nan,0.004937,nan,0.004937,PDE_obj_MSE,0.13,0.4576036,0.0001,nan,0.0016,0.013,0.0582
150,nan,0.004627,nan,0.004627,PDE_obj_MSE,0.128,0.4576036,0.0001,nan,0.0015,0.0115,0.0546
160,nan,0.00437,nan,0.00437,PDE_obj_MSE,0.152,0.4576036,0.0001,nan,0.0015,0.0105,0.0505
170,nan,0.004095,nan,0.004095,PDE_obj_MSE,0.219,0.4576036,0.0001,nan,0.0014,0.00983,0.0474
180,nan,0.003859,nan,0.003859,PDE_obj_MSE,0.147,0.4576036,0.0001,nan,0.0014,0.0088,0.0448
190,nan,0.00365,nan,0.00365,PDE_obj_MSE,0.12,0.4576036,0.0001,nan,0.0013,0.00789,0.0433
200,nan,0.003409,nan,0.003409,PDE_obj_MSE,0.173,0.4576036,0.0001,nan,0.0013,0.00714,0.0405
210,nan,0.003169,nan,0.003169,PDE_obj_MSE,0.17,0.4576036,0.0001,nan,0.0013,0.00648,0.0379
220,nan,0.002975,nan,0.002975,PDE_obj_MSE,0.203,0.4576036,0.0001,nan,0.0012,0.00583,0.036
230,nan,0.002797,nan,0.002797,PDE_obj_MSE,0.182,0.4576036,0.0001,nan,0.0012,0.00511,0.0343
240,nan,0.002631,nan,0.002631,PDE_obj_MSE,0.163,0.4576036,0.0001,nan,0.0011,0.00516,0.0334
250,nan,0.002468,nan,0.002468,PDE_obj_MSE,0.285,0.4576036,0.0001,nan,0.0011,0.00495,0.0328
260,nan,0.002303,nan,0.002303,PDE_obj_MSE,0.212,0.4576036,0.0001,nan,0.0011,0.00425,0.0286
270,nan,0.002182,nan,0.002182,PDE_obj_MSE,0.23,0.4576036,0.0001,nan,0.001,0.00423,0.0273
280,nan,0.002044,nan,0.002044,PDE_obj_MSE,0.227,0.4576036,0.0001,nan,0.001,0.00404,0.0278
290,nan,0.00193,nan,0.00193,PDE_obj_MSE,0.328,0.4576036,0.0001,nan,0.00098,0.00342,0.0242
300,nan,0.001807,nan,0.001807,PDE_obj_MSE,0.392,0.4576036,0.0001,nan,0.00094,0.00301,0.0227
310,nan,0.001691,nan,0.001691,PDE_obj_MSE,0.32,0.4576036,0.0001,nan,0.0009,0.0028,0.0207
320,nan,0.001595,nan,0.001595,PDE_obj_MSE,0.383,0.4576036,0.0001,nan,0.00087,0.00318,0.0216
330,nan,0.00152,nan,0.00152,PDE_obj_MSE,0.313,0.4576036,0.0001,nan,0.00084,0.00297,0.0215
340,nan,0.001449,nan,0.001449,PDE_obj_MSE,0.144,0.4576036,0.0001,nan,0.00082,0.00576,0.0295
350,nan,0.001379,nan,0.001379,PDE_obj_MSE,0.37,0.4576036,0.0001,nan,0.0008,0.00343,0.0204
360,nan,0.001326,nan,0.001326,PDE_obj_MSE,0.25,0.4576036,0.0001,nan,0.00077,0.00723,0.029
370,nan,0.001282,nan,0.001282,PDE_obj_MSE,0.186,0.4576036,0.0001,nan,0.00076,0.00617,0.0302
380,nan,0.001246,nan,0.001246,PDE_obj_MSE,0.184,0.4576036,0.0001,nan,0.00074,0.00714,0.028
390,nan,0.001205,nan,0.001205,PDE_obj_MSE,0.572,0.4576036,0.0001,nan,0.00072,0.00239,0.0151
400,nan,0.001175,nan,0.001175,PDE_obj_MSE,0.515,0.4576036,0.0001,nan,0.00071,0.00247,0.0136
410,nan,0.001123,nan,0.001123,PDE_obj_MSE,0.51,0.4576036,0.0001,nan,0.00069,0.00192,0.013
420,nan,0.001088,nan,0.001088,PDE_obj_MSE,0.11,0.4576036,0.0001,nan,0.00068,0.0109,0.0373
430,nan,0.001058,nan,0.001058,PDE_obj_MSE,0.0614,0.4576036,0.0001,nan,0.00066,0.00969,0.0351
440,nan,0.001039,nan,0.001039,PDE_obj_MSE,0.338,0.4576036,0.0001,nan,0.00065,0.00527,0.0196
450,nan,0.001014,nan,0.001014,PDE_obj_MSE,0.491,0.4576036,0.0001,nan,0.00064,0.00369,0.0157
460,nan,0.0009928,nan,0.0009928,PDE_obj_MSE,0.365,0.4576036,0.0001,nan,0.00063,0.00489,0.0186
470,nan,0.0009716,nan,0.0009716,PDE_obj_MSE,0.272,0.4576036,0.0001,nan,0.00063,0.00538,0.0219
480,nan,0.0009456,nan,0.0009456,PDE_obj_MSE,0.434,0.4576036,0.0001,nan,0.00062,0.00354,0.0154
490,nan,0.0009244,nan,0.0009244,PDE_obj_MSE,0.137,0.4576036,0.0001,nan,0.00061,0.00894,0.03
500,nan,0.0009079,nan,0.0009079,PDE_obj_MSE,0.687,0.4576036,0.0001,nan,0.0006,0.00231,0.0116
510,nan,0.0008825,nan,0.0008825,PDE_obj_MSE,0.423,0.4576036,0.0001,nan,0.00059,0.00435,0.0153
520,nan,0.0008571,nan,0.0008571,PDE_obj_MSE,0.676,0.4576036,0.0001,nan,0.00058,0.00243,0.0121
530,nan,0.0008219,nan,0.0008219,PDE_obj_MSE,0.121,0.4576036,0.0001,nan,0.00058,0.00956,0.0308
540,nan,0.000813,nan,0.000813,PDE_obj_MSE,0.885,0.4576036,0.0001,nan,0.00057,0.00177,0.00988
550,nan,0.00079,nan,0.00079,PDE_obj_MSE,0.158,0.4576036,0.0001,nan,0.00057,0.00778,0.0249
560,nan,0.0007803,nan,0.0007803,PDE_obj_MSE,0.654,0.4576036,0.0001,nan,0.00056,0.00218,0.0111
570,nan,0.0007586,nan,0.0007586,PDE_obj_MSE,0.785,0.4576036,0.0001,nan,0.00055,0.00262,0.00952
580,nan,0.000738,nan,0.000738,PDE_obj_MSE,0.943,0.4576036,0.0001,nan,0.00055,0.0014,0.00776
590,nan,0.0007232,nan,0.0007232,PDE_obj_MSE,0.139,0.4576036,0.0001,nan,0.00055,0.00938,0.0258
600,nan,0.0007046,nan,0.0007046,PDE_obj_MSE,0.138,0.4576036,0.0001,nan,0.00054,0.00905,0.0285
610,nan,0.0006889,nan,0.0006889,PDE_obj_MSE,0.166,0.4576036,0.0001,nan,0.00053,0.00568,0.0198
620,nan,0.0006735,nan,0.0006735,PDE_obj_MSE,0.181,0.4576036,0.0001,nan,0.00053,0.00649,0.0199
630,nan,0.0006606,nan,0.0006606,PDE_obj_MSE,0.123,0.4576036,0.0001,nan,0.00053,0.00829,0.0269
640,nan,0.0006482,nan,0.0006482,PDE_obj_MSE,0.463,0.4576036,0.0001,nan,0.00052,0.00308,0.0122
650,nan,0.0006311,nan,0.0006311,PDE_obj_MSE,0.214,0.4576036,0.0001,nan,0.00051,0.00638,0.0182
660,nan,0.0006236,nan,0.0006236,PDE_obj_MSE,0.668,0.4576036,0.0001,nan,0.00051,0.00319,0.0105
670,nan,0.0006082,nan,0.0006082,PDE_obj_MSE,0.548,0.4576036,0.0001,nan,0.0005,0.00285,0.0116
680,nan,0.0005978,nan,0.0005978,PDE_obj_MSE,0.254,0.4576036,0.0001,nan,0.0005,0.00603,0.0167
690,nan,0.0005943,nan,0.0005943,PDE_obj_MSE,0.72,0.4576036,0.0001,nan,0.0005,0.00156,0.00869
700,nan,0.0005814,nan,0.0005814,PDE_obj_MSE,0.228,0.4576036,0.0001,nan,0.0005,0.0068,0.0189
710,nan,0.0005724,nan,0.0005724,PDE_obj_MSE,0.116,0.4576036,0.0001,nan,0.0005,0.00977,0.0254
720,nan,0.0005645,nan,0.0005645,PDE_obj_MSE,0.482,0.4576036,0.0001,nan,0.00049,0.00305,0.0102
730,nan,0.0005531,nan,0.0005531,PDE_obj_MSE,1.03,0.4576036,0.0001,nan,0.00048,0.000901,0.00566
740,nan,0.0005458,nan,0.0005458,PDE_obj_MSE,0.104,0.4576036,0.0001,nan,0.00048,0.00966,0.0251
750,nan,0.0005379,nan,0.0005379,PDE_obj_MSE,0.323,0.4576036,0.0001,nan,0.00047,0.00497,0.0131
760,nan,0.0005287,nan,0.0005287,PDE_obj_MSE,1.01,0.4576036,0.0001,nan,0.00047,0.000933,0.00619
770,nan,0.0005187,nan,0.0005187,PDE_obj_MSE,1.0,0.4576036,0.0001,nan,0.00047,0.00093,0.00572
780,nan,0.0005111,nan,0.0005111,PDE_obj_MSE,0.163,0.4576036,0.0001,nan,0.00046,0.00577,0.0175
790,nan,0.0005027,nan,0.0005027,PDE_obj_MSE,0.147,0.4576036,0.0001,nan,0.00046,0.00688,0.0209
800,nan,0.0005016,nan,0.0005016,PDE_obj_MSE,0.555,0.4576036,0.0001,nan,0.00045,0.00347,0.012
810,nan,0.0004912,nan,0.0004912,PDE_obj_MSE,0.342,0.4576036,0.0001,nan,0.00045,0.00382,0.0118
820,nan,0.0004856,nan,0.0004856,PDE_obj_MSE,0.498,0.4576036,0.0001,nan,0.00045,0.00355,0.00947
830,nan,0.0004737,nan,0.0004737,PDE_obj_MSE,0.965,0.4576036,0.0001,nan,0.00044,0.000756,0.00478
840,nan,0.0004689,nan,0.0004689,PDE_obj_MSE,0.96,0.4576036,0.0001,nan,0.00044,0.00102,0.00647
850,nan,0.0004616,nan,0.0004616,PDE_obj_MSE,0.172,0.4576036,0.0001,nan,0.00044,0.00571,0.0175
860,nan,0.000456,nan,0.000456,PDE_obj_MSE,0.302,0.4576036,0.0001,nan,0.00043,0.00366,0.0109
870,nan,0.000452,nan,0.000452,PDE_obj_MSE,0.944,0.4576036,0.0001,nan,0.00043,0.00155,0.00659
880,nan,0.0004452,nan,0.0004452,PDE_obj_MSE,0.0953,0.4576036,0.0001,nan,0.00043,0.00622,0.0175
890,nan,0.0004394,nan,0.0004394,PDE_obj_MSE,0.223,0.4576036,0.0001,nan,0.00043,0.00444,0.0132
900,nan,0.0004337,nan,0.0004337,PDE_obj_MSE,0.296,0.4576036,0.0001,nan,0.00042,0.00386,0.0111
910,nan,0.0004318,nan,0.0004318,PDE_obj_MSE,0.839,0.4576036,0.0001,nan,0.00042,0.00152,0.00619
920,nan,0.000426,nan,0.000426,PDE_obj_MSE,0.69,0.4576036,0.0001,nan,0.00042,0.00246,0.00746
930,nan,0.00042,nan,0.00042,PDE_obj_MSE,0.352,0.4576036,0.0001,nan,0.00041,0.00411,0.0102
940,nan,0.0004187,nan,0.0004187,PDE_obj_MSE,0.513,0.4576036,0.0001,nan,0.00041,0.00344,0.00942
950,nan,0.0004154,nan,0.0004154,PDE_obj_MSE,0.904,0.4576036,0.0001,nan,0.00041,0.00102,0.00738
960,nan,0.0004074,nan,0.0004074,PDE_obj_MSE,0.196,0.4576036,0.0001,nan,0.00041,0.00527,0.014
970,nan,0.0004029,nan,0.0004029,PDE_obj_MSE,0.133,0.4576036,0.0001,nan,0.0004,0.00594,0.0164
980,nan,0.0003974,nan,0.0003974,PDE_obj_MSE,0.16,0.4576036,0.0001,nan,0.0004,0.00531,0.0154
990,nan,0.0003942,nan,0.0003942,PDE_obj_MSE,0.454,0.4576036,0.0001,nan,0.0004,0.00196,0.00867
1000,nan,0.0003922,nan,0.0003922,PDE_obj_MSE,0.969,0.4576036,0.0001,nan,0.00039,0.00173,0.00542
1010,nan,0.000385,nan,0.000385,PDE_obj_MSE,0.338,0.4576036,0.0001,nan,0.00039,0.00278,0.00976
1020,nan,0.000381,nan,0.000381,PDE_obj_MSE,0.118,0.4576036,0.0001,nan,0.00039,0.00568,0.0178
1030,nan,0.0003795,nan,0.0003795,PDE_obj_MSE,0.49,0.4576036,0.0001,nan,0.00039,0.00251,0.00852
1040,nan,0.0003747,nan,0.0003747,PDE_obj_MSE,0.155,0.4576036,0.0001,nan,0.00039,0.00512,0.0147
1050,nan,0.0003712,nan,0.0003712,PDE_obj_MSE,0.096,0.4576036,0.0001,nan,0.00038,0.00576,0.0178
1060,nan,0.0003704,nan,0.0003704,PDE_obj_MSE,0.855,0.4576036,0.0001,nan,0.00038,0.00145,0.00606
1070,nan,0.0003643,nan,0.0003643,PDE_obj_MSE,0.0714,0.4576036,0.0001,nan,0.00038,0.00719,0.02
1080,nan,0.0003606,nan,0.0003606,PDE_obj_MSE,0.203,0.4576036,0.0001,nan,0.00038,0.00445,0.0133
1090,nan,0.0003581,nan,0.0003581,PDE_obj_MSE,1.02,0.4576036,0.0001,nan,0.00037,0.000794,0.0041
1100,nan,0.000354,nan,0.000354,PDE_obj_MSE,1.02,0.4576036,0.0001,nan,0.00037,0.000725,0.00424
1110,nan,0.0003506,nan,0.0003506,PDE_obj_MSE,1.01,0.4576036,0.0001,nan,0.00037,0.000598,0.00367
1120,nan,0.0003517,nan,0.0003517,PDE_obj_MSE,0.688,0.4576036,0.0001,nan,0.00037,0.00176,0.00746
1130,nan,0.0003443,nan,0.0003443,PDE_obj_MSE,0.123,0.4576036,0.0001,nan,0.00037,0.00606,0.017
1140,nan,0.0003433,nan,0.0003433,PDE_obj_MSE,0.111,0.4576036,0.0001,nan,0.00037,0.00647,0.0177
1150,nan,0.00034,nan,0.00034,PDE_obj_MSE,0.0917,0.4576036,0.0001,nan,0.00036,0.00569,0.0177
1160,nan,0.0003362,nan,0.0003362,PDE_obj_MSE,0.26,0.4576036,0.0001,nan,0.00036,0.00424,0.0111
1170,nan,0.0003347,nan,0.0003347,PDE_obj_MSE,0.0909,0.4576036,0.0001,nan,0.00036,0.00732,0.0216
1180,nan,0.0003305,nan,0.0003305,PDE_obj_MSE,0.146,0.4576036,0.0001,nan,0.00036,0.00563,0.0168
1190,nan,0.000331,nan,0.000331,PDE_obj_MSE,0.976,0.4576036,0.0001,nan,0.00035,0.00101,0.00468
1200,nan,0.0003263,nan,0.0003263,PDE_obj_MSE,0.233,0.4576036,0.0001,nan,0.00035,0.00343,0.0111
1210,nan,0.0003243,nan,0.0003243,PDE_obj_MSE,0.339,0.4576036,0.0001,nan,0.00035,0.00272,0.00851
1220,nan,0.0003216,nan,0.0003216,PDE_obj_MSE,0.254,0.4576036,0.0001,nan,0.00035,0.00265,0.00914
1230,nan,0.0003203,nan,0.0003203,PDE_obj_MSE,0.448,0.4576036,0.0001,nan,0.00035,0.00267,0.00793
1240,nan,0.0003171,nan,0.0003171,PDE_obj_MSE,0.129,0.4576036,0.0001,nan,0.00035,0.00534,0.0163
1250,nan,0.000314,nan,0.000314,PDE_obj_MSE,0.251,0.4576036,0.0001,nan,0.00034,0.0029,0.00926
1260,nan,0.0003112,nan,0.0003112,PDE_obj_MSE,0.206,0.4576036,0.0001,nan,0.00034,0.00356,0.0109
1270,nan,0.0003124,nan,0.0003124,PDE_obj_MSE,0.709,0.4576036,0.0001,nan,0.00034,0.0017,0.00609
1280,nan,0.0003079,nan,0.0003079,PDE_obj_MSE,0.105,0.4576036,0.0001,nan,0.00034,0.00472,0.0136
1290,nan,0.0003102,nan,0.0003102,PDE_obj_MSE,0.936,0.4576036,0.0001,nan,0.00034,0.00213,0.00623
1300,nan,0.0003026,nan,0.0003026,PDE_obj_MSE,0.297,0.4576036,0.0001,nan,0.00034,0.0031,0.0104
1310,nan,0.000301,nan,0.000301,PDE_obj_MSE,0.394,0.4576036,0.0001,nan,0.00033,0.00235,0.00861
1320,nan,0.0002986,nan,0.0002986,PDE_obj_MSE,0.0939,0.4576036,0.0001,nan,0.00033,0.00546,0.0157
1330,nan,0.0002985,nan,0.0002985,PDE_obj_MSE,0.838,0.4576036,0.0001,nan,0.00033,0.00195,0.00559
1340,nan,0.0002927,nan,0.0002927,PDE_obj_MSE,0.2,0.4576036,0.0001,nan,0.00033,0.00395,0.0115
1350,nan,0.0002919,nan,0.0002919,PDE_obj_MSE,0.124,0.4576036,0.0001,nan,0.00033,0.00333,0.0111
1360,nan,0.0002896,nan,0.0002896,PDE_obj_MSE,1.0,0.4576036,0.0001,nan,0.00033,0.000436,0.00296
1370,nan,0.0002903,nan,0.0002903,PDE_obj_MSE,0.998,0.4576036,0.0001,nan,0.00033,0.00137,0.0046
1380,nan,0.0002864,nan,0.0002864,PDE_obj_MSE,0.747,0.4576036,0.0001,nan,0.00032,0.0012,0.00553
1390,nan,0.0002857,nan,0.0002857,PDE_obj_MSE,0.9,0.4576036,0.0001,nan,0.00032,0.00175,0.00538
1400,nan,0.0002814,nan,0.0002814,PDE_obj_MSE,0.987,0.4576036,0.0001,nan,0.00032,0.00102,0.00492
1410,nan,0.0002802,nan,0.0002802,PDE_obj_MSE,0.121,0.4576036,0.0001,nan,0.00032,0.00468,0.0147
1420,nan,0.0002799,nan,0.0002799,PDE_obj_MSE,0.979,0.4576036,0.0001,nan,0.00032,0.00152,0.0043
1430,nan,0.0002768,nan,0.0002768,PDE_obj_MSE,0.0991,0.4576036,0.0001,nan,0.00032,0.00562,0.0175
1440,nan,0.0002747,nan,0.0002747,PDE_obj_MSE,0.0816,0.4576036,0.0001,nan,0.00032,0.00497,0.0144
1450,nan,0.0002736,nan,0.0002736,PDE_obj_MSE,0.969,0.4576036,0.0001,nan,0.00032,0.000612,0.00322
1460,nan,0.0002716,nan,0.0002716,PDE_obj_MSE,0.081,0.4576036,0.0001,nan,0.00032,0.00531,0.0166
1470,nan,0.0002696,nan,0.0002696,PDE_obj_MSE,0.118,0.4576036,0.0001,nan,0.00032,0.00473,0.015
1480,nan,0.0002672,nan,0.0002672,PDE_obj_MSE,0.958,0.4576036,0.0001,nan,0.00031,0.000637,0.00303
1490,nan,0.0002666,nan,0.0002666,PDE_obj_MSE,0.445,0.4576036,0.0001,nan,0.00031,0.00236,0.00749
1500,nan,0.0002644,nan,0.0002644,PDE_obj_MSE,0.129,0.4576036,0.0001,nan,0.00031,0.0049,0.0157
1510,nan,0.0002608,nan,0.0002608,PDE_obj_MSE,0.206,0.4576036,0.0001,nan,0.00031,0.00365,0.0117
1520,nan,0.0002616,nan,0.0002616,PDE_obj_MSE,0.945,0.4576036,0.0001,nan,0.00031,0.00138,0.00447
1530,nan,0.00026,nan,0.00026,PDE_obj_MSE,0.585,0.4576036,0.0001,nan,0.00031,0.00167,0.00629
1540,nan,0.0002561,nan,0.0002561,PDE_obj_MSE,0.299,0.4576036,0.0001,nan,0.0003,0.00327,0.00981
1550,nan,0.0002571,nan,0.0002571,PDE_obj_MSE,0.935,0.4576036,0.0001,nan,0.0003,0.000905,0.00429
1560,nan,0.0002536,nan,0.0002536,PDE_obj_MSE,0.203,0.4576036,0.0001,nan,0.0003,0.00299,0.00933
1570,nan,0.0002522,nan,0.0002522,PDE_obj_MSE,0.184,0.4576036,0.0001,nan,0.0003,0.00304,0.0107
1580,nan,0.0002504,nan,0.0002504,PDE_obj_MSE,0.295,0.4576036,0.0001,nan,0.0003,0.00242,0.00684
1590,nan,0.000249,nan,0.000249,PDE_obj_MSE,0.182,0.4576036,0.0001,nan,0.0003,0.00344,0.0114
1600,nan,0.0002476,nan,0.0002476,PDE_obj_MSE,0.39,0.4576036,0.0001,nan,0.0003,0.00221,0.00711
1610,nan,0.0002462,nan,0.0002462,PDE_obj_MSE,0.102,0.4576036,0.0001,nan,0.0003,0.00515,0.0161
1620,nan,0.0002461,nan,0.0002461,PDE_obj_MSE,0.0843,0.4576036,0.0001,nan,0.0003,0.00497,0.0153
1630,nan,0.000244,nan,0.000244,PDE_obj_MSE,0.29,0.4576036,0.0001,nan,0.0003,0.00253,0.00831
1640,nan,0.0002465,nan,0.0002465,PDE_obj_MSE,0.998,0.4576036,0.0001,nan,0.00029,0.00139,0.00489
1650,nan,0.0002421,nan,0.0002421,PDE_obj_MSE,0.995,0.4576036,0.0001,nan,0.00029,0.00128,0.00399
1660,nan,0.0002394,nan,0.0002394,PDE_obj_MSE,0.162,0.4576036,0.0001,nan,0.00029,0.00408,0.0131
1670,nan,0.0002383,nan,0.0002383,PDE_obj_MSE,0.461,0.4576036,0.0001,nan,0.00029,0.00225,0.00637
1680,nan,0.0002367,nan,0.0002367,PDE_obj_MSE,0.195,0.4576036,0.0001,nan,0.00029,0.00318,0.0105
1690,nan,0.000235,nan,0.000235,PDE_obj_MSE,0.982,0.4576036,0.0001,nan,0.00029,0.000933,0.00338
1700,nan,0.0002336,nan,0.0002336,PDE_obj_MSE,0.979,0.4576036,0.0001,nan,0.00029,0.000987,0.00408
1710,nan,0.0002316,nan,0.0002316,PDE_obj_MSE,0.176,0.4576036,0.0001,nan,0.00029,0.00362,0.0123
1720,nan,0.0002319,nan,0.0002319,PDE_obj_MSE,0.159,0.4576036,0.0001,nan,0.00029,0.00254,0.00943
1730,nan,0.0002309,nan,0.0002309,PDE_obj_MSE,0.34,0.4576036,0.0001,nan,0.00028,0.00275,0.00825
1740,nan,0.0002283,nan,0.0002283,PDE_obj_MSE,0.967,0.4576036,0.0001,nan,0.00028,0.000572,0.00254
1750,nan,0.0002305,nan,0.0002305,PDE_obj_MSE,0.964,0.4576036,0.0001,nan,0.00028,0.00144,0.0045
1760,nan,0.0002264,nan,0.0002264,PDE_obj_MSE,0.37,0.4576036,0.0001,nan,0.00028,0.00258,0.00768
1770,nan,0.0002258,nan,0.0002258,PDE_obj_MSE,0.492,0.4576036,0.0001,nan,0.00028,0.0017,0.00591
1780,nan,0.0002239,nan,0.0002239,PDE_obj_MSE,0.129,0.4576036,0.0001,nan,0.00028,0.00403,0.0135
1790,nan,0.0002243,nan,0.0002243,PDE_obj_MSE,0.952,0.4576036,0.0001,nan,0.00028,0.000884,0.00312
1800,nan,0.0002224,nan,0.0002224,PDE_obj_MSE,0.0409,0.4576036,0.0001,nan,0.00028,0.00498,0.0153
1810,nan,0.0002201,nan,0.0002201,PDE_obj_MSE,0.441,0.4576036,0.0001,nan,0.00028,0.00155,0.00541
1820,nan,0.0002198,nan,0.0002198,PDE_obj_MSE,0.78,0.4576036,0.0001,nan,0.00028,0.00105,0.00438
1830,nan,0.0002174,nan,0.0002174,PDE_obj_MSE,0.33,0.4576036,0.0001,nan,0.00028,0.00246,0.00866
1840,nan,0.0002172,nan,0.0002172,PDE_obj_MSE,0.169,0.4576036,0.0001,nan,0.00028,0.00313,0.01
1850,nan,0.0002155,nan,0.0002155,PDE_obj_MSE,0.204,0.4576036,0.0001,nan,0.00028,0.00304,0.00958
1860,nan,0.0002138,nan,0.0002138,PDE_obj_MSE,0.152,0.4576036,0.0001,nan,0.00028,0.00361,0.0117
1870,nan,0.0002149,nan,0.0002149,PDE_obj_MSE,0.845,0.4576036,0.0001,nan,0.00027,0.00155,0.00465
1880,nan,0.0002124,nan,0.0002124,PDE_obj_MSE,0.222,0.4576036,0.0001,nan,0.00027,0.00275,0.0091
1890,nan,0.0002102,nan,0.0002102,PDE_obj_MSE,0.221,0.4576036,0.0001,nan,0.00027,0.00229,0.0075
1900,nan,0.0002103,nan,0.0002103,PDE_obj_MSE,0.43,0.4576036,0.0001,nan,0.00027,0.00218,0.00695
1910,nan,0.0002068,nan,0.0002068,PDE_obj_MSE,1.01,0.4576036,0.0001,nan,0.00027,0.000608,0.00258
1920,nan,0.0002071,nan,0.0002071,PDE_obj_MSE,0.353,0.4576036,0.0001,nan,0.00027,0.0022,0.00722
1930,nan,0.0002069,nan,0.0002069,PDE_obj_MSE,0.0844,0.4576036,0.0001,nan,0.00027,0.00431,0.0137
1940,nan,0.0002057,nan,0.0002057,PDE_obj_MSE,1.0,0.4576036,0.0001,nan,0.00027,0.00104,0.00376
1950,nan,0.0002034,nan,0.0002034,PDE_obj_MSE,0.319,0.4576036,0.0001,nan,0.00027,0.00245,0.00797
1960,nan,0.0002024,nan,0.0002024,PDE_obj_MSE,0.997,0.4576036,0.0001,nan,0.00026,0.000809,0.00303
1970,nan,0.000202,nan,0.000202,PDE_obj_MSE,0.51,0.4576036,0.0001,nan,0.00026,0.00151,0.00511
1980,nan,0.0002,nan,0.0002,PDE_obj_MSE,0.992,0.4576036,0.0001,nan,0.00026,0.00031,0.00214
1990,nan,0.0002001,nan,0.0002001,PDE_obj_MSE,0.558,0.4576036,0.0001,nan,0.00026,0.00136,0.00525
2000,nan,0.0001982,nan,0.0001982,PDE_obj_MSE,0.0827,0.4576036,0.0001,nan,0.00026,0.00501,0.0159
2010,nan,0.0001961,nan,0.0001961,PDE_obj_MSE,0.983,0.4576036,0.0001,nan,0.00026,0.000483,0.00271
2020,nan,0.0001959,nan,0.0001959,PDE_obj_MSE,0.344,0.4576036,0.0001,nan,0.00026,0.00187,0.00656
2030,nan,0.000195,nan,0.000195,PDE_obj_MSE,0.978,0.4576036,0.0001,nan,0.00026,0.000391,0.00197
2040,nan,0.0001943,nan,0.0001943,PDE_obj_MSE,0.501,0.4576036,0.0001,nan,0.00026,0.0018,0.00551
2050,nan,0.0001929,nan,0.0001929,PDE_obj_MSE,0.175,0.4576036,0.0001,nan,0.00026,0.00283,0.00873
2060,nan,0.0001922,nan,0.0001922,PDE_obj_MSE,0.232,0.4576036,0.0001,nan,0.00026,0.0023,0.00777
2070,nan,0.0001914,nan,0.0001914,PDE_obj_MSE,0.968,0.4576036,0.0001,nan,0.00026,0.000692,0.00286
2080,nan,0.0001904,nan,0.0001904,PDE_obj_MSE,0.338,0.4576036,0.0001,nan,0.00026,0.0024,0.00837
2090,nan,0.0001895,nan,0.0001895,PDE_obj_MSE,0.157,0.4576036,0.0001,nan,0.00026,0.00295,0.01
2100,nan,0.0001873,nan,0.0001873,PDE_obj_MSE,0.96,0.4576036,0.0001,nan,0.00025,0.000253,0.00195
2110,nan,0.0001874,nan,0.0001874,PDE_obj_MSE,0.369,0.4576036,0.0001,nan,0.00025,0.00217,0.00722
2120,nan,0.0001853,nan,0.0001853,PDE_obj_MSE,0.156,0.4576036,0.0001,nan,0.00025,0.00361,0.0124
2130,nan,0.0001854,nan,0.0001854,PDE_obj_MSE,0.953,0.4576036,0.0001,nan,0.00025,0.000678,0.0031
2140,nan,0.0001838,nan,0.0001838,PDE_obj_MSE,0.171,0.4576036,0.0001,nan,0.00025,0.00287,0.00929
2150,nan,0.0001837,nan,0.0001837,PDE_obj_MSE,0.589,0.4576036,0.0001,nan,0.00025,0.00125,0.0055
2160,nan,0.0001821,nan,0.0001821,PDE_obj_MSE,0.945,0.4576036,0.0001,nan,0.00025,0.000617,0.00265
2170,nan,0.000182,nan,0.000182,PDE_obj_MSE,0.943,0.4576036,0.0001,nan,0.00025,0.00115,0.00427
2180,nan,0.0001812,nan,0.0001812,PDE_obj_MSE,0.777,0.4576036,0.0001,nan,0.00025,0.000949,0.00389
2190,nan,0.0001795,nan,0.0001795,PDE_obj_MSE,0.105,0.4576036,0.0001,nan,0.00025,0.00348,0.0116
2200,nan,0.000179,nan,0.000179,PDE_obj_MSE,0.361,0.4576036,0.0001,nan,0.00025,0.00169,0.00599
2210,nan,0.0001784,nan,0.0001784,PDE_obj_MSE,0.0948,0.4576036,0.0001,nan,0.00025,0.00452,0.0157
2220,nan,0.0001799,nan,0.0001799,PDE_obj_MSE,0.931,0.4576036,0.0001,nan,0.00024,0.00125,0.00514
2230,nan,0.000176,nan,0.000176,PDE_obj_MSE,0.104,0.4576036,0.0001,nan,0.00025,0.00321,0.0108
2240,nan,0.0001755,nan,0.0001755,PDE_obj_MSE,0.393,0.4576036,0.0001,nan,0.00024,0.00172,0.00618
2250,nan,0.0001753,nan,0.0001753,PDE_obj_MSE,0.924,0.4576036,0.0001,nan,0.00024,0.000696,0.00309
2260,nan,0.0001733,nan,0.0001733,PDE_obj_MSE,0.243,0.4576036,0.0001,nan,0.00024,0.00202,0.00724
2270,nan,0.0001727,nan,0.0001727,PDE_obj_MSE,0.429,0.4576036,0.0001,nan,0.00024,0.00179,0.00629
2280,nan,0.0001713,nan,0.0001713,PDE_obj_MSE,1.01,0.4576036,0.0001,nan,0.00024,0.000284,0.00187
2290,nan,0.0001717,nan,0.0001717,PDE_obj_MSE,0.757,0.4576036,0.0001,nan,0.00024,0.00121,0.00415
2300,nan,0.0001703,nan,0.0001703,PDE_obj_MSE,0.241,0.4576036,0.0001,nan,0.00024,0.00308,0.00903
2310,nan,0.0001684,nan,0.0001684,PDE_obj_MSE,1.0,0.4576036,0.0001,nan,0.00024,0.000388,0.00204
2320,nan,0.0001677,nan,0.0001677,PDE_obj_MSE,0.198,0.4576036,0.0001,nan,0.00024,0.0026,0.00826
2330,nan,0.0001673,nan,0.0001673,PDE_obj_MSE,0.35,0.4576036,0.0001,nan,0.00024,0.00228,0.00729
2340,nan,0.0001682,nan,0.0001682,PDE_obj_MSE,0.995,0.4576036,0.0001,nan,0.00024,0.00118,0.00347
2350,nan,0.0001664,nan,0.0001664,PDE_obj_MSE,0.993,0.4576036,0.0001,nan,0.00024,0.000823,0.00359
2360,nan,0.0001654,nan,0.0001654,PDE_obj_MSE,0.316,0.4576036,0.0001,nan,0.00024,0.00209,0.00716
2370,nan,0.000164,nan,0.000164,PDE_obj_MSE,0.988,0.4576036,0.0001,nan,0.00024,0.000295,0.00172
2380,nan,0.0001656,nan,0.0001656,PDE_obj_MSE,0.986,0.4576036,0.0001,nan,0.00023,0.0012,0.00421
2390,nan,0.0001623,nan,0.0001623,PDE_obj_MSE,0.984,0.4576036,0.0001,nan,0.00023,0.000288,0.00182
2400,nan,0.0001631,nan,0.0001631,PDE_obj_MSE,0.981,0.4576036,0.0001,nan,0.00023,0.00092,0.00348
2410,nan,0.000161,nan,0.000161,PDE_obj_MSE,0.979,0.4576036,0.0001,nan,0.00023,0.000286,0.0015
2420,nan,0.0001591,nan,0.0001591,PDE_obj_MSE,0.977,0.4576036,0.0001,nan,0.00023,0.00026,0.0015
2430,nan,0.0001584,nan,0.0001584,PDE_obj_MSE,0.975,0.4576036,0.0001,nan,0.00023,0.000889,0.00296
2440,nan,0.0001586,nan,0.0001586,PDE_obj_MSE,0.972,0.4576036,0.0001,nan,0.00023,0.000461,0.00261
2450,nan,0.0001571,nan,0.0001571,PDE_obj_MSE,0.374,0.4576036,0.0001,nan,0.00023,0.00171,0.00635
2460,nan,0.0001571,nan,0.0001571,PDE_obj_MSE,0.452,0.4576036,0.0001,nan,0.00023,0.00171,0.00564
2470,nan,0.0001561,nan,0.0001561,PDE_obj_MSE,0.0891,0.4576036,0.0001,nan,0.00023,0.00391,0.0135
2480,nan,0.0001551,nan,0.0001551,PDE_obj_MSE,0.338,0.4576036,0.0001,nan,0.00023,0.00213,0.00738
2490,nan,0.0001546,nan,0.0001546,PDE_obj_MSE,0.173,0.4576036,0.0001,nan,0.00023,0.00247,0.00856
2500,nan,0.0001538,nan,0.0001538,PDE_obj_MSE,0.959,0.4576036,0.0001,nan,0.00023,0.000219,0.00161
2510,nan,0.0001524,nan,0.0001524,PDE_obj_MSE,0.957,0.4576036,0.0001,nan,0.00023,0.000375,0.00258
2520,nan,0.0001523,nan,0.0001523,PDE_obj_MSE,0.0728,0.4576036,0.0001,nan,0.00023,0.00379,0.0122
2530,nan,0.0001517,nan,0.0001517,PDE_obj_MSE,0.489,0.4576036,0.0001,nan,0.00022,0.0015,0.00549
2540,nan,0.0001505,nan,0.0001505,PDE_obj_MSE,0.106,0.4576036,0.0001,nan,0.00023,0.003,0.0103
2550,nan,0.0001504,nan,0.0001504,PDE_obj_MSE,0.227,0.4576036,0.0001,nan,0.00023,0.00263,0.0087
2560,nan,0.0001498,nan,0.0001498,PDE_obj_MSE,0.0961,0.4576036,0.0001,nan,0.00022,0.00373,0.012
2570,nan,0.0001513,nan,0.0001513,PDE_obj_MSE,0.945,0.4576036,0.0001,nan,0.00022,0.000949,0.00358
2580,nan,0.0001501,nan,0.0001501,PDE_obj_MSE,0.943,0.4576036,0.0001,nan,0.00022,0.000896,0.00387
2590,nan,0.0001479,nan,0.0001479,PDE_obj_MSE,0.642,0.4576036,0.0001,nan,0.00022,0.0015,0.00479
2600,nan,0.000146,nan,0.000146,PDE_obj_MSE,1.03,0.4576036,0.0001,nan,0.00022,0.000354,0.0016
2610,nan,0.0001451,nan,0.0001451,PDE_obj_MSE,0.127,0.4576036,0.0001,nan,0.00022,0.00314,0.0101
2620,nan,0.0001459,nan,0.0001459,PDE_obj_MSE,0.153,0.4576036,0.0001,nan,0.00022,0.00268,0.00927
2630,nan,0.0001451,nan,0.0001451,PDE_obj_MSE,1.03,0.4576036,0.0001,nan,0.00022,0.000491,0.00224
2640,nan,0.0001447,nan,0.0001447,PDE_obj_MSE,0.769,0.4576036,0.0001,nan,0.00022,0.000976,0.00374
2650,nan,0.0001431,nan,0.0001431,PDE_obj_MSE,0.358,0.4576036,0.0001,nan,0.00022,0.00146,0.00602
2660,nan,0.0001439,nan,0.0001439,PDE_obj_MSE,0.523,0.4576036,0.0001,nan,0.00022,0.0018,0.00574
2670,nan,0.0001432,nan,0.0001432,PDE_obj_MSE,0.925,0.4576036,0.0001,nan,0.00022,0.000595,0.00293
2680,nan,0.0001418,nan,0.0001418,PDE_obj_MSE,0.431,0.4576036,0.0001,nan,0.00022,0.00162,0.00584
2690,nan,0.0001424,nan,0.0001424,PDE_obj_MSE,0.921,0.4576036,0.0001,nan,0.00022,0.000841,0.0032
2700,nan,0.0001399,nan,0.0001399,PDE_obj_MSE,0.22,0.4576036,0.0001,nan,0.00022,0.00272,0.0094
2710,nan,0.00014,nan,0.00014,PDE_obj_MSE,0.626,0.4576036,0.0001,nan,0.00021,0.000982,0.00401
2720,nan,0.0001391,nan,0.0001391,PDE_obj_MSE,1.01,0.4576036,0.0001,nan,0.00022,0.00048,0.00252
2730,nan,0.0001385,nan,0.0001385,PDE_obj_MSE,1.0,0.4576036,0.0001,nan,0.00021,0.000897,0.00393
2740,nan,0.0001381,nan,0.0001381,PDE_obj_MSE,0.102,0.4576036,0.0001,nan,0.00021,0.00291,0.0105
2750,nan,0.000137,nan,0.000137,PDE_obj_MSE,0.149,0.4576036,0.0001,nan,0.00021,0.00308,0.0101
2760,nan,0.0001363,nan,0.0001363,PDE_obj_MSE,0.198,0.4576036,0.0001,nan,0.00021,0.0022,0.00735
2770,nan,0.0001356,nan,0.0001356,PDE_obj_MSE,0.197,0.4576036,0.0001,nan,0.00021,0.0025,0.00844
2780,nan,0.0001347,nan,0.0001347,PDE_obj_MSE,0.995,0.4576036,0.0001,nan,0.00021,0.000337,0.00208
2790,nan,0.0001353,nan,0.0001353,PDE_obj_MSE,0.678,0.4576036,0.0001,nan,0.00021,0.00106,0.00406
2800,nan,0.0001342,nan,0.0001342,PDE_obj_MSE,0.42,0.4576036,0.0001,nan,0.00021,0.00149,0.00522
2810,nan,0.0001335,nan,0.0001335,PDE_obj_MSE,0.134,0.4576036,0.0001,nan,0.00021,0.00367,0.0115
2820,nan,0.0001337,nan,0.0001337,PDE_obj_MSE,0.987,0.4576036,0.0001,nan,0.00021,0.000633,0.00264
2830,nan,0.0001322,nan,0.0001322,PDE_obj_MSE,0.985,0.4576036,0.0001,nan,0.00021,0.000448,0.00187
2840,nan,0.0001321,nan,0.0001321,PDE_obj_MSE,0.983,0.4576036,0.0001,nan,0.00021,0.000581,0.00231
2850,nan,0.0001315,nan,0.0001315,PDE_obj_MSE,0.416,0.4576036,0.0001,nan,0.00021,0.00173,0.00606
2860,nan,0.0001306,nan,0.0001306,PDE_obj_MSE,0.312,0.4576036,0.0001,nan,0.00021,0.00164,0.00601
2870,nan,0.0001312,nan,0.0001312,PDE_obj_MSE,0.667,0.4576036,0.0001,nan,0.00021,0.00141,0.00464
2880,nan,0.0001287,nan,0.0001287,PDE_obj_MSE,0.975,0.4576036,0.0001,nan,0.00021,0.000386,0.00163
2890,nan,0.0001298,nan,0.0001298,PDE_obj_MSE,0.0817,0.4576036,0.0001,nan,0.00021,0.00408,0.0132
2900,nan,0.0001285,nan,0.0001285,PDE_obj_MSE,0.971,0.4576036,0.0001,nan,0.00021,0.000845,0.00268
2910,nan,0.0001295,nan,0.0001295,PDE_obj_MSE,0.969,0.4576036,0.0001,nan,0.0002,0.000879,0.00307
2920,nan,0.0001276,nan,0.0001276,PDE_obj_MSE,0.968,0.4576036,0.0001,nan,0.0002,0.000238,0.00147
2930,nan,0.0001276,nan,0.0001276,PDE_obj_MSE,0.878,0.4576036,0.0001,nan,0.0002,0.000921,0.00336
2940,nan,0.0001265,nan,0.0001265,PDE_obj_MSE,0.964,0.4576036,0.0001,nan,0.0002,0.000212,0.00144
2950,nan,0.0001267,nan,0.0001267,PDE_obj_MSE,0.543,0.4576036,0.0001,nan,0.0002,0.00141,0.00557
2960,nan,0.0001273,nan,0.0001273,PDE_obj_MSE,0.721,0.4576036,0.0001,nan,0.0002,0.00121,0.00459
2970,nan,0.0001241,nan,0.0001241,PDE_obj_MSE,0.958,0.4576036,0.0001,nan,0.0002,0.00034,0.00212
2980,nan,0.0001247,nan,0.0001247,PDE_obj_MSE,0.957,0.4576036,0.0001,nan,0.0002,0.000554,0.00205
2990,nan,0.0001237,nan,0.0001237,PDE_obj_MSE,0.208,0.4576036,0.0001,nan,0.0002,0.00199,0.00691
3000,nan,0.0001231,nan,0.0001231,PDE_obj_MSE,0.953,0.4576036,0.0001,nan,0.0002,0.000372,0.0022
3010,nan,0.0001229,nan,0.0001229,PDE_obj_MSE,0.117,0.4576036,0.0001,nan,0.0002,0.003,0.00985
3020,nan,0.0001223,nan,0.0001223,PDE_obj_MSE,0.949,0.4576036,0.0001,nan,0.0002,0.000313,0.00191
3030,nan,0.0001231,nan,0.0001231,PDE_obj_MSE,0.948,0.4576036,0.0001,nan,0.0002,0.000863,0.00345
3040,nan,0.0001208,nan,0.0001208,PDE_obj_MSE,0.946,0.4576036,0.0001,nan,0.0002,0.000251,0.00145
3050,nan,0.000121,nan,0.000121,PDE_obj_MSE,0.17,0.4576036,0.0001,nan,0.0002,0.00228,0.00793
3060,nan,0.000121,nan,0.000121,PDE_obj_MSE,0.644,0.4576036,0.0001,nan,0.0002,0.00129,0.00465
3070,nan,0.0001204,nan,0.0001204,PDE_obj_MSE,0.531,0.4576036,0.0001,nan,0.0002,0.00115,0.00451
3080,nan,0.0001202,nan,0.0001202,PDE_obj_MSE,0.53,0.4576036,0.0001,nan,0.0002,0.00131,0.00472
3090,nan,0.0001196,nan,0.0001196,PDE_obj_MSE,0.937,0.4576036,0.0001,nan,0.0002,0.000801,0.00299
3100,nan,0.0001189,nan,0.0001189,PDE_obj_MSE,0.639,0.4576036,0.0001,nan,0.0002,0.00115,0.00413
3110,nan,0.0001184,nan,0.0001184,PDE_obj_MSE,0.396,0.4576036,0.0001,nan,0.0002,0.00145,0.0053
3120,nan,0.0001177,nan,0.0001177,PDE_obj_MSE,0.203,0.4576036,0.0001,nan,0.0002,0.00183,0.00648
3130,nan,0.0001174,nan,0.0001174,PDE_obj_MSE,0.126,0.4576036,0.0001,nan,0.0002,0.00267,0.00905
3140,nan,0.0001167,nan,0.0001167,PDE_obj_MSE,0.152,0.4576036,0.0001,nan,0.0002,0.00315,0.0103
3150,nan,0.0001173,nan,0.0001173,PDE_obj_MSE,0.927,0.4576036,0.0001,nan,0.00019,0.000748,0.0029
3160,nan,0.0001159,nan,0.0001159,PDE_obj_MSE,0.201,0.4576036,0.0001,nan,0.00019,0.00172,0.00557
3170,nan,0.0001161,nan,0.0001161,PDE_obj_MSE,0.0705,0.4576036,0.0001,nan,0.00019,0.00379,0.0126
3180,nan,0.0001151,nan,0.0001151,PDE_obj_MSE,0.573,0.4576036,0.0001,nan,0.00019,0.00156,0.00529
3190,nan,0.000115,nan,0.000115,PDE_obj_MSE,0.629,0.4576036,0.0001,nan,0.00019,0.00125,0.00427
3200,nan,0.0001139,nan,0.0001139,PDE_obj_MSE,0.165,0.4576036,0.0001,nan,0.00019,0.00282,0.0094
3210,nan,0.0001139,nan,0.0001139,PDE_obj_MSE,0.428,0.4576036,0.0001,nan,0.00019,0.00162,0.00535
3220,nan,0.0001128,nan,0.0001128,PDE_obj_MSE,0.427,0.4576036,0.0001,nan,0.00019,0.00127,0.00501
3230,nan,0.0001133,nan,0.0001133,PDE_obj_MSE,1.01,0.4576036,0.0001,nan,0.00019,0.000459,0.00227
3240,nan,0.0001122,nan,0.0001122,PDE_obj_MSE,1.0,0.4576036,0.0001,nan,0.00019,0.000394,0.00222
3250,nan,0.0001123,nan,0.0001123,PDE_obj_MSE,0.622,0.4576036,0.0001,nan,0.00019,0.0012,0.00429
3260,nan,0.0001116,nan,0.0001116,PDE_obj_MSE,0.0694,0.4576036,0.0001,nan,0.00019,0.00363,0.0118
3270,nan,0.0001123,nan,0.0001123,PDE_obj_MSE,0.825,0.4576036,0.0001,nan,0.00019,0.00123,0.00399
3280,nan,0.000111,nan,0.000111,PDE_obj_MSE,0.997,0.4576036,0.0001,nan,0.00019,0.000572,0.00198
3290,nan,0.0001102,nan,0.0001102,PDE_obj_MSE,0.317,0.4576036,0.0001,nan,0.00019,0.00171,0.00597
3300,nan,0.0001104,nan,0.0001104,PDE_obj_MSE,0.617,0.4576036,0.0001,nan,0.00019,0.00109,0.0037
3310,nan,0.0001094,nan,0.0001094,PDE_obj_MSE,0.111,0.4576036,0.0001,nan,0.00019,0.0027,0.00913
3320,nan,0.000109,nan,0.000109,PDE_obj_MSE,0.134,0.4576036,0.0001,nan,0.00019,0.00319,0.0101
3330,nan,0.0001101,nan,0.0001101,PDE_obj_MSE,0.898,0.4576036,0.0001,nan,0.00019,0.000698,0.0038
3340,nan,0.0001081,nan,0.0001081,PDE_obj_MSE,0.987,0.4576036,0.0001,nan,0.00019,0.000263,0.00159
3350,nan,0.0001077,nan,0.0001077,PDE_obj_MSE,0.11,0.4576036,0.0001,nan,0.00019,0.00254,0.00878
3360,nan,0.0001076,nan,0.0001076,PDE_obj_MSE,0.11,0.4576036,0.0001,nan,0.00019,0.00261,0.00857
3370,nan,0.0001067,nan,0.0001067,PDE_obj_MSE,0.194,0.4576036,0.0001,nan,0.00019,0.0024,0.00828
3380,nan,0.0001068,nan,0.0001068,PDE_obj_MSE,0.109,0.4576036,0.0001,nan,0.00019,0.00275,0.00917
3390,nan,0.0001062,nan,0.0001062,PDE_obj_MSE,0.312,0.4576036,0.0001,nan,0.00018,0.00192,0.00587
3400,nan,0.0001056,nan,0.0001056,PDE_obj_MSE,0.234,0.4576036,0.0001,nan,0.00018,0.00188,0.00618
3410,nan,0.0001054,nan,0.0001054,PDE_obj_MSE,0.311,0.4576036,0.0001,nan,0.00018,0.00163,0.00553
3420,nan,0.0001051,nan,0.0001051,PDE_obj_MSE,0.973,0.4576036,0.0001,nan,0.00018,0.000387,0.00179
3430,nan,0.000106,nan,0.000106,PDE_obj_MSE,0.972,0.4576036,0.0001,nan,0.00018,0.000931,0.00317
3440,nan,0.0001044,nan,0.0001044,PDE_obj_MSE,0.0896,0.4576036,0.0001,nan,0.00018,0.00304,0.0104
3450,nan,0.0001041,nan,0.0001041,PDE_obj_MSE,0.309,0.4576036,0.0001,nan,0.00018,0.00179,0.00613
3460,nan,0.0001058,nan,0.0001058,PDE_obj_MSE,0.879,0.4576036,0.0001,nan,0.00018,0.00116,0.00422
3470,nan,0.0001034,nan,0.0001034,PDE_obj_MSE,0.28,0.4576036,0.0001,nan,0.00018,0.00159,0.00546
3480,nan,0.0001032,nan,0.0001032,PDE_obj_MSE,0.964,0.4576036,0.0001,nan,0.00018,0.000349,0.00127
3490,nan,0.0001043,nan,0.0001043,PDE_obj_MSE,0.875,0.4576036,0.0001,nan,0.00018,0.000932,0.00335
3500,nan,0.0001025,nan,0.0001025,PDE_obj_MSE,0.143,0.4576036,0.0001,nan,0.00018,0.00264,0.00898
3510,nan,0.0001019,nan,0.0001019,PDE_obj_MSE,0.959,0.4576036,0.0001,nan,0.00018,0.000413,0.0023
3520,nan,0.0001028,nan,0.0001028,PDE_obj_MSE,0.654,0.4576036,0.0001,nan,0.00018,0.00132,0.00434
3530,nan,0.000102,nan,0.000102,PDE_obj_MSE,0.956,0.4576036,0.0001,nan,0.00018,0.00074,0.00252
3540,nan,0.000101,nan,0.000101,PDE_obj_MSE,0.142,0.4576036,0.0001,nan,0.00018,0.00205,0.00656
3550,nan,0.0001009,nan,0.0001009,PDE_obj_MSE,0.189,0.4576036,0.0001,nan,0.00018,0.00242,0.00766
3560,nan,0.0001005,nan,0.0001005,PDE_obj_MSE,0.404,0.4576036,0.0001,nan,0.00018,0.00171,0.00518
3570,nan,0.0001007,nan,0.0001007,PDE_obj_MSE,0.864,0.4576036,0.0001,nan,0.00018,0.000939,0.00317
3580,nan,9.978e-05,nan,9.978e-05,PDE_obj_MSE,0.949,0.4576036,0.0001,nan,0.00018,0.000567,0.00346
3590,nan,9.922e-05,nan,9.922e-05,PDE_obj_MSE,0.647,0.4576036,0.0001,nan,0.00018,0.00108,0.00405
3600,nan,9.945e-05,nan,9.945e-05,PDE_obj_MSE,0.485,0.4576036,0.0001,nan,0.00018,0.00156,0.00517
3610,nan,9.845e-05,nan,9.845e-05,PDE_obj_MSE,0.944,0.4576036,0.0001,nan,0.00018,0.000269,0.00169
3620,nan,9.827e-05,nan,9.827e-05,PDE_obj_MSE,0.4,0.4576036,0.0001,nan,0.00018,0.00143,0.00527
3630,nan,9.759e-05,nan,9.759e-05,PDE_obj_MSE,0.941,0.4576036,0.0001,nan,0.00018,0.000257,0.00166
3640,nan,9.761e-05,nan,9.761e-05,PDE_obj_MSE,0.53,0.4576036,0.0001,nan,0.00017,0.0012,0.0042
3650,nan,9.682e-05,nan,9.682e-05,PDE_obj_MSE,0.204,0.4576036,0.0001,nan,0.00018,0.00229,0.00776
3660,nan,9.655e-05,nan,9.655e-05,PDE_obj_MSE,0.224,0.4576036,0.0001,nan,0.00017,0.00178,0.00603
3670,nan,9.701e-05,nan,9.701e-05,PDE_obj_MSE,0.935,0.4576036,0.0001,nan,0.00017,0.000694,0.00263
3680,nan,9.665e-05,nan,9.665e-05,PDE_obj_MSE,0.849,0.4576036,0.0001,nan,0.00017,0.000925,0.00348
3690,nan,9.519e-05,nan,9.519e-05,PDE_obj_MSE,0.203,0.4576036,0.0001,nan,0.00017,0.00204,0.00689
3700,nan,9.621e-05,nan,9.621e-05,PDE_obj_MSE,0.931,0.4576036,0.0001,nan,0.00017,0.000775,0.00298
3710,nan,9.542e-05,nan,9.542e-05,PDE_obj_MSE,1.02,0.4576036,0.0001,nan,0.00017,0.000378,0.00172
3720,nan,9.499e-05,nan,9.499e-05,PDE_obj_MSE,0.928,0.4576036,0.0001,nan,0.00017,0.000603,0.00266
3730,nan,9.457e-05,nan,9.457e-05,PDE_obj_MSE,1.02,0.4576036,0.0001,nan,0.00017,0.000424,0.00178
3740,nan,9.488e-05,nan,9.488e-05,PDE_obj_MSE,0.522,0.4576036,0.0001,nan,0.00017,0.00108,0.004
3750,nan,9.413e-05,nan,9.413e-05,PDE_obj_MSE,0.924,0.4576036,0.0001,nan,0.00017,0.000529,0.00236
3760,nan,9.547e-05,nan,9.547e-05,PDE_obj_MSE,0.839,0.4576036,0.0001,nan,0.00017,0.0012,0.00412
3770,nan,9.348e-05,nan,9.348e-05,PDE_obj_MSE,0.2,0.4576036,0.0001,nan,0.00017,0.00205,0.00718
3780,nan,9.353e-05,nan,9.353e-05,PDE_obj_MSE,0.691,0.4576036,0.0001,nan,0.00017,0.00108,0.00352
3790,nan,9.334e-05,nan,9.334e-05,PDE_obj_MSE,0.918,0.4576036,0.0001,nan,0.00017,0.000757,0.00268
3800,nan,9.235e-05,nan,9.235e-05,PDE_obj_MSE,0.219,0.4576036,0.0001,nan,0.00017,0.00176,0.00599
3810,nan,9.213e-05,nan,9.213e-05,PDE_obj_MSE,0.136,0.4576036,0.0001,nan,0.00017,0.00249,0.00825
3820,nan,9.168e-05,nan,9.168e-05,PDE_obj_MSE,0.0697,0.4576036,0.0001,nan,0.00017,0.00274,0.00914
3830,nan,9.278e-05,nan,9.278e-05,PDE_obj_MSE,1.0,0.4576036,0.0001,nan,0.00017,0.000715,0.0025
3840,nan,9.213e-05,nan,9.213e-05,PDE_obj_MSE,1.0,0.4576036,0.0001,nan,0.00017,0.000675,0.00267
3850,nan,9.324e-05,nan,9.324e-05,PDE_obj_MSE,1.0,0.4576036,0.0001,nan,0.00017,0.000858,0.00349
3860,nan,9.083e-05,nan,9.083e-05,PDE_obj_MSE,1.0,0.4576036,0.0001,nan,0.00017,0.000305,0.00134
3870,nan,9.1e-05,nan,9.1e-05,PDE_obj_MSE,0.998,0.4576036,0.0001,nan,0.00017,0.000503,0.00309
3880,nan,9.016e-05,nan,9.016e-05,PDE_obj_MSE,0.997,0.4576036,0.0001,nan,0.00017,0.000193,0.00129
3890,nan,8.992e-05,nan,8.992e-05,PDE_obj_MSE,0.262,0.4576036,0.0001,nan,0.00017,0.00189,0.00633
3900,nan,9.04e-05,nan,9.04e-05,PDE_obj_MSE,0.679,0.4576036,0.0001,nan,0.00017,0.00103,0.0036
3910,nan,9.011e-05,nan,9.011e-05,PDE_obj_MSE,0.616,0.4576036,0.0001,nan,0.00017,0.00105,0.00363
3920,nan,8.95e-05,nan,8.95e-05,PDE_obj_MSE,0.0687,0.4576036,0.0001,nan,0.00017,0.00362,0.0122
3930,nan,8.959e-05,nan,8.959e-05,PDE_obj_MSE,0.676,0.4576036,0.0001,nan,0.00017,0.000977,0.00409
3940,nan,8.864e-05,nan,8.864e-05,PDE_obj_MSE,0.988,0.4576036,0.0001,nan,0.00017,0.000486,0.00278
3950,nan,8.828e-05,nan,8.828e-05,PDE_obj_MSE,0.147,0.4576036,0.0001,nan,0.00017,0.00213,0.00762
3960,nan,8.857e-05,nan,8.857e-05,PDE_obj_MSE,0.0683,0.4576036,0.0001,nan,0.00017,0.00353,0.0118
3970,nan,8.873e-05,nan,8.873e-05,PDE_obj_MSE,0.739,0.4576036,0.0001,nan,0.00016,0.00109,0.00378
3980,nan,8.739e-05,nan,8.739e-05,PDE_obj_MSE,0.194,0.4576036,0.0001,nan,0.00016,0.00204,0.00689
3990,nan,8.713e-05,nan,8.713e-05,PDE_obj_MSE,0.146,0.4576036,0.0001,nan,0.00017,0.00239,0.00773
4000,nan,8.723e-05,nan,8.723e-05,PDE_obj_MSE,0.979,0.4576036,0.0001,nan,0.00016,0.000175,0.00117
4010,nan,8.672e-05,nan,8.672e-05,PDE_obj_MSE,0.132,0.4576036,0.0001,nan,0.00016,0.0024,0.00814
4020,nan,8.612e-05,nan,8.612e-05,PDE_obj_MSE,0.257,0.4576036,0.0001,nan,0.00016,0.00217,0.00782
4030,nan,8.635e-05,nan,8.635e-05,PDE_obj_MSE,0.414,0.4576036,0.0001,nan,0.00016,0.000985,0.00404
4040,nan,8.647e-05,nan,8.647e-05,PDE_obj_MSE,0.0675,0.4576036,0.0001,nan,0.00017,0.00373,0.0124
4050,nan,8.562e-05,nan,8.562e-05,PDE_obj_MSE,0.159,0.4576036,0.0001,nan,0.00016,0.00238,0.00803
4060,nan,8.548e-05,nan,8.548e-05,PDE_obj_MSE,0.232,0.4576036,0.0001,nan,0.00016,0.00186,0.00615
4070,nan,8.553e-05,nan,8.553e-05,PDE_obj_MSE,0.97,0.4576036,0.0001,nan,0.00016,0.000589,0.00201
4080,nan,8.509e-05,nan,8.509e-05,PDE_obj_MSE,0.309,0.4576036,0.0001,nan,0.00016,0.00137,0.00485
4090,nan,8.48e-05,nan,8.48e-05,PDE_obj_MSE,0.967,0.4576036,0.0001,nan,0.00016,0.000178,0.00105
4100,nan,8.471e-05,nan,8.471e-05,PDE_obj_MSE,0.372,0.4576036,0.0001,nan,0.00016,0.00179,0.00564
4110,nan,8.466e-05,nan,8.466e-05,PDE_obj_MSE,0.45,0.4576036,0.0001,nan,0.00016,0.000924,0.00471
4120,nan,8.415e-05,nan,8.415e-05,PDE_obj_MSE,0.279,0.4576036,0.0001,nan,0.00016,0.00186,0.00619
4130,nan,8.419e-05,nan,8.419e-05,PDE_obj_MSE,0.0734,0.4576036,0.0001,nan,0.00016,0.00327,0.0105
4140,nan,8.368e-05,nan,8.368e-05,PDE_obj_MSE,0.306,0.4576036,0.0001,nan,0.00016,0.00152,0.00501
4150,nan,8.344e-05,nan,8.344e-05,PDE_obj_MSE,0.959,0.4576036,0.0001,nan,0.00016,0.000477,0.00287
4160,nan,8.414e-05,nan,8.414e-05,PDE_obj_MSE,0.72,0.4576036,0.0001,nan,0.00016,0.000904,0.00344
4170,nan,8.408e-05,nan,8.408e-05,PDE_obj_MSE,0.956,0.4576036,0.0001,nan,0.00016,0.000677,0.0027
4180,nan,8.298e-05,nan,8.298e-05,PDE_obj_MSE,0.955,0.4576036,0.0001,nan,0.00016,0.00025,0.00158
4190,nan,8.247e-05,nan,8.247e-05,PDE_obj_MSE,0.0968,0.4576036,0.0001,nan,0.00016,0.003,0.00964
4200,nan,8.308e-05,nan,8.308e-05,PDE_obj_MSE,0.953,0.4576036,0.0001,nan,0.00016,0.000748,0.00256
4210,nan,8.222e-05,nan,8.222e-05,PDE_obj_MSE,0.25,0.4576036,0.0001,nan,0.00016,0.00149,0.00496
4220,nan,8.207e-05,nan,8.207e-05,PDE_obj_MSE,0.366,0.4576036,0.0001,nan,0.00016,0.00121,0.00416
4230,nan,8.187e-05,nan,8.187e-05,PDE_obj_MSE,0.302,0.4576036,0.0001,nan,0.00016,0.00172,0.006
4240,nan,8.251e-05,nan,8.251e-05,PDE_obj_MSE,0.783,0.4576036,0.0001,nan,0.00016,0.000822,0.00326
4250,nan,8.116e-05,nan,8.116e-05,PDE_obj_MSE,0.946,0.4576036,0.0001,nan,0.00016,0.000177,0.00109
4260,nan,8.166e-05,nan,8.166e-05,PDE_obj_MSE,0.945,0.4576036,0.0001,nan,0.00016,0.000739,0.00244
4270,nan,8.093e-05,nan,8.093e-05,PDE_obj_MSE,0.226,0.4576036,0.0001,nan,0.00016,0.00167,0.00579
4280,nan,8.085e-05,nan,8.085e-05,PDE_obj_MSE,0.3,0.4576036,0.0001,nan,0.00016,0.00143,0.00527
4290,nan,8.033e-05,nan,8.033e-05,PDE_obj_MSE,0.941,0.4576036,0.0001,nan,0.00016,0.000405,0.00176
4300,nan,8e-05,nan,8e-05,PDE_obj_MSE,0.94,0.4576036,0.0001,nan,0.00016,0.000768,0.00266
4310,nan,8.014e-05,nan,8.014e-05,PDE_obj_MSE,0.105,0.4576036,0.0001,nan,0.00016,0.00255,0.00849
4320,nan,7.969e-05,nan,7.969e-05,PDE_obj_MSE,0.271,0.4576036,0.0001,nan,0.00016,0.00177,0.00599
4330,nan,8.011e-05,nan,8.011e-05,PDE_obj_MSE,0.936,0.4576036,0.0001,nan,0.00015,0.000646,0.00249
4340,nan,7.951e-05,nan,7.951e-05,PDE_obj_MSE,0.935,0.4576036,0.0001,nan,0.00015,0.000367,0.00165
4350,nan,7.912e-05,nan,7.912e-05,PDE_obj_MSE,0.934,0.4576036,0.0001,nan,0.00015,0.000147,0.000976
4360,nan,7.975e-05,nan,7.975e-05,PDE_obj_MSE,0.637,0.4576036,0.0001,nan,0.00015,0.00125,0.00433
4370,nan,7.935e-05,nan,7.935e-05,PDE_obj_MSE,0.931,0.4576036,0.0001,nan,0.00015,0.000519,0.00245
4380,nan,7.881e-05,nan,7.881e-05,PDE_obj_MSE,0.0944,0.4576036,0.0001,nan,0.00015,0.0023,0.00771
4390,nan,7.876e-05,nan,7.876e-05,PDE_obj_MSE,0.929,0.4576036,0.0001,nan,0.00015,0.00058,0.00281
4400,nan,7.797e-05,nan,7.797e-05,PDE_obj_MSE,0.202,0.4576036,0.0001,nan,0.00015,0.00202,0.00696
4410,nan,7.827e-05,nan,7.827e-05,PDE_obj_MSE,0.325,0.4576036,0.0001,nan,0.00015,0.00136,0.00471
4420,nan,7.823e-05,nan,7.823e-05,PDE_obj_MSE,1.02,0.4576036,0.0001,nan,0.00015,0.000367,0.00157
4430,nan,7.785e-05,nan,7.785e-05,PDE_obj_MSE,0.356,0.4576036,0.0001,nan,0.00015,0.00146,0.00509
4440,nan,7.748e-05,nan,7.748e-05,PDE_obj_MSE,0.201,0.4576036,0.0001,nan,0.00015,0.00177,0.00595
4450,nan,7.745e-05,nan,7.745e-05,PDE_obj_MSE,1.01,0.4576036,0.0001,nan,0.00015,0.000191,0.00123
4460,nan,7.674e-05,nan,7.674e-05,PDE_obj_MSE,0.22,0.4576036,0.0001,nan,0.00015,0.00184,0.00671
4470,nan,7.702e-05,nan,7.702e-05,PDE_obj_MSE,0.124,0.4576036,0.0001,nan,0.00015,0.00249,0.0089
4480,nan,7.697e-05,nan,7.697e-05,PDE_obj_MSE,0.103,0.4576036,0.0001,nan,0.00015,0.00227,0.00756
4490,nan,7.692e-05,nan,7.692e-05,PDE_obj_MSE,0.266,0.4576036,0.0001,nan,0.00015,0.0018,0.00638
4500,nan,7.651e-05,nan,7.651e-05,PDE_obj_MSE,0.112,0.4576036,0.0001,nan,0.00015,0.0025,0.00904
4510,nan,7.618e-05,nan,7.618e-05,PDE_obj_MSE,0.136,0.4576036,0.0001,nan,0.00015,0.00264,0.00944
4520,nan,7.633e-05,nan,7.633e-05,PDE_obj_MSE,1.0,0.4576036,0.0001,nan,0.00015,0.00034,0.00161
4530,nan,7.609e-05,nan,7.609e-05,PDE_obj_MSE,0.0926,0.4576036,0.0001,nan,0.00015,0.00263,0.00903
4540,nan,7.587e-05,nan,7.587e-05,PDE_obj_MSE,0.29,0.4576036,0.0001,nan,0.00015,0.00178,0.00581
4550,nan,7.654e-05,nan,7.654e-05,PDE_obj_MSE,1.0,0.4576036,0.0001,nan,0.00015,0.000813,0.00274
4560,nan,7.588e-05,nan,7.588e-05,PDE_obj_MSE,0.0693,0.4576036,0.0001,nan,0.00015,0.00284,0.00961
4570,nan,7.585e-05,nan,7.585e-05,PDE_obj_MSE,0.998,0.4576036,0.0001,nan,0.00015,0.000518,0.00224
4580,nan,7.49e-05,nan,7.49e-05,PDE_obj_MSE,0.997,0.4576036,0.0001,nan,0.00015,0.000375,0.00217
4590,nan,7.522e-05,nan,7.522e-05,PDE_obj_MSE,0.422,0.4576036,0.0001,nan,0.00015,0.00125,0.0042
4600,nan,7.452e-05,nan,7.452e-05,PDE_obj_MSE,0.994,0.4576036,0.0001,nan,0.00015,0.000249,0.00143
4610,nan,7.45e-05,nan,7.45e-05,PDE_obj_MSE,0.993,0.4576036,0.0001,nan,0.00015,0.000454,0.0014
4620,nan,7.47e-05,nan,7.47e-05,PDE_obj_MSE,0.616,0.4576036,0.0001,nan,0.00015,0.00085,0.00345
4630,nan,7.442e-05,nan,7.442e-05,PDE_obj_MSE,0.42,0.4576036,0.0001,nan,0.00015,0.00139,0.00434
4640,nan,7.418e-05,nan,7.418e-05,PDE_obj_MSE,0.99,0.4576036,0.0001,nan,0.00015,0.000503,0.00245
4650,nan,7.464e-05,nan,7.464e-05,PDE_obj_MSE,0.614,0.4576036,0.0001,nan,0.00015,0.00134,0.00438
4660,nan,7.439e-05,nan,7.439e-05,PDE_obj_MSE,0.674,0.4576036,0.0001,nan,0.00015,0.00106,0.00333
4670,nan,7.361e-05,nan,7.361e-05,PDE_obj_MSE,0.986,0.4576036,0.0001,nan,0.00015,0.000339,0.00201
4680,nan,7.444e-05,nan,7.444e-05,PDE_obj_MSE,0.985,0.4576036,0.0001,nan,0.00015,0.000625,0.00267
4690,nan,7.291e-05,nan,7.291e-05,PDE_obj_MSE,0.177,0.4576036,0.0001,nan,0.00015,0.0021,0.00704
4700,nan,7.322e-05,nan,7.322e-05,PDE_obj_MSE,0.344,0.4576036,0.0001,nan,0.00015,0.00137,0.0049
4710,nan,7.296e-05,nan,7.296e-05,PDE_obj_MSE,0.146,0.4576036,0.0001,nan,0.00015,0.00203,0.00691
4720,nan,7.33e-05,nan,7.33e-05,PDE_obj_MSE,0.98,0.4576036,0.0001,nan,0.00015,0.000604,0.00217
4730,nan,7.26e-05,nan,7.26e-05,PDE_obj_MSE,0.0994,0.4576036,0.0001,nan,0.00015,0.0034,0.0112
4740,nan,7.234e-05,nan,7.234e-05,PDE_obj_MSE,0.283,0.4576036,0.0001,nan,0.00015,0.00123,0.00425
4750,nan,7.241e-05,nan,7.241e-05,PDE_obj_MSE,0.376,0.4576036,0.0001,nan,0.00015,0.0014,0.00501
4760,nan,7.18e-05,nan,7.18e-05,PDE_obj_MSE,0.975,0.4576036,0.0001,nan,0.00014,0.000273,0.00143
4770,nan,7.217e-05,nan,7.217e-05,PDE_obj_MSE,0.454,0.4576036,0.0001,nan,0.00014,0.00111,0.00403
4780,nan,7.199e-05,nan,7.199e-05,PDE_obj_MSE,0.0816,0.4576036,0.0001,nan,0.00015,0.00316,0.011
4790,nan,7.171e-05,nan,7.171e-05,PDE_obj_MSE,0.972,0.4576036,0.0001,nan,0.00014,0.000381,0.00225
4800,nan,7.15e-05,nan,7.15e-05,PDE_obj_MSE,0.175,0.4576036,0.0001,nan,0.00014,0.00178,0.00624
4810,nan,7.199e-05,nan,7.199e-05,PDE_obj_MSE,0.881,0.4576036,0.0001,nan,0.00014,0.000814,0.00284
4820,nan,7.183e-05,nan,7.183e-05,PDE_obj_MSE,0.0504,0.4576036,0.0001,nan,0.00015,0.00394,0.0132
4830,nan,7.139e-05,nan,7.139e-05,PDE_obj_MSE,0.967,0.4576036,0.0001,nan,0.00014,0.000551,0.00239
4840,nan,7.14e-05,nan,7.14e-05,PDE_obj_MSE,0.966,0.4576036,0.0001,nan,0.00014,0.000614,0.00219
4850,nan,7.114e-05,nan,7.114e-05,PDE_obj_MSE,0.965,0.4576036,0.0001,nan,0.00014,0.00059,0.00223
4860,nan,7.092e-05,nan,7.092e-05,PDE_obj_MSE,0.0735,0.4576036,0.0001,nan,0.00015,0.00356,0.0118
4870,nan,7.132e-05,nan,7.132e-05,PDE_obj_MSE,0.795,0.4576036,0.0001,nan,0.00014,0.00077,0.00315
4880,nan,7.019e-05,nan,7.019e-05,PDE_obj_MSE,0.209,0.4576036,0.0001,nan,0.00014,0.00186,0.00615
4890,nan,7.013e-05,nan,7.013e-05,PDE_obj_MSE,0.278,0.4576036,0.0001,nan,0.00014,0.00127,0.00496
4900,nan,7.016e-05,nan,7.016e-05,PDE_obj_MSE,0.959,0.4576036,0.0001,nan,0.00014,0.000503,0.00205
4910,nan,6.996e-05,nan,6.996e-05,PDE_obj_MSE,0.958,0.4576036,0.0001,nan,0.00014,0.000282,0.00149
4920,nan,7.056e-05,nan,7.056e-05,PDE_obj_MSE,0.957,0.4576036,0.0001,nan,0.00014,0.000704,0.00266
4930,nan,6.951e-05,nan,6.951e-05,PDE_obj_MSE,0.129,0.4576036,0.0001,nan,0.00014,0.00234,0.00786
4940,nan,6.942e-05,nan,6.942e-05,PDE_obj_MSE,0.228,0.4576036,0.0001,nan,0.00014,0.00182,0.00695
4950,nan,6.979e-05,nan,6.979e-05,PDE_obj_MSE,0.0601,0.4576036,0.0001,nan,0.00014,0.00312,0.0111
4960,nan,6.916e-05,nan,6.916e-05,PDE_obj_MSE,0.404,0.4576036,0.0001,nan,0.00014,0.0012,0.00437
4970,nan,6.938e-05,nan,6.938e-05,PDE_obj_MSE,0.951,0.4576036,0.0001,nan,0.00014,0.000646,0.00256
4980,nan,6.88e-05,nan,6.88e-05,PDE_obj_MSE,0.333,0.4576036,0.0001,nan,0.00014,0.00145,0.00525
4990,nan,6.887e-05,nan,6.887e-05,PDE_obj_MSE,0.949,0.4576036,0.0001,nan,0.00014,0.000283,0.0018
5000,nan,6.86e-05,nan,6.86e-05,PDE_obj_MSE,0.302,0.4576036,0.0001,nan,0.00014,0.00141,0.0048
5010,nan,6.903e-05,nan,6.903e-05,PDE_obj_MSE,0.0493,0.4576036,0.0001,nan,0.00014,0.0032,0.0113
5020,nan,6.851e-05,nan,6.851e-05,PDE_obj_MSE,0.71,0.4576036,0.0001,nan,0.00014,0.000804,0.00295
5030,nan,6.808e-05,nan,6.808e-05,PDE_obj_MSE,0.945,0.4576036,0.0001,nan,0.00014,0.000276,0.00125
5040,nan,6.871e-05,nan,6.871e-05,PDE_obj_MSE,0.0541,0.4576036,0.0001,nan,0.00014,0.00382,0.0129
5050,nan,6.852e-05,nan,6.852e-05,PDE_obj_MSE,0.585,0.4576036,0.0001,nan,0.00014,0.000976,0.00387
5060,nan,6.776e-05,nan,6.776e-05,PDE_obj_MSE,0.116,0.4576036,0.0001,nan,0.00014,0.00222,0.00747
5070,nan,6.77e-05,nan,6.77e-05,PDE_obj_MSE,0.94,0.4576036,0.0001,nan,0.00014,0.000213,0.00108
5080,nan,6.752e-05,nan,6.752e-05,PDE_obj_MSE,0.105,0.4576036,0.0001,nan,0.00014,0.00261,0.00878
5090,nan,6.765e-05,nan,6.765e-05,PDE_obj_MSE,0.0651,0.4576036,0.0001,nan,0.00014,0.00301,0.0107
5100,nan,6.725e-05,nan,6.725e-05,PDE_obj_MSE,0.271,0.4576036,0.0001,nan,0.00014,0.00142,0.00529
5110,nan,6.731e-05,nan,6.731e-05,PDE_obj_MSE,0.48,0.4576036,0.0001,nan,0.00014,0.00118,0.00389
5120,nan,6.758e-05,nan,6.758e-05,PDE_obj_MSE,0.639,0.4576036,0.0001,nan,0.00014,0.000805,0.00331
5130,nan,6.691e-05,nan,6.691e-05,PDE_obj_MSE,0.772,0.4576036,0.0001,nan,0.00014,0.00071,0.00315
5140,nan,6.703e-05,nan,6.703e-05,PDE_obj_MSE,0.933,0.4576036,0.0001,nan,0.00014,0.000553,0.00242
5150,nan,6.673e-05,nan,6.673e-05,PDE_obj_MSE,0.152,0.4576036,0.0001,nan,0.00014,0.00177,0.00699
5160,nan,6.643e-05,nan,6.643e-05,PDE_obj_MSE,0.395,0.4576036,0.0001,nan,0.00014,0.00121,0.0042
5170,nan,6.69e-05,nan,6.69e-05,PDE_obj_MSE,0.93,0.4576036,0.0001,nan,0.00014,0.000438,0.00184
5180,nan,6.617e-05,nan,6.617e-05,PDE_obj_MSE,0.114,0.4576036,0.0001,nan,0.00014,0.00275,0.00962
5190,nan,6.637e-05,nan,6.637e-05,PDE_obj_MSE,0.358,0.4576036,0.0001,nan,0.00014,0.00132,0.00507
5200,nan,6.642e-05,nan,6.642e-05,PDE_obj_MSE,0.696,0.4576036,0.0001,nan,0.00014,0.000722,0.00323
5210,nan,6.585e-05,nan,6.585e-05,PDE_obj_MSE,0.125,0.4576036,0.0001,nan,0.00014,0.00205,0.00693
5220,nan,6.58e-05,nan,6.58e-05,PDE_obj_MSE,0.392,0.4576036,0.0001,nan,0.00014,0.00129,0.00449
5230,nan,6.594e-05,nan,6.594e-05,PDE_obj_MSE,0.521,0.4576036,0.0001,nan,0.00014,0.00116,0.00412
5240,nan,6.536e-05,nan,6.536e-05,PDE_obj_MSE,1.01,0.4576036,0.0001,nan,0.00014,0.000271,0.00161
5250,nan,6.644e-05,nan,6.644e-05,PDE_obj_MSE,0.922,0.4576036,0.0001,nan,0.00014,0.000588,0.00245
5260,nan,6.518e-05,nan,6.518e-05,PDE_obj_MSE,1.01,0.4576036,0.0001,nan,0.00013,0.000138,0.000835
5270,nan,6.526e-05,nan,6.526e-05,PDE_obj_MSE,0.39,0.4576036,0.0001,nan,0.00014,0.00106,0.00397
5280,nan,6.627e-05,nan,6.627e-05,PDE_obj_MSE,1.01,0.4576036,0.0001,nan,0.00013,0.00072,0.00243
5290,nan,6.493e-05,nan,6.493e-05,PDE_obj_MSE,0.182,0.4576036,0.0001,nan,0.00014,0.00144,0.00546
5300,nan,6.511e-05,nan,6.511e-05,PDE_obj_MSE,0.0636,0.4576036,0.0001,nan,0.00014,0.00304,0.0105
5310,nan,6.478e-05,nan,6.478e-05,PDE_obj_MSE,0.0929,0.4576036,0.0001,nan,0.00014,0.00224,0.00816
5320,nan,6.496e-05,nan,6.496e-05,PDE_obj_MSE,1.01,0.4576036,0.0001,nan,0.00013,0.000519,0.00236
5330,nan,6.459e-05,nan,6.459e-05,PDE_obj_MSE,1.0,0.4576036,0.0001,nan,0.00013,0.000289,0.00129
5340,nan,6.447e-05,nan,6.447e-05,PDE_obj_MSE,0.0926,0.4576036,0.0001,nan,0.00014,0.00238,0.0081
5350,nan,6.414e-05,nan,6.414e-05,PDE_obj_MSE,0.218,0.4576036,0.0001,nan,0.00013,0.00143,0.005
5360,nan,6.455e-05,nan,6.455e-05,PDE_obj_MSE,0.0764,0.4576036,0.0001,nan,0.00014,0.00315,0.0112
5370,nan,6.407e-05,nan,6.407e-05,PDE_obj_MSE,0.164,0.4576036,0.0001,nan,0.00013,0.00188,0.00645
5380,nan,6.393e-05,nan,6.393e-05,PDE_obj_MSE,0.18,0.4576036,0.0001,nan,0.00013,0.00169,0.00612
5390,nan,6.372e-05,nan,6.372e-05,PDE_obj_MSE,0.18,0.4576036,0.0001,nan,0.00013,0.00179,0.00628
5400,nan,6.414e-05,nan,6.414e-05,PDE_obj_MSE,0.997,0.4576036,0.0001,nan,0.00013,0.00062,0.00226
5410,nan,6.448e-05,nan,6.448e-05,PDE_obj_MSE,0.996,0.4576036,0.0001,nan,0.00013,0.000613,0.00236
5420,nan,6.353e-05,nan,6.353e-05,PDE_obj_MSE,0.384,0.4576036,0.0001,nan,0.00013,0.00106,0.0046
5430,nan,6.352e-05,nan,6.352e-05,PDE_obj_MSE,0.348,0.4576036,0.0001,nan,0.00013,0.00134,0.00464
5440,nan,6.388e-05,nan,6.388e-05,PDE_obj_MSE,0.678,0.4576036,0.0001,nan,0.00013,0.000796,0.00321
5450,nan,6.33e-05,nan,6.33e-05,PDE_obj_MSE,0.216,0.4576036,0.0001,nan,0.00013,0.00159,0.00607
5460,nan,6.314e-05,nan,6.314e-05,PDE_obj_MSE,0.122,0.4576036,0.0001,nan,0.00013,0.00224,0.00791
5470,nan,6.292e-05,nan,6.292e-05,PDE_obj_MSE,0.122,0.4576036,0.0001,nan,0.00013,0.00219,0.00793
5480,nan,6.284e-05,nan,6.284e-05,PDE_obj_MSE,0.147,0.4576036,0.0001,nan,0.00013,0.0018,0.00652
5490,nan,6.395e-05,nan,6.395e-05,PDE_obj_MSE,0.816,0.4576036,0.0001,nan,0.00013,0.000867,0.00335
5500,nan,6.259e-05,nan,6.259e-05,PDE_obj_MSE,0.987,0.4576036,0.0001,nan,0.00013,0.000241,0.00108
5510,nan,6.266e-05,nan,6.266e-05,PDE_obj_MSE,0.177,0.4576036,0.0001,nan,0.00013,0.00194,0.00652
5520,nan,6.242e-05,nan,6.242e-05,PDE_obj_MSE,0.121,0.4576036,0.0001,nan,0.00013,0.00196,0.00656
5530,nan,6.222e-05,nan,6.222e-05,PDE_obj_MSE,0.235,0.4576036,0.0001,nan,0.00013,0.00165,0.00592
5540,nan,6.294e-05,nan,6.294e-05,PDE_obj_MSE,0.983,0.4576036,0.0001,nan,0.00013,0.000489,0.00198
5550,nan,6.241e-05,nan,6.241e-05,PDE_obj_MSE,0.737,0.4576036,0.0001,nan,0.00013,0.000731,0.00331
5560,nan,6.196e-05,nan,6.196e-05,PDE_obj_MSE,0.194,0.4576036,0.0001,nan,0.00013,0.00181,0.00643
5570,nan,6.21e-05,nan,6.21e-05,PDE_obj_MSE,0.503,0.4576036,0.0001,nan,0.00013,0.00115,0.00425
5580,nan,6.167e-05,nan,6.167e-05,PDE_obj_MSE,0.145,0.4576036,0.0001,nan,0.00013,0.00222,0.00788
5590,nan,6.165e-05,nan,6.165e-05,PDE_obj_MSE,0.12,0.4576036,0.0001,nan,0.00013,0.00226,0.00768
5600,nan,6.154e-05,nan,6.154e-05,PDE_obj_MSE,0.213,0.4576036,0.0001,nan,0.00013,0.00152,0.00539
5610,nan,6.193e-05,nan,6.193e-05,PDE_obj_MSE,0.976,0.4576036,0.0001,nan,0.00013,0.000469,0.00196
5620,nan,6.144e-05,nan,6.144e-05,PDE_obj_MSE,0.175,0.4576036,0.0001,nan,0.00013,0.00202,0.00726
5630,nan,6.149e-05,nan,6.149e-05,PDE_obj_MSE,0.973,0.4576036,0.0001,nan,0.00013,0.000459,0.00186
5640,nan,6.127e-05,nan,6.127e-05,PDE_obj_MSE,0.412,0.4576036,0.0001,nan,0.00013,0.00142,0.00465
5650,nan,6.128e-05,nan,6.128e-05,PDE_obj_MSE,0.0815,0.4576036,0.0001,nan,0.00013,0.00276,0.00965
5660,nan,6.128e-05,nan,6.128e-05,PDE_obj_MSE,0.971,0.4576036,0.0001,nan,0.00013,0.000441,0.00221
5670,nan,6.106e-05,nan,6.106e-05,PDE_obj_MSE,0.0895,0.4576036,0.0001,nan,0.00013,0.00237,0.00865
5680,nan,6.088e-05,nan,6.088e-05,PDE_obj_MSE,0.373,0.4576036,0.0001,nan,0.00013,0.000925,0.00387
5690,nan,6.085e-05,nan,6.085e-05,PDE_obj_MSE,0.0893,0.4576036,0.0001,nan,0.00013,0.00255,0.00893
5700,nan,6.049e-05,nan,6.049e-05,PDE_obj_MSE,0.967,0.4576036,0.0001,nan,0.00013,0.000268,0.00123
5710,nan,6.1e-05,nan,6.1e-05,PDE_obj_MSE,0.6,0.4576036,0.0001,nan,0.00013,0.000909,0.00304
5720,nan,6.041e-05,nan,6.041e-05,PDE_obj_MSE,0.965,0.4576036,0.0001,nan,0.00013,0.000356,0.00122
5730,nan,6.065e-05,nan,6.065e-05,PDE_obj_MSE,0.964,0.4576036,0.0001,nan,0.00013,0.000435,0.00173
5740,nan,6.054e-05,nan,6.054e-05,PDE_obj_MSE,0.543,0.4576036,0.0001,nan,0.00013,0.000781,0.00329
5750,nan,6.022e-05,nan,6.022e-05,PDE_obj_MSE,0.118,0.4576036,0.0001,nan,0.00013,0.00218,0.00776
5760,nan,6.022e-05,nan,6.022e-05,PDE_obj_MSE,0.209,0.4576036,0.0001,nan,0.00013,0.00176,0.00636
5770,nan,5.994e-05,nan,5.994e-05,PDE_obj_MSE,0.253,0.4576036,0.0001,nan,0.00013,0.00171,0.00597
5780,nan,6.032e-05,nan,6.032e-05,PDE_obj_MSE,0.0604,0.4576036,0.0001,nan,0.00013,0.00284,0.0104
5790,nan,5.974e-05,nan,5.974e-05,PDE_obj_MSE,0.129,0.4576036,0.0001,nan,0.00013,0.00199,0.00724
5800,nan,5.964e-05,nan,5.964e-05,PDE_obj_MSE,0.142,0.4576036,0.0001,nan,0.00013,0.00245,0.0087
5810,nan,5.979e-05,nan,5.979e-05,PDE_obj_MSE,0.54,0.4576036,0.0001,nan,0.00013,0.000907,0.00349
5820,nan,5.974e-05,nan,5.974e-05,PDE_obj_MSE,0.142,0.4576036,0.0001,nan,0.00013,0.00228,0.00831
5830,nan,5.986e-05,nan,5.986e-05,PDE_obj_MSE,0.954,0.4576036,0.0001,nan,0.00013,0.000475,0.00196
5840,nan,5.936e-05,nan,5.936e-05,PDE_obj_MSE,0.129,0.4576036,0.0001,nan,0.00013,0.00199,0.00743
5850,nan,5.929e-05,nan,5.929e-05,PDE_obj_MSE,0.952,0.4576036,0.0001,nan,0.00013,0.000302,0.00118
5860,nan,5.925e-05,nan,5.925e-05,PDE_obj_MSE,0.207,0.4576036,0.0001,nan,0.00013,0.00163,0.00611
5870,nan,6.023e-05,nan,6.023e-05,PDE_obj_MSE,0.95,0.4576036,0.0001,nan,0.00013,0.000658,0.00268
5880,nan,5.954e-05,nan,5.954e-05,PDE_obj_MSE,0.536,0.4576036,0.0001,nan,0.00013,0.00107,0.00387
5890,nan,5.926e-05,nan,5.926e-05,PDE_obj_MSE,0.0723,0.4576036,0.0001,nan,0.00013,0.0027,0.00985
5900,nan,5.927e-05,nan,5.927e-05,PDE_obj_MSE,0.535,0.4576036,0.0001,nan,0.00013,0.000959,0.00356
5910,nan,5.882e-05,nan,5.882e-05,PDE_obj_MSE,0.141,0.4576036,0.0001,nan,0.00013,0.00201,0.00704
5920,nan,5.876e-05,nan,5.876e-05,PDE_obj_MSE,0.096,0.4576036,0.0001,nan,0.00013,0.00246,0.00899
5930,nan,5.851e-05,nan,5.851e-05,PDE_obj_MSE,0.187,0.4576036,0.0001,nan,0.00013,0.00143,0.00532
5940,nan,5.909e-05,nan,5.909e-05,PDE_obj_MSE,0.944,0.4576036,0.0001,nan,0.00013,0.000543,0.00247
5950,nan,5.844e-05,nan,5.844e-05,PDE_obj_MSE,0.0957,0.4576036,0.0001,nan,0.00013,0.00208,0.0078
5960,nan,5.843e-05,nan,5.843e-05,PDE_obj_MSE,0.942,0.4576036,0.0001,nan,0.00012,0.000187,0.00122
5970,nan,5.868e-05,nan,5.868e-05,PDE_obj_MSE,0.531,0.4576036,0.0001,nan,0.00012,0.000884,0.00382
5980,nan,5.83e-05,nan,5.83e-05,PDE_obj_MSE,0.0868,0.4576036,0.0001,nan,0.00013,0.0023,0.00861
5990,nan,5.871e-05,nan,5.871e-05,PDE_obj_MSE,0.776,0.4576036,0.0001,nan,0.00012,0.000594,0.00275
6000,nan,5.914e-05,nan,5.914e-05,PDE_obj_MSE,0.775,0.4576036,0.0001,nan,0.00012,0.000761,0.00303
6010,nan,5.799e-05,nan,5.799e-05,PDE_obj_MSE,0.398,0.4576036,0.0001,nan,0.00012,0.0011,0.00391
6020,nan,5.78e-05,nan,5.78e-05,PDE_obj_MSE,0.247,0.4576036,0.0001,nan,0.00012,0.00133,0.00471
6030,nan,5.827e-05,nan,5.827e-05,PDE_obj_MSE,0.85,0.4576036,0.0001,nan,0.00012,0.000603,0.0024
6040,nan,5.779e-05,nan,5.779e-05,PDE_obj_MSE,0.115,0.4576036,0.0001,nan,0.00013,0.00221,0.0081
6050,nan,5.76e-05,nan,5.76e-05,PDE_obj_MSE,0.139,0.4576036,0.0001,nan,0.00013,0.00189,0.00685
6060,nan,5.763e-05,nan,5.763e-05,PDE_obj_MSE,0.104,0.4576036,0.0001,nan,0.00013,0.00209,0.00779
6070,nan,5.735e-05,nan,5.735e-05,PDE_obj_MSE,0.932,0.4576036,0.0001,nan,0.00012,0.000249,0.00156
6080,nan,5.724e-05,nan,5.724e-05,PDE_obj_MSE,1.02,0.4576036,0.0001,nan,0.00012,0.000138,0.000921
6090,nan,5.731e-05,nan,5.731e-05,PDE_obj_MSE,0.078,0.4576036,0.0001,nan,0.00013,0.00255,0.00913
6100,nan,5.714e-05,nan,5.714e-05,PDE_obj_MSE,0.269,0.4576036,0.0001,nan,0.00012,0.0014,0.00548
6110,nan,5.719e-05,nan,5.719e-05,PDE_obj_MSE,0.433,0.4576036,0.0001,nan,0.00012,0.00101,0.00379
6120,nan,5.737e-05,nan,5.737e-05,PDE_obj_MSE,0.476,0.4576036,0.0001,nan,0.00012,0.00107,0.00417
6130,nan,5.688e-05,nan,5.688e-05,PDE_obj_MSE,1.02,0.4576036,0.0001,nan,0.00012,0.000106,0.00073
6140,nan,5.684e-05,nan,5.684e-05,PDE_obj_MSE,0.151,0.4576036,0.0001,nan,0.00012,0.0017,0.00617
6150,nan,5.685e-05,nan,5.685e-05,PDE_obj_MSE,0.125,0.4576036,0.0001,nan,0.00012,0.00189,0.00737
6160,nan,5.749e-05,nan,5.749e-05,PDE_obj_MSE,0.694,0.4576036,0.0001,nan,0.00012,0.000885,0.00319
6170,nan,5.68e-05,nan,5.68e-05,PDE_obj_MSE,0.103,0.4576036,0.0001,nan,0.00012,0.00206,0.00778
6180,nan,5.655e-05,nan,5.655e-05,PDE_obj_MSE,0.103,0.4576036,0.0001,nan,0.00012,0.00214,0.00794
6190,nan,5.658e-05,nan,5.658e-05,PDE_obj_MSE,1.01,0.4576036,0.0001,nan,0.00012,0.000129,0.000956
6200,nan,5.623e-05,nan,5.623e-05,PDE_obj_MSE,1.01,0.4576036,0.0001,nan,0.00012,0.00033,0.00129
6210,nan,5.716e-05,nan,5.716e-05,PDE_obj_MSE,0.836,0.4576036,0.0001,nan,0.00012,0.00076,0.003
6220,nan,5.625e-05,nan,5.625e-05,PDE_obj_MSE,0.15,0.4576036,0.0001,nan,0.00012,0.0018,0.00679
6230,nan,5.619e-05,nan,5.619e-05,PDE_obj_MSE,0.113,0.4576036,0.0001,nan,0.00012,0.00229,0.00846
6240,nan,5.597e-05,nan,5.597e-05,PDE_obj_MSE,1.01,0.4576036,0.0001,nan,0.00012,0.000172,0.000925
6250,nan,5.646e-05,nan,5.646e-05,PDE_obj_MSE,0.757,0.4576036,0.0001,nan,0.00012,0.000732,0.00277
6260,nan,5.615e-05,nan,5.615e-05,PDE_obj_MSE,0.915,0.4576036,0.0001,nan,0.00012,0.000479,0.0023
6270,nan,5.589e-05,nan,5.589e-05,PDE_obj_MSE,0.199,0.4576036,0.0001,nan,0.00012,0.00173,0.00626
6280,nan,5.592e-05,nan,5.592e-05,PDE_obj_MSE,0.352,0.4576036,0.0001,nan,0.00012,0.00108,0.0042
6290,nan,5.569e-05,nan,5.569e-05,PDE_obj_MSE,0.387,0.4576036,0.0001,nan,0.00012,0.00107,0.004
6300,nan,5.606e-05,nan,5.606e-05,PDE_obj_MSE,0.0632,0.4576036,0.0001,nan,0.00012,0.0029,0.011
6310,nan,5.589e-05,nan,5.589e-05,PDE_obj_MSE,0.566,0.4576036,0.0001,nan,0.00012,0.000925,0.00351
6320,nan,5.549e-05,nan,5.549e-05,PDE_obj_MSE,0.123,0.4576036,0.0001,nan,0.00012,0.00173,0.00683
6330,nan,5.685e-05,nan,5.685e-05,PDE_obj_MSE,1.0,0.4576036,0.0001,nan,0.00012,0.000624,0.00257
6340,nan,5.554e-05,nan,5.554e-05,PDE_obj_MSE,0.999,0.4576036,0.0001,nan,0.00012,0.000282,0.00123
6350,nan,5.52e-05,nan,5.52e-05,PDE_obj_MSE,0.217,0.4576036,0.0001,nan,0.00012,0.00136,0.00494
6360,nan,5.516e-05,nan,5.516e-05,PDE_obj_MSE,0.217,0.4576036,0.0001,nan,0.00012,0.00169,0.00615
6370,nan,5.517e-05,nan,5.517e-05,PDE_obj_MSE,0.289,0.4576036,0.0001,nan,0.00012,0.00136,0.00515
6380,nan,5.53e-05,nan,5.53e-05,PDE_obj_MSE,0.384,0.4576036,0.0001,nan,0.00012,0.00103,0.00415
6390,nan,5.484e-05,nan,5.484e-05,PDE_obj_MSE,0.163,0.4576036,0.0001,nan,0.00012,0.0018,0.0065
6400,nan,5.51e-05,nan,5.51e-05,PDE_obj_MSE,0.422,0.4576036,0.0001,nan,0.00012,0.00101,0.00375
6410,nan,5.486e-05,nan,5.486e-05,PDE_obj_MSE,0.111,0.4576036,0.0001,nan,0.00012,0.00222,0.0079
6420,nan,5.469e-05,nan,5.469e-05,PDE_obj_MSE,0.196,0.4576036,0.0001,nan,0.00012,0.00156,0.00577
6430,nan,5.479e-05,nan,5.479e-05,PDE_obj_MSE,0.991,0.4576036,0.0001,nan,0.00012,0.000443,0.00161
6440,nan,5.48e-05,nan,5.48e-05,PDE_obj_MSE,0.0755,0.4576036,0.0001,nan,0.00012,0.00245,0.00895
6450,nan,5.453e-05,nan,5.453e-05,PDE_obj_MSE,0.178,0.4576036,0.0001,nan,0.00012,0.00181,0.00629
6460,nan,5.542e-05,nan,5.542e-05,PDE_obj_MSE,0.989,0.4576036,0.0001,nan,0.00012,0.000532,0.00247
6470,nan,5.5e-05,nan,5.5e-05,PDE_obj_MSE,0.742,0.4576036,0.0001,nan,0.00012,0.000688,0.00268
6480,nan,5.468e-05,nan,5.468e-05,PDE_obj_MSE,0.0684,0.4576036,0.0001,nan,0.00012,0.00295,0.0112
6490,nan,5.434e-05,nan,5.434e-05,PDE_obj_MSE,0.741,0.4576036,0.0001,nan,0.00012,0.000635,0.00303
6500,nan,5.419e-05,nan,5.419e-05,PDE_obj_MSE,0.236,0.4576036,0.0001,nan,0.00012,0.00158,0.00593
6510,nan,5.425e-05,nan,5.425e-05,PDE_obj_MSE,0.11,0.4576036,0.0001,nan,0.00012,0.00178,0.00671
6520,nan,5.4e-05,nan,5.4e-05,PDE_obj_MSE,0.214,0.4576036,0.0001,nan,0.00012,0.00174,0.00627
6530,nan,5.417e-05,nan,5.417e-05,PDE_obj_MSE,0.417,0.4576036,0.0001,nan,0.00012,0.000899,0.00373
6540,nan,5.431e-05,nan,5.431e-05,PDE_obj_MSE,0.554,0.4576036,0.0001,nan,0.00012,0.00067,0.00306
6550,nan,5.44e-05,nan,5.44e-05,PDE_obj_MSE,0.981,0.4576036,0.0001,nan,0.00012,0.000501,0.00236
6560,nan,5.375e-05,nan,5.375e-05,PDE_obj_MSE,0.312,0.4576036,0.0001,nan,0.00012,0.00126,0.00465
6570,nan,5.389e-05,nan,5.389e-05,PDE_obj_MSE,0.502,0.4576036,0.0001,nan,0.00012,0.000799,0.00318
6580,nan,5.396e-05,nan,5.396e-05,PDE_obj_MSE,0.0678,0.4576036,0.0001,nan,0.00012,0.00243,0.00918
6590,nan,5.373e-05,nan,5.373e-05,PDE_obj_MSE,0.311,0.4576036,0.0001,nan,0.00012,0.00149,0.00532
6600,nan,5.381e-05,nan,5.381e-05,PDE_obj_MSE,0.606,0.4576036,0.0001,nan,0.00012,0.000825,0.00316
6610,nan,5.403e-05,nan,5.403e-05,PDE_obj_MSE,0.666,0.4576036,0.0001,nan,0.00012,0.000753,0.00322
6620,nan,5.357e-05,nan,5.357e-05,PDE_obj_MSE,0.975,0.4576036,0.0001,nan,0.00012,0.000355,0.0019
6630,nan,5.352e-05,nan,5.352e-05,PDE_obj_MSE,0.974,0.4576036,0.0001,nan,0.00012,0.000437,0.00171
6640,nan,5.382e-05,nan,5.382e-05,PDE_obj_MSE,0.973,0.4576036,0.0001,nan,0.00012,0.000457,0.00198
6650,nan,5.333e-05,nan,5.333e-05,PDE_obj_MSE,0.453,0.4576036,0.0001,nan,0.00012,0.000854,0.00343
6660,nan,5.422e-05,nan,5.422e-05,PDE_obj_MSE,0.971,0.4576036,0.0001,nan,0.00012,0.000526,0.00233
6670,nan,5.3e-05,nan,5.3e-05,PDE_obj_MSE,0.175,0.4576036,0.0001,nan,0.00012,0.00153,0.00617
6680,nan,5.299e-05,nan,5.299e-05,PDE_obj_MSE,0.131,0.4576036,0.0001,nan,0.00012,0.00184,0.00697
6690,nan,5.29e-05,nan,5.29e-05,PDE_obj_MSE,0.211,0.4576036,0.0001,nan,0.00012,0.00162,0.00601
6700,nan,5.367e-05,nan,5.367e-05,PDE_obj_MSE,0.8,0.4576036,0.0001,nan,0.00012,0.000637,0.00281
6710,nan,5.285e-05,nan,5.285e-05,PDE_obj_MSE,0.0982,0.4576036,0.0001,nan,0.00012,0.00188,0.00741
6720,nan,5.313e-05,nan,5.313e-05,PDE_obj_MSE,0.067,0.4576036,0.0001,nan,0.00012,0.00288,0.0107
6730,nan,5.263e-05,nan,5.263e-05,PDE_obj_MSE,0.13,0.4576036,0.0001,nan,0.00012,0.00175,0.00675
6740,nan,5.293e-05,nan,5.293e-05,PDE_obj_MSE,0.0669,0.4576036,0.0001,nan,0.00012,0.00229,0.00912
6750,nan,5.247e-05,nan,5.247e-05,PDE_obj_MSE,0.143,0.4576036,0.0001,nan,0.00012,0.00169,0.00649
6760,nan,5.253e-05,nan,5.253e-05,PDE_obj_MSE,0.963,0.4576036,0.0001,nan,0.00012,0.000337,0.00145
6770,nan,5.259e-05,nan,5.259e-05,PDE_obj_MSE,0.962,0.4576036,0.0001,nan,0.00012,0.000276,0.00132
6780,nan,5.246e-05,nan,5.246e-05,PDE_obj_MSE,0.19,0.4576036,0.0001,nan,0.00012,0.00144,0.00591
6790,nan,5.243e-05,nan,5.243e-05,PDE_obj_MSE,0.0806,0.4576036,0.0001,nan,0.00012,0.00214,0.008
6800,nan,5.228e-05,nan,5.228e-05,PDE_obj_MSE,0.13,0.4576036,0.0001,nan,0.00012,0.00199,0.00769
6810,nan,5.218e-05,nan,5.218e-05,PDE_obj_MSE,0.157,0.4576036,0.0001,nan,0.00012,0.00154,0.00627
6820,nan,5.236e-05,nan,5.236e-05,PDE_obj_MSE,0.492,0.4576036,0.0001,nan,0.00012,0.000819,0.00346
6830,nan,5.242e-05,nan,5.242e-05,PDE_obj_MSE,0.957,0.4576036,0.0001,nan,0.00012,0.000351,0.00184
6840,nan,5.288e-05,nan,5.288e-05,PDE_obj_MSE,0.956,0.4576036,0.0001,nan,0.00012,0.000624,0.00254
6850,nan,5.249e-05,nan,5.249e-05,PDE_obj_MSE,0.539,0.4576036,0.0001,nan,0.00012,0.00118,0.00395
6860,nan,5.192e-05,nan,5.192e-05,PDE_obj_MSE,0.229,0.4576036,0.0001,nan,0.00012,0.00153,0.00588
6870,nan,5.188e-05,nan,5.188e-05,PDE_obj_MSE,0.954,0.4576036,0.0001,nan,0.00012,0.000574,0.00248
6880,nan,5.206e-05,nan,5.206e-05,PDE_obj_MSE,0.0601,0.4576036,0.0001,nan,0.00012,0.00237,0.00914
6890,nan,5.18e-05,nan,5.18e-05,PDE_obj_MSE,0.0879,0.4576036,0.0001,nan,0.00012,0.00213,0.00813
6900,nan,5.153e-05,nan,5.153e-05,PDE_obj_MSE,0.141,0.4576036,0.0001,nan,0.00012,0.00171,0.00659
6910,nan,5.175e-05,nan,5.175e-05,PDE_obj_MSE,0.951,0.4576036,0.0001,nan,0.00012,0.00031,0.00121
6920,nan,5.167e-05,nan,5.167e-05,PDE_obj_MSE,0.95,0.4576036,0.0001,nan,0.00011,0.000376,0.00169
6930,nan,5.141e-05,nan,5.141e-05,PDE_obj_MSE,0.188,0.4576036,0.0001,nan,0.00012,0.00144,0.00583
6940,nan,5.152e-05,nan,5.152e-05,PDE_obj_MSE,0.106,0.4576036,0.0001,nan,0.00012,0.00184,0.00687
6950,nan,5.143e-05,nan,5.143e-05,PDE_obj_MSE,0.947,0.4576036,0.0001,nan,0.00011,0.000331,0.00147
6960,nan,5.131e-05,nan,5.131e-05,PDE_obj_MSE,0.947,0.4576036,0.0001,nan,0.00011,0.000155,0.00105
6970,nan,5.152e-05,nan,5.152e-05,PDE_obj_MSE,0.534,0.4576036,0.0001,nan,0.00011,0.000905,0.00326
6980,nan,5.108e-05,nan,5.108e-05,PDE_obj_MSE,0.128,0.4576036,0.0001,nan,0.00012,0.00177,0.0068
6990,nan,5.113e-05,nan,5.113e-05,PDE_obj_MSE,0.944,0.4576036,0.0001,nan,0.00011,0.00026,0.00118
7000,nan,5.164e-05,nan,5.164e-05,PDE_obj_MSE,0.78,0.4576036,0.0001,nan,0.00011,0.000822,0.00293
7010,nan,5.133e-05,nan,5.133e-05,PDE_obj_MSE,0.943,0.4576036,0.0001,nan,0.00011,0.000418,0.0018
7020,nan,5.073e-05,nan,5.073e-05,PDE_obj_MSE,0.186,0.4576036,0.0001,nan,0.00011,0.0013,0.00498
7030,nan,5.127e-05,nan,5.127e-05,PDE_obj_MSE,0.941,0.4576036,0.0001,nan,0.00011,0.000432,0.00228
7040,nan,5.071e-05,nan,5.071e-05,PDE_obj_MSE,0.3,0.4576036,0.0001,nan,0.00011,0.000937,0.00347
7050,nan,5.086e-05,nan,5.086e-05,PDE_obj_MSE,0.329,0.4576036,0.0001,nan,0.00011,0.000921,0.004
7060,nan,5.072e-05,nan,5.072e-05,PDE_obj_MSE,0.105,0.4576036,0.0001,nan,0.00012,0.0018,0.00749
7070,nan,5.055e-05,nan,5.055e-05,PDE_obj_MSE,0.139,0.4576036,0.0001,nan,0.00011,0.00153,0.00608
7080,nan,5.084e-05,nan,5.084e-05,PDE_obj_MSE,0.937,0.4576036,0.0001,nan,0.00011,0.000423,0.0017
7090,nan,5.042e-05,nan,5.042e-05,PDE_obj_MSE,0.936,0.4576036,0.0001,nan,0.00011,0.000144,0.00085
7100,nan,5.073e-05,nan,5.073e-05,PDE_obj_MSE,0.773,0.4576036,0.0001,nan,0.00011,0.000522,0.00264
7110,nan,5.031e-05,nan,5.031e-05,PDE_obj_MSE,0.271,0.4576036,0.0001,nan,0.00011,0.000955,0.00397
7120,nan,5.028e-05,nan,5.028e-05,PDE_obj_MSE,0.153,0.4576036,0.0001,nan,0.00011,0.00187,0.00714
7130,nan,5.019e-05,nan,5.019e-05,PDE_obj_MSE,0.933,0.4576036,0.0001,nan,0.00011,0.000178,0.00123
7140,nan,5.093e-05,nan,5.093e-05,PDE_obj_MSE,0.933,0.4576036,0.0001,nan,0.00011,0.000554,0.00221
7150,nan,5.019e-05,nan,5.019e-05,PDE_obj_MSE,0.297,0.4576036,0.0001,nan,0.00011,0.000999,0.00432
7160,nan,5.018e-05,nan,5.018e-05,PDE_obj_MSE,0.114,0.4576036,0.0001,nan,0.00011,0.0019,0.00732
7170,nan,5.056e-05,nan,5.056e-05,PDE_obj_MSE,0.525,0.4576036,0.0001,nan,0.00011,0.00092,0.00382
7180,nan,4.996e-05,nan,4.996e-05,PDE_obj_MSE,0.202,0.4576036,0.0001,nan,0.00011,0.0011,0.00438
7190,nan,5.039e-05,nan,5.039e-05,PDE_obj_MSE,0.634,0.4576036,0.0001,nan,0.00011,0.000751,0.00304
7200,nan,5.037e-05,nan,5.037e-05,PDE_obj_MSE,0.844,0.4576036,0.0001,nan,0.00011,0.000549,0.00255
7210,nan,4.976e-05,nan,4.976e-05,PDE_obj_MSE,0.244,0.4576036,0.0001,nan,0.00011,0.00102,0.00448
7220,nan,5.007e-05,nan,5.007e-05,PDE_obj_MSE,0.393,0.4576036,0.0001,nan,0.00011,0.00106,0.00443
7230,nan,5.056e-05,nan,5.056e-05,PDE_obj_MSE,0.926,0.4576036,0.0001,nan,0.00011,0.000594,0.00233
7240,nan,4.96e-05,nan,4.96e-05,PDE_obj_MSE,0.925,0.4576036,0.0001,nan,0.00011,0.000265,0.0015
7250,nan,4.964e-05,nan,4.964e-05,PDE_obj_MSE,0.924,0.4576036,0.0001,nan,0.00011,0.000623,0.00254
7260,nan,4.981e-05,nan,4.981e-05,PDE_obj_MSE,0.474,0.4576036,0.0001,nan,0.00011,0.000882,0.00365
7270,nan,4.968e-05,nan,4.968e-05,PDE_obj_MSE,1.02,0.4576036,0.0001,nan,0.00011,0.000292,0.00143
7280,nan,4.945e-05,nan,4.945e-05,PDE_obj_MSE,1.01,0.4576036,0.0001,nan,0.00011,0.000291,0.00112
7290,nan,4.958e-05,nan,4.958e-05,PDE_obj_MSE,0.572,0.4576036,0.0001,nan,0.00011,0.000683,0.00306
7300,nan,5.055e-05,nan,5.055e-05,PDE_obj_MSE,0.837,0.4576036,0.0001,nan,0.00011,0.000788,0.00322
7310,nan,5.02e-05,nan,5.02e-05,PDE_obj_MSE,0.92,0.4576036,0.0001,nan,0.00011,0.000552,0.00254
7320,nan,4.947e-05,nan,4.947e-05,PDE_obj_MSE,0.0637,0.4576036,0.0001,nan,0.00011,0.00228,0.00912
7330,nan,4.92e-05,nan,4.92e-05,PDE_obj_MSE,0.0848,0.4576036,0.0001,nan,0.00011,0.00199,0.00825
7340,nan,4.913e-05,nan,4.913e-05,PDE_obj_MSE,0.354,0.4576036,0.0001,nan,0.00011,0.000999,0.00399
7350,nan,4.947e-05,nan,4.947e-05,PDE_obj_MSE,0.917,0.4576036,0.0001,nan,0.00011,0.000459,0.00213
7360,nan,4.961e-05,nan,4.961e-05,PDE_obj_MSE,0.0434,0.4576036,0.0001,nan,0.00011,0.00255,0.0101
7370,nan,4.924e-05,nan,4.924e-05,PDE_obj_MSE,0.625,0.4576036,0.0001,nan,0.00011,0.000739,0.00307
7380,nan,4.909e-05,nan,4.909e-05,PDE_obj_MSE,1.01,0.4576036,0.0001,nan,0.00011,0.000282,0.00148
7390,nan,4.876e-05,nan,4.876e-05,PDE_obj_MSE,0.181,0.4576036,0.0001,nan,0.00011,0.00131,0.00521
7400,nan,4.887e-05,nan,4.887e-05,PDE_obj_MSE,0.102,0.4576036,0.0001,nan,0.00011,0.00196,0.00746
7410,nan,4.884e-05,nan,4.884e-05,PDE_obj_MSE,0.352,0.4576036,0.0001,nan,0.00011,0.00105,0.00421
7420,nan,4.876e-05,nan,4.876e-05,PDE_obj_MSE,0.164,0.4576036,0.0001,nan,0.00011,0.00156,0.00643
7430,nan,4.86e-05,nan,4.86e-05,PDE_obj_MSE,0.198,0.4576036,0.0001,nan,0.00011,0.00123,0.00483
7440,nan,4.87e-05,nan,4.87e-05,PDE_obj_MSE,1.0,0.4576036,0.0001,nan,0.00011,0.000394,0.00195
7450,nan,4.842e-05,nan,4.842e-05,PDE_obj_MSE,0.264,0.4576036,0.0001,nan,0.00011,0.00113,0.0046
7460,nan,4.86e-05,nan,4.86e-05,PDE_obj_MSE,0.0923,0.4576036,0.0001,nan,0.00011,0.0019,0.00757
7470,nan,4.852e-05,nan,4.852e-05,PDE_obj_MSE,0.424,0.4576036,0.0001,nan,0.00011,0.000764,0.00313
7480,nan,4.84e-05,nan,4.84e-05,PDE_obj_MSE,0.101,0.4576036,0.0001,nan,0.00011,0.00193,0.00804
7490,nan,4.842e-05,nan,4.842e-05,PDE_obj_MSE,0.0921,0.4576036,0.0001,nan,0.00011,0.00206,0.00801
7500,nan,4.868e-05,nan,4.868e-05,PDE_obj_MSE,0.563,0.4576036,0.0001,nan,0.00011,0.000839,0.00342
7510,nan,4.877e-05,nan,4.877e-05,PDE_obj_MSE,0.996,0.4576036,0.0001,nan,0.00011,0.000372,0.00185
7520,nan,4.837e-05,nan,4.837e-05,PDE_obj_MSE,0.995,0.4576036,0.0001,nan,0.00011,0.000409,0.00201
7530,nan,4.816e-05,nan,4.816e-05,PDE_obj_MSE,0.349,0.4576036,0.0001,nan,0.00011,0.000954,0.00383
7540,nan,4.827e-05,nan,4.827e-05,PDE_obj_MSE,0.994,0.4576036,0.0001,nan,0.00011,0.000262,0.00115
7550,nan,4.834e-05,nan,4.834e-05,PDE_obj_MSE,0.993,0.4576036,0.0001,nan,0.00011,0.000332,0.0016
7560,nan,4.832e-05,nan,4.832e-05,PDE_obj_MSE,0.992,0.4576036,0.0001,nan,0.00011,0.000339,0.00174
7570,nan,4.815e-05,nan,4.815e-05,PDE_obj_MSE,0.56,0.4576036,0.0001,nan,0.00011,0.000727,0.00282
7580,nan,4.819e-05,nan,4.819e-05,PDE_obj_MSE,0.677,0.4576036,0.0001,nan,0.00011,0.000668,0.00278
7590,nan,4.777e-05,nan,4.777e-05,PDE_obj_MSE,0.99,0.4576036,0.0001,nan,0.00011,0.000146,0.000918
7600,nan,4.808e-05,nan,4.808e-05,PDE_obj_MSE,0.989,0.4576036,0.0001,nan,0.00011,0.000418,0.00223
7610,nan,4.776e-05,nan,4.776e-05,PDE_obj_MSE,0.558,0.4576036,0.0001,nan,0.00011,0.000755,0.00276
7620,nan,4.77e-05,nan,4.77e-05,PDE_obj_MSE,0.419,0.4576036,0.0001,nan,0.00011,0.000875,0.0037
7630,nan,4.754e-05,nan,4.754e-05,PDE_obj_MSE,0.987,0.4576036,0.0001,nan,0.00011,0.000225,0.00141
7640,nan,4.816e-05,nan,4.816e-05,PDE_obj_MSE,0.674,0.4576036,0.0001,nan,0.00011,0.000724,0.003
7650,nan,4.779e-05,nan,4.779e-05,PDE_obj_MSE,0.46,0.4576036,0.0001,nan,0.00011,0.000949,0.00385
7660,nan,4.804e-05,nan,4.804e-05,PDE_obj_MSE,0.74,0.4576036,0.0001,nan,0.00011,0.000589,0.00244
7670,nan,4.732e-05,nan,4.732e-05,PDE_obj_MSE,0.161,0.4576036,0.0001,nan,0.00011,0.00145,0.00595
7680,nan,4.733e-05,nan,4.733e-05,PDE_obj_MSE,0.0998,0.4576036,0.0001,nan,0.00011,0.002,0.00808
7690,nan,4.763e-05,nan,4.763e-05,PDE_obj_MSE,0.61,0.4576036,0.0001,nan,0.00011,0.000608,0.00266
7700,nan,4.736e-05,nan,4.736e-05,PDE_obj_MSE,0.982,0.4576036,0.0001,nan,0.00011,0.000272,0.00101
7710,nan,4.733e-05,nan,4.733e-05,PDE_obj_MSE,0.0996,0.4576036,0.0001,nan,0.00011,0.00211,0.00806
7720,nan,4.74e-05,nan,4.74e-05,PDE_obj_MSE,0.0618,0.4576036,0.0001,nan,0.00011,0.00243,0.00967
7730,nan,4.708e-05,nan,4.708e-05,PDE_obj_MSE,0.109,0.4576036,0.0001,nan,0.00011,0.0016,0.00661
7740,nan,4.69e-05,nan,4.69e-05,PDE_obj_MSE,0.979,0.4576036,0.0001,nan,0.00011,0.000312,0.00114
7750,nan,4.715e-05,nan,4.715e-05,PDE_obj_MSE,0.552,0.4576036,0.0001,nan,0.00011,0.00082,0.00316
7760,nan,4.692e-05,nan,4.692e-05,PDE_obj_MSE,0.257,0.4576036,0.0001,nan,0.00011,0.00109,0.00491
7770,nan,4.7e-05,nan,4.7e-05,PDE_obj_MSE,0.311,0.4576036,0.0001,nan,0.00011,0.0011,0.00509
7780,nan,4.712e-05,nan,4.712e-05,PDE_obj_MSE,0.0677,0.4576036,0.0001,nan,0.00011,0.00221,0.00862
7790,nan,4.663e-05,nan,4.663e-05,PDE_obj_MSE,0.212,0.4576036,0.0001,nan,0.00011,0.00137,0.00568
7800,nan,4.67e-05,nan,4.67e-05,PDE_obj_MSE,0.233,0.4576036,0.0001,nan,0.00011,0.00117,0.00457
7810,nan,4.684e-05,nan,4.684e-05,PDE_obj_MSE,0.0817,0.4576036,0.0001,nan,0.00011,0.00208,0.00868
7820,nan,4.672e-05,nan,4.672e-05,PDE_obj_MSE,0.375,0.4576036,0.0001,nan,0.00011,0.00103,0.00396
7830,nan,4.659e-05,nan,4.659e-05,PDE_obj_MSE,0.803,0.4576036,0.0001,nan,0.00011,0.000511,0.00252
7840,nan,4.713e-05,nan,4.713e-05,PDE_obj_MSE,0.73,0.4576036,0.0001,nan,0.00011,0.000707,0.00286
7850,nan,4.649e-05,nan,4.649e-05,PDE_obj_MSE,0.131,0.4576036,0.0001,nan,0.00011,0.00141,0.00635
7860,nan,4.648e-05,nan,4.648e-05,PDE_obj_MSE,0.119,0.4576036,0.0001,nan,0.00011,0.00158,0.00628
7870,nan,4.649e-05,nan,4.649e-05,PDE_obj_MSE,0.0894,0.4576036,0.0001,nan,0.00011,0.00181,0.0074
7880,nan,4.711e-05,nan,4.711e-05,PDE_obj_MSE,0.728,0.4576036,0.0001,nan,0.00011,0.000653,0.00323
7890,nan,4.641e-05,nan,4.641e-05,PDE_obj_MSE,0.0893,0.4576036,0.0001,nan,0.00011,0.00213,0.00792
7900,nan,4.656e-05,nan,4.656e-05,PDE_obj_MSE,0.41,0.4576036,0.0001,nan,0.00011,0.000972,0.00392
7910,nan,4.616e-05,nan,4.616e-05,PDE_obj_MSE,0.28,0.4576036,0.0001,nan,0.00011,0.000914,0.00417
7920,nan,4.673e-05,nan,4.673e-05,PDE_obj_MSE,0.725,0.4576036,0.0001,nan,0.00011,0.000602,0.00257
7930,nan,4.622e-05,nan,4.622e-05,PDE_obj_MSE,0.965,0.4576036,0.0001,nan,0.00011,0.000263,0.00165
7940,nan,4.639e-05,nan,4.639e-05,PDE_obj_MSE,0.964,0.4576036,0.0001,nan,0.00011,0.000397,0.0016
7950,nan,4.587e-05,nan,4.587e-05,PDE_obj_MSE,0.963,0.4576036,0.0001,nan,0.00011,0.00029,0.00133
7960,nan,4.615e-05,nan,4.615e-05,PDE_obj_MSE,0.0889,0.4576036,0.0001,nan,0.00011,0.00203,0.00824
7970,nan,4.605e-05,nan,4.605e-05,PDE_obj_MSE,0.0977,0.4576036,0.0001,nan,0.00011,0.00193,0.00779
7980,nan,4.572e-05,nan,4.572e-05,PDE_obj_MSE,0.19,0.4576036,0.0001,nan,0.00011,0.0013,0.00528
7990,nan,4.583e-05,nan,4.583e-05,PDE_obj_MSE,0.961,0.4576036,0.0001,nan,0.00011,9.47e-05,0.000696
8000,nan,4.571e-05,nan,4.571e-05,PDE_obj_MSE,0.278,0.4576036,0.0001,nan,0.00011,0.000992,0.00408
8010,nan,4.606e-05,nan,4.606e-05,PDE_obj_MSE,0.0732,0.4576036,0.0001,nan,0.00011,0.00258,0.00967
8020,nan,4.6e-05,nan,4.6e-05,PDE_obj_MSE,0.959,0.4576036,0.0001,nan,0.00011,0.000464,0.00223
8030,nan,4.606e-05,nan,4.606e-05,PDE_obj_MSE,0.541,0.4576036,0.0001,nan,0.00011,0.000761,0.00316
8040,nan,4.557e-05,nan,4.557e-05,PDE_obj_MSE,0.957,0.4576036,0.0001,nan,0.00011,0.000282,0.00118
8050,nan,4.566e-05,nan,4.566e-05,PDE_obj_MSE,0.956,0.4576036,0.0001,nan,0.00011,0.000211,0.0011
8060,nan,4.551e-05,nan,4.551e-05,PDE_obj_MSE,0.305,0.4576036,0.0001,nan,0.00011,0.00111,0.00463
8070,nan,4.55e-05,nan,4.55e-05,PDE_obj_MSE,0.335,0.4576036,0.0001,nan,0.00011,0.00106,0.00407
8080,nan,4.534e-05,nan,4.534e-05,PDE_obj_MSE,0.172,0.4576036,0.0001,nan,0.00011,0.00159,0.00638
8090,nan,4.539e-05,nan,4.539e-05,PDE_obj_MSE,0.954,0.4576036,0.0001,nan,0.00011,0.000115,0.000699
8100,nan,4.541e-05,nan,4.541e-05,PDE_obj_MSE,0.334,0.4576036,0.0001,nan,0.00011,0.000915,0.0039
8110,nan,4.535e-05,nan,4.535e-05,PDE_obj_MSE,0.251,0.4576036,0.0001,nan,0.00011,0.00127,0.00508
8120,nan,4.557e-05,nan,4.557e-05,PDE_obj_MSE,0.0726,0.4576036,0.0001,nan,0.00011,0.00218,0.00912
8130,nan,4.565e-05,nan,4.565e-05,PDE_obj_MSE,0.0599,0.4576036,0.0001,nan,0.00011,0.00245,0.0104
8140,nan,4.549e-05,nan,4.549e-05,PDE_obj_MSE,0.536,0.4576036,0.0001,nan,0.00011,0.000749,0.00328
8150,nan,4.514e-05,nan,4.514e-05,PDE_obj_MSE,0.275,0.4576036,0.0001,nan,0.00011,0.000991,0.00426
8160,nan,4.548e-05,nan,4.548e-05,PDE_obj_MSE,0.589,0.4576036,0.0001,nan,0.00011,0.0007,0.00312
8170,nan,4.53e-05,nan,4.53e-05,PDE_obj_MSE,0.442,0.4576036,0.0001,nan,0.00011,0.000828,0.00352
8180,nan,4.491e-05,nan,4.491e-05,PDE_obj_MSE,0.187,0.4576036,0.0001,nan,0.00011,0.00108,0.00479
8190,nan,4.498e-05,nan,4.498e-05,PDE_obj_MSE,0.274,0.4576036,0.0001,nan,0.00011,0.000875,0.00372
8200,nan,4.49e-05,nan,4.49e-05,PDE_obj_MSE,0.274,0.4576036,0.0001,nan,0.00011,0.00109,0.00459
8210,nan,4.495e-05,nan,4.495e-05,PDE_obj_MSE,0.401,0.4576036,0.0001,nan,0.00011,0.000748,0.00356
8220,nan,4.471e-05,nan,4.471e-05,PDE_obj_MSE,0.945,0.4576036,0.0001,nan,0.00011,0.000234,0.00106
8230,nan,4.477e-05,nan,4.477e-05,PDE_obj_MSE,0.249,0.4576036,0.0001,nan,0.00011,0.00109,0.00479
8240,nan,4.476e-05,nan,4.476e-05,PDE_obj_MSE,0.17,0.4576036,0.0001,nan,0.00011,0.00133,0.00561
8250,nan,4.462e-05,nan,4.462e-05,PDE_obj_MSE,0.127,0.4576036,0.0001,nan,0.00011,0.00158,0.00658
8260,nan,4.47e-05,nan,4.47e-05,PDE_obj_MSE,0.3,0.4576036,0.0001,nan,0.00011,0.000963,0.00417
8270,nan,4.483e-05,nan,4.483e-05,PDE_obj_MSE,0.941,0.4576036,0.0001,nan,0.00011,0.00048,0.00201
8280,nan,4.494e-05,nan,4.494e-05,PDE_obj_MSE,0.941,0.4576036,0.0001,nan,0.00011,0.000414,0.00181
8290,nan,4.46e-05,nan,4.46e-05,PDE_obj_MSE,0.0868,0.4576036,0.0001,nan,0.00011,0.00199,0.00821
8300,nan,4.484e-05,nan,4.484e-05,PDE_obj_MSE,0.0538,0.4576036,0.0001,nan,0.00011,0.00216,0.00905
8310,nan,4.438e-05,nan,4.438e-05,PDE_obj_MSE,0.204,0.4576036,0.0001,nan,0.00011,0.00116,0.00459
8320,nan,4.469e-05,nan,4.469e-05,PDE_obj_MSE,0.0716,0.4576036,0.0001,nan,0.00011,0.0023,0.00992
8330,nan,4.439e-05,nan,4.439e-05,PDE_obj_MSE,0.169,0.4576036,0.0001,nan,0.00011,0.00128,0.0054
8340,nan,4.429e-05,nan,4.429e-05,PDE_obj_MSE,0.937,0.4576036,0.0001,nan,0.00011,0.000326,0.00213
8350,nan,4.446e-05,nan,4.446e-05,PDE_obj_MSE,0.437,0.4576036,0.0001,nan,0.00011,0.000787,0.00337
8360,nan,4.456e-05,nan,4.456e-05,PDE_obj_MSE,0.935,0.4576036,0.0001,nan,0.00011,0.000496,0.00207
8370,nan,4.413e-05,nan,4.413e-05,PDE_obj_MSE,0.224,0.4576036,0.0001,nan,0.00011,0.0011,0.00443
8380,nan,4.428e-05,nan,4.428e-05,PDE_obj_MSE,0.934,0.4576036,0.0001,nan,0.0001,0.000249,0.0013
8390,nan,4.425e-05,nan,4.425e-05,PDE_obj_MSE,0.0948,0.4576036,0.0001,nan,0.00011,0.00196,0.00818
8400,nan,4.404e-05,nan,4.404e-05,PDE_obj_MSE,0.126,0.4576036,0.0001,nan,0.00011,0.00142,0.00603
8410,nan,4.402e-05,nan,4.402e-05,PDE_obj_MSE,0.223,0.4576036,0.0001,nan,0.00011,0.00109,0.00465
8420,nan,4.401e-05,nan,4.401e-05,PDE_obj_MSE,0.932,0.4576036,0.0001,nan,0.0001,0.000174,0.000949
8430,nan,4.441e-05,nan,4.441e-05,PDE_obj_MSE,0.931,0.4576036,0.0001,nan,0.0001,0.000407,0.00196
8440,nan,4.384e-05,nan,4.384e-05,PDE_obj_MSE,0.245,0.4576036,0.0001,nan,0.00011,0.00109,0.00446
8450,nan,4.396e-05,nan,4.396e-05,PDE_obj_MSE,0.434,0.4576036,0.0001,nan,0.0001,0.000862,0.00375
8460,nan,4.437e-05,nan,4.437e-05,PDE_obj_MSE,0.929,0.4576036,0.0001,nan,0.0001,0.000442,0.00192
8470,nan,4.403e-05,nan,4.403e-05,PDE_obj_MSE,0.697,0.4576036,0.0001,nan,0.0001,0.000474,0.00249
8480,nan,4.369e-05,nan,4.369e-05,PDE_obj_MSE,0.269,0.4576036,0.0001,nan,0.0001,0.000981,0.00399
8490,nan,4.404e-05,nan,4.404e-05,PDE_obj_MSE,0.927,0.4576036,0.0001,nan,0.0001,0.000442,0.00196
8500,nan,4.369e-05,nan,4.369e-05,PDE_obj_MSE,0.926,0.4576036,0.0001,nan,0.0001,0.000259,0.0012
8510,nan,4.354e-05,nan,4.354e-05,PDE_obj_MSE,0.926,0.4576036,0.0001,nan,0.0001,0.00026,0.00127
8520,nan,4.38e-05,nan,4.38e-05,PDE_obj_MSE,0.574,0.4576036,0.0001,nan,0.0001,0.000567,0.00252
8530,nan,4.351e-05,nan,4.351e-05,PDE_obj_MSE,0.268,0.4576036,0.0001,nan,0.0001,0.00107,0.00465
8540,nan,4.353e-05,nan,4.353e-05,PDE_obj_MSE,0.0938,0.4576036,0.0001,nan,0.00011,0.0016,0.00692
8550,nan,4.344e-05,nan,4.344e-05,PDE_obj_MSE,0.324,0.4576036,0.0001,nan,0.0001,0.000759,0.00339
8560,nan,4.368e-05,nan,4.368e-05,PDE_obj_MSE,0.693,0.4576036,0.0001,nan,0.0001,0.000585,0.00266
8570,nan,4.326e-05,nan,4.326e-05,PDE_obj_MSE,1.01,0.4576036,0.0001,nan,0.0001,0.000149,0.00104
8580,nan,4.375e-05,nan,4.375e-05,PDE_obj_MSE,0.921,0.4576036,0.0001,nan,0.0001,0.000444,0.00197
8590,nan,4.338e-05,nan,4.338e-05,PDE_obj_MSE,0.921,0.4576036,0.0001,nan,0.0001,0.000404,0.002
8600,nan,4.371e-05,nan,4.371e-05,PDE_obj_MSE,0.628,0.4576036,0.0001,nan,0.0001,0.000641,0.00282
8610,nan,4.31e-05,nan,4.31e-05,PDE_obj_MSE,0.242,0.4576036,0.0001,nan,0.0001,0.00097,0.00418
8620,nan,4.322e-05,nan,4.322e-05,PDE_obj_MSE,0.354,0.4576036,0.0001,nan,0.0001,0.000837,0.00322
8630,nan,4.342e-05,nan,4.342e-05,PDE_obj_MSE,0.759,0.4576036,0.0001,nan,0.0001,0.000455,0.00229
8640,nan,4.312e-05,nan,4.312e-05,PDE_obj_MSE,0.0847,0.4576036,0.0001,nan,0.0001,0.00149,0.00651
8650,nan,4.298e-05,nan,4.298e-05,PDE_obj_MSE,0.136,0.4576036,0.0001,nan,0.0001,0.00132,0.00577
8660,nan,4.305e-05,nan,4.305e-05,PDE_obj_MSE,0.0846,0.4576036,0.0001,nan,0.00011,0.00205,0.00828
8670,nan,4.297e-05,nan,4.297e-05,PDE_obj_MSE,0.321,0.4576036,0.0001,nan,0.0001,0.000995,0.00451
8680,nan,4.311e-05,nan,4.311e-05,PDE_obj_MSE,0.915,0.4576036,0.0001,nan,0.0001,0.000396,0.00229
8690,nan,4.279e-05,nan,4.279e-05,PDE_obj_MSE,0.15,0.4576036,0.0001,nan,0.0001,0.00117,0.00525
8700,nan,4.317e-05,nan,4.317e-05,PDE_obj_MSE,1.01,0.4576036,0.0001,nan,0.0001,0.000403,0.00178
8710,nan,4.318e-05,nan,4.318e-05,PDE_obj_MSE,0.624,0.4576036,0.0001,nan,0.0001,0.000607,0.00283
8720,nan,4.322e-05,nan,4.322e-05,PDE_obj_MSE,0.686,0.4576036,0.0001,nan,0.0001,0.000679,0.00294
8730,nan,4.279e-05,nan,4.279e-05,PDE_obj_MSE,0.164,0.4576036,0.0001,nan,0.0001,0.00125,0.00547
8740,nan,4.27e-05,nan,4.27e-05,PDE_obj_MSE,0.218,0.4576036,0.0001,nan,0.0001,0.00113,0.00477
8750,nan,4.258e-05,nan,4.258e-05,PDE_obj_MSE,0.218,0.4576036,0.0001,nan,0.0001,0.0012,0.00496
8760,nan,4.259e-05,nan,4.259e-05,PDE_obj_MSE,0.24,0.4576036,0.0001,nan,0.0001,0.000945,0.00402
8770,nan,4.258e-05,nan,4.258e-05,PDE_obj_MSE,0.386,0.4576036,0.0001,nan,0.0001,0.000897,0.0037
8780,nan,4.252e-05,nan,4.252e-05,PDE_obj_MSE,0.198,0.4576036,0.0001,nan,0.0001,0.00117,0.00491
8790,nan,4.253e-05,nan,4.253e-05,PDE_obj_MSE,0.513,0.4576036,0.0001,nan,0.0001,0.000541,0.00262
8800,nan,4.302e-05,nan,4.302e-05,PDE_obj_MSE,0.999,0.4576036,0.0001,nan,0.0001,0.000519,0.00185
8810,nan,4.286e-05,nan,4.286e-05,PDE_obj_MSE,0.998,0.4576036,0.0001,nan,0.0001,0.000407,0.00169
8820,nan,4.26e-05,nan,4.26e-05,PDE_obj_MSE,0.563,0.4576036,0.0001,nan,0.0001,0.000675,0.00267
8830,nan,4.228e-05,nan,4.228e-05,PDE_obj_MSE,0.997,0.4576036,0.0001,nan,0.0001,0.000249,0.00144
8840,nan,4.224e-05,nan,4.224e-05,PDE_obj_MSE,0.996,0.4576036,0.0001,nan,0.0001,0.000138,0.000847
8850,nan,4.225e-05,nan,4.225e-05,PDE_obj_MSE,0.122,0.4576036,0.0001,nan,0.0001,0.00124,0.00541
8860,nan,4.219e-05,nan,4.219e-05,PDE_obj_MSE,0.216,0.4576036,0.0001,nan,0.0001,0.00102,0.00424
8870,nan,4.223e-05,nan,4.223e-05,PDE_obj_MSE,0.122,0.4576036,0.0001,nan,0.0001,0.00152,0.00663
8880,nan,4.21e-05,nan,4.21e-05,PDE_obj_MSE,0.122,0.4576036,0.0001,nan,0.0001,0.00159,0.00649
8890,nan,4.194e-05,nan,4.194e-05,PDE_obj_MSE,0.993,0.4576036,0.0001,nan,0.0001,0.000192,0.00111
8900,nan,4.194e-05,nan,4.194e-05,PDE_obj_MSE,0.178,0.4576036,0.0001,nan,0.0001,0.00109,0.00486
8910,nan,4.191e-05,nan,4.191e-05,PDE_obj_MSE,0.122,0.4576036,0.0001,nan,0.0001,0.00151,0.00623
8920,nan,4.218e-05,nan,4.218e-05,PDE_obj_MSE,0.677,0.4576036,0.0001,nan,0.0001,0.000478,0.00234
8930,nan,4.178e-05,nan,4.178e-05,PDE_obj_MSE,0.162,0.4576036,0.0001,nan,0.0001,0.00144,0.00588
8940,nan,4.223e-05,nan,4.223e-05,PDE_obj_MSE,0.676,0.4576036,0.0001,nan,0.0001,0.000622,0.00301
8950,nan,4.181e-05,nan,4.181e-05,PDE_obj_MSE,0.196,0.4576036,0.0001,nan,0.0001,0.00105,0.00443
8960,nan,4.171e-05,nan,4.171e-05,PDE_obj_MSE,0.162,0.4576036,0.0001,nan,0.0001,0.00122,0.00508
8970,nan,4.186e-05,nan,4.186e-05,PDE_obj_MSE,0.1,0.4576036,0.0001,nan,0.0001,0.00176,0.00759
8980,nan,4.174e-05,nan,4.174e-05,PDE_obj_MSE,0.987,0.4576036,0.0001,nan,0.0001,0.000383,0.00141
8990,nan,4.162e-05,nan,4.162e-05,PDE_obj_MSE,0.46,0.4576036,0.0001,nan,0.0001,0.000631,0.00265
9000,nan,4.159e-05,nan,4.159e-05,PDE_obj_MSE,0.26,0.4576036,0.0001,nan,0.0001,0.000907,0.00414
9010,nan,4.152e-05,nan,4.152e-05,PDE_obj_MSE,0.259,0.4576036,0.0001,nan,0.0001,0.00112,0.00486
9020,nan,4.176e-05,nan,4.176e-05,PDE_obj_MSE,0.0826,0.4576036,0.0001,nan,0.0001,0.00224,0.00867
9030,nan,4.16e-05,nan,4.16e-05,PDE_obj_MSE,0.379,0.4576036,0.0001,nan,0.0001,0.00106,0.0042
9040,nan,4.164e-05,nan,4.164e-05,PDE_obj_MSE,0.894,0.4576036,0.0001,nan,0.0001,0.000515,0.00234
9050,nan,4.189e-05,nan,4.189e-05,PDE_obj_MSE,0.671,0.4576036,0.0001,nan,0.0001,0.000583,0.00255
9060,nan,4.155e-05,nan,4.155e-05,PDE_obj_MSE,0.61,0.4576036,0.0001,nan,0.0001,0.000587,0.0025
9070,nan,4.194e-05,nan,4.194e-05,PDE_obj_MSE,0.981,0.4576036,0.0001,nan,0.0001,0.000539,0.002
9080,nan,4.13e-05,nan,4.13e-05,PDE_obj_MSE,0.98,0.4576036,0.0001,nan,0.0001,0.000307,0.00172
9090,nan,4.152e-05,nan,4.152e-05,PDE_obj_MSE,0.415,0.4576036,0.0001,nan,0.0001,0.000929,0.00395
9100,nan,4.12e-05,nan,4.12e-05,PDE_obj_MSE,0.16,0.4576036,0.0001,nan,0.0001,0.00134,0.00587
9110,nan,4.128e-05,nan,4.128e-05,PDE_obj_MSE,0.502,0.4576036,0.0001,nan,0.0001,0.000675,0.00279
9120,nan,4.112e-05,nan,4.112e-05,PDE_obj_MSE,0.16,0.4576036,0.0001,nan,0.0001,0.00134,0.00569
9130,nan,4.15e-05,nan,4.15e-05,PDE_obj_MSE,0.977,0.4576036,0.0001,nan,0.0001,0.000349,0.0018
9140,nan,4.095e-05,nan,4.095e-05,PDE_obj_MSE,0.977,0.4576036,0.0001,nan,0.0001,0.000197,0.00117
9150,nan,4.099e-05,nan,4.099e-05,PDE_obj_MSE,0.193,0.4576036,0.0001,nan,0.0001,0.00114,0.00488
9160,nan,4.096e-05,nan,4.096e-05,PDE_obj_MSE,0.975,0.4576036,0.0001,nan,0.0001,0.000191,0.00112
9170,nan,4.095e-05,nan,4.095e-05,PDE_obj_MSE,0.159,0.4576036,0.0001,nan,0.0001,0.00139,0.00588
9180,nan,4.119e-05,nan,4.119e-05,PDE_obj_MSE,0.974,0.4576036,0.0001,nan,0.0001,0.000384,0.0018
9190,nan,4.115e-05,nan,4.115e-05,PDE_obj_MSE,0.973,0.4576036,0.0001,nan,0.0001,0.000361,0.00166
9200,nan,4.091e-05,nan,4.091e-05,PDE_obj_MSE,0.341,0.4576036,0.0001,nan,0.0001,0.000847,0.00363
9210,nan,4.084e-05,nan,4.084e-05,PDE_obj_MSE,0.31,0.4576036,0.0001,nan,0.0001,0.000885,0.00418
9220,nan,4.114e-05,nan,4.114e-05,PDE_obj_MSE,0.73,0.4576036,0.0001,nan,0.0001,0.000537,0.0023
9230,nan,4.096e-05,nan,4.096e-05,PDE_obj_MSE,0.971,0.4576036,0.0001,nan,0.0001,0.000421,0.00181
9240,nan,4.102e-05,nan,4.102e-05,PDE_obj_MSE,0.97,0.4576036,0.0001,nan,0.0001,0.000423,0.00193
9250,nan,4.06e-05,nan,4.06e-05,PDE_obj_MSE,0.232,0.4576036,0.0001,nan,0.0001,0.00115,0.00472
9260,nan,4.102e-05,nan,4.102e-05,PDE_obj_MSE,0.969,0.4576036,0.0001,nan,0.0001,0.000327,0.00152
9270,nan,4.084e-05,nan,4.084e-05,PDE_obj_MSE,0.969,0.4576036,0.0001,nan,0.0001,0.00036,0.00141
9280,nan,4.064e-05,nan,4.064e-05,PDE_obj_MSE,0.108,0.4576036,0.0001,nan,0.0001,0.00178,0.00754
9290,nan,4.038e-05,nan,4.038e-05,PDE_obj_MSE,0.191,0.4576036,0.0001,nan,0.0001,0.00104,0.00456
9300,nan,4.085e-05,nan,4.085e-05,PDE_obj_MSE,0.879,0.4576036,0.0001,nan,0.0001,0.000461,0.00212
9310,nan,4.085e-05,nan,4.085e-05,PDE_obj_MSE,0.966,0.4576036,0.0001,nan,0.0001,0.000562,0.0023
9320,nan,4.091e-05,nan,4.091e-05,PDE_obj_MSE,0.0503,0.4576036,0.0001,nan,0.0001,0.00244,0.00997
9330,nan,4.045e-05,nan,4.045e-05,PDE_obj_MSE,0.599,0.4576036,0.0001,nan,0.0001,0.000537,0.00245
9340,nan,4.07e-05,nan,4.07e-05,PDE_obj_MSE,0.599,0.4576036,0.0001,nan,0.0001,0.000692,0.00284
9350,nan,4.025e-05,nan,4.025e-05,PDE_obj_MSE,0.21,0.4576036,0.0001,nan,0.0001,0.00119,0.00522
9360,nan,4.069e-05,nan,4.069e-05,PDE_obj_MSE,0.598,0.4576036,0.0001,nan,0.0001,0.000651,0.00267
9370,nan,4.091e-05,nan,4.091e-05,PDE_obj_MSE,0.962,0.4576036,0.0001,nan,0.0001,0.000534,0.00232
9380,nan,4.015e-05,nan,4.015e-05,PDE_obj_MSE,0.19,0.4576036,0.0001,nan,0.0001,0.00126,0.00519
9390,nan,4.02e-05,nan,4.02e-05,PDE_obj_MSE,0.13,0.4576036,0.0001,nan,0.0001,0.00144,0.00629
9400,nan,4.024e-05,nan,4.024e-05,PDE_obj_MSE,0.961,0.4576036,0.0001,nan,0.0001,0.000147,0.000869
9410,nan,4.02e-05,nan,4.02e-05,PDE_obj_MSE,0.96,0.4576036,0.0001,nan,0.0001,0.000295,0.00159
9420,nan,4.007e-05,nan,4.007e-05,PDE_obj_MSE,0.13,0.4576036,0.0001,nan,0.0001,0.00123,0.00541
9430,nan,4.033e-05,nan,4.033e-05,PDE_obj_MSE,0.959,0.4576036,0.0001,nan,0.0001,0.000354,0.00175
9440,nan,3.994e-05,nan,3.994e-05,PDE_obj_MSE,0.305,0.4576036,0.0001,nan,0.0001,0.000726,0.00324
9450,nan,3.998e-05,nan,3.998e-05,PDE_obj_MSE,0.336,0.4576036,0.0001,nan,0.0001,0.000856,0.00362
9460,nan,3.987e-05,nan,3.987e-05,PDE_obj_MSE,0.957,0.4576036,0.0001,nan,0.0001,0.00048,0.00197
9470,nan,4.051e-05,nan,4.051e-05,PDE_obj_MSE,0.869,0.4576036,0.0001,nan,0.0001,0.000561,0.00238
9480,nan,3.996e-05,nan,3.996e-05,PDE_obj_MSE,0.335,0.4576036,0.0001,nan,0.0001,0.000873,0.00361
9490,nan,3.992e-05,nan,3.992e-05,PDE_obj_MSE,0.097,0.4576036,0.0001,nan,0.0001,0.00185,0.00797
9500,nan,3.986e-05,nan,3.986e-05,PDE_obj_MSE,0.405,0.4576036,0.0001,nan,0.0001,0.00064,0.00306
9510,nan,3.982e-05,nan,3.982e-05,PDE_obj_MSE,0.117,0.4576036,0.0001,nan,0.0001,0.00147,0.00601
9520,nan,4.029e-05,nan,4.029e-05,PDE_obj_MSE,0.953,0.4576036,0.0001,nan,0.0001,0.000446,0.00198
9530,nan,4.008e-05,nan,4.008e-05,PDE_obj_MSE,0.716,0.4576036,0.0001,nan,0.0001,0.000634,0.00264
9540,nan,3.979e-05,nan,3.979e-05,PDE_obj_MSE,0.489,0.4576036,0.0001,nan,0.0001,0.000723,0.00332
9550,nan,3.965e-05,nan,3.965e-05,PDE_obj_MSE,0.952,0.4576036,0.0001,nan,0.0001,0.000438,0.00147
9560,nan,3.952e-05,nan,3.952e-05,PDE_obj_MSE,0.188,0.4576036,0.0001,nan,0.0001,0.00119,0.00492
9570,nan,3.951e-05,nan,3.951e-05,PDE_obj_MSE,0.333,0.4576036,0.0001,nan,0.0001,0.000749,0.00326
9580,nan,3.949e-05,nan,3.949e-05,PDE_obj_MSE,0.128,0.4576036,0.0001,nan,0.0001,0.00158,0.00622
9590,nan,3.994e-05,nan,3.994e-05,PDE_obj_MSE,0.785,0.4576036,0.0001,nan,0.0001,0.000514,0.00232
9600,nan,3.997e-05,nan,3.997e-05,PDE_obj_MSE,0.949,0.4576036,0.0001,nan,9.9e-05,0.0004,0.00201
9610,nan,3.939e-05,nan,3.939e-05,PDE_obj_MSE,0.206,0.4576036,0.0001,nan,0.0001,0.000975,0.00419
9620,nan,3.935e-05,nan,3.935e-05,PDE_obj_MSE,0.274,0.4576036,0.0001,nan,0.0001,0.000951,0.00406
9630,nan,4.002e-05,nan,4.002e-05,PDE_obj_MSE,0.947,0.4576036,0.0001,nan,9.9e-05,0.000541,0.00221
9640,nan,3.926e-05,nan,3.926e-05,PDE_obj_MSE,0.946,0.4576036,0.0001,nan,9.9e-05,8.73e-05,0.000607
9650,nan,3.923e-05,nan,3.923e-05,PDE_obj_MSE,0.206,0.4576036,0.0001,nan,0.0001,0.000917,0.00405
9660,nan,3.916e-05,nan,3.916e-05,PDE_obj_MSE,0.945,0.4576036,0.0001,nan,9.9e-05,0.000205,0.00115
9670,nan,3.953e-05,nan,3.953e-05,PDE_obj_MSE,0.945,0.4576036,0.0001,nan,9.9e-05,0.000378,0.00154
9680,nan,3.926e-05,nan,3.926e-05,PDE_obj_MSE,0.0792,0.4576036,0.0001,nan,0.0001,0.00146,0.00636
9690,nan,3.908e-05,nan,3.908e-05,PDE_obj_MSE,0.226,0.4576036,0.0001,nan,0.0001,0.00103,0.0045
9700,nan,3.927e-05,nan,3.927e-05,PDE_obj_MSE,0.943,0.4576036,0.0001,nan,9.9e-05,0.000372,0.00156
9710,nan,3.932e-05,nan,3.932e-05,PDE_obj_MSE,0.942,0.4576036,0.0001,nan,9.9e-05,0.00038,0.0016
9720,nan,3.893e-05,nan,3.893e-05,PDE_obj_MSE,0.169,0.4576036,0.0001,nan,0.0001,0.00114,0.00478
9730,nan,3.894e-05,nan,3.894e-05,PDE_obj_MSE,0.363,0.4576036,0.0001,nan,9.9e-05,0.000777,0.00324
9740,nan,3.889e-05,nan,3.889e-05,PDE_obj_MSE,0.248,0.4576036,0.0001,nan,0.0001,0.000978,0.00431
9750,nan,3.955e-05,nan,3.955e-05,PDE_obj_MSE,0.94,0.4576036,0.0001,nan,9.9e-05,0.000454,0.00188
9760,nan,3.886e-05,nan,3.886e-05,PDE_obj_MSE,0.127,0.4576036,0.0001,nan,0.0001,0.00157,0.00627
9770,nan,3.921e-05,nan,3.921e-05,PDE_obj_MSE,0.939,0.4576036,0.0001,nan,9.9e-05,0.000498,0.00192
9780,nan,3.903e-05,nan,3.903e-05,PDE_obj_MSE,0.705,0.4576036,0.0001,nan,9.9e-05,0.000538,0.00274
9790,nan,3.881e-05,nan,3.881e-05,PDE_obj_MSE,0.115,0.4576036,0.0001,nan,9.9e-05,0.00139,0.00553
9800,nan,3.868e-05,nan,3.868e-05,PDE_obj_MSE,0.247,0.4576036,0.0001,nan,9.9e-05,0.000983,0.00467
9810,nan,3.888e-05,nan,3.888e-05,PDE_obj_MSE,0.437,0.4576036,0.0001,nan,9.9e-05,0.0007,0.00331
9820,nan,3.861e-05,nan,3.861e-05,PDE_obj_MSE,0.224,0.4576036,0.0001,nan,9.9e-05,0.000834,0.00366
9830,nan,3.857e-05,nan,3.857e-05,PDE_obj_MSE,0.936,0.4576036,0.0001,nan,9.9e-05,0.000135,0.000928
9840,nan,3.877e-05,nan,3.877e-05,PDE_obj_MSE,0.436,0.4576036,0.0001,nan,9.9e-05,0.000757,0.00319
9850,nan,3.875e-05,nan,3.875e-05,PDE_obj_MSE,0.0648,0.4576036,0.0001,nan,0.0001,0.00193,0.00805
9860,nan,3.907e-05,nan,3.907e-05,PDE_obj_MSE,0.934,0.4576036,0.0001,nan,9.9e-05,0.000495,0.00208
9870,nan,3.848e-05,nan,3.848e-05,PDE_obj_MSE,0.933,0.4576036,0.0001,nan,9.8e-05,0.000116,0.000871
9880,nan,3.848e-05,nan,3.848e-05,PDE_obj_MSE,0.933,0.4576036,0.0001,nan,9.9e-05,0.000325,0.0015
9890,nan,3.845e-05,nan,3.845e-05,PDE_obj_MSE,0.168,0.4576036,0.0001,nan,9.9e-05,0.00115,0.00506
9900,nan,3.838e-05,nan,3.838e-05,PDE_obj_MSE,0.27,0.4576036,0.0001,nan,9.9e-05,0.00093,0.004
9910,nan,3.862e-05,nan,3.862e-05,PDE_obj_MSE,0.931,0.4576036,0.0001,nan,9.8e-05,0.00023,0.00118
9920,nan,3.856e-05,nan,3.856e-05,PDE_obj_MSE,0.931,0.4576036,0.0001,nan,9.8e-05,0.000253,0.00151
9930,nan,3.833e-05,nan,3.833e-05,PDE_obj_MSE,0.167,0.4576036,0.0001,nan,9.9e-05,0.00136,0.00568
9940,nan,3.84e-05,nan,3.84e-05,PDE_obj_MSE,0.104,0.4576036,0.0001,nan,9.9e-05,0.00124,0.00557
9950,nan,3.842e-05,nan,3.842e-05,PDE_obj_MSE,0.477,0.4576036,0.0001,nan,9.8e-05,0.000824,0.00347
9960,nan,3.817e-05,nan,3.817e-05,PDE_obj_MSE,0.202,0.4576036,0.0001,nan,9.9e-05,0.000971,0.00419
9970,nan,3.838e-05,nan,3.838e-05,PDE_obj_MSE,0.0708,0.4576036,0.0001,nan,0.0001,0.00181,0.00748
9980,nan,3.851e-05,nan,3.851e-05,PDE_obj_MSE,0.927,0.4576036,0.0001,nan,9.8e-05,0.00035,0.00168
9990,nan,3.814e-05,nan,3.814e-05,PDE_obj_MSE,0.295,0.4576036,0.0001,nan,9.8e-05,0.000882,0.00382
10000,nan,3.812e-05,nan,3.812e-05,PDE_obj_MSE,0.138,0.4576036,0.0001,nan,9.9e-05,0.0014,0.00589
