iter,pde_obj_weighted,pde_mse,constraint_mse,constraint_rms,station,tau,alpha,kkt
10,0.2664,0.026640000000000004,0.2429,0.4928488612140643,5.357,0.4576036,0.00748,0.46
20,0.1912,0.01912,0.176,0.41952353926806063,6.166,0.4576036,0.0129,0.25
30,0.1574,0.01574,0.1437,0.3790778284204973,5.533,0.4576036,0.00943,0.23
40,0.126,0.0126,0.1155,0.3398529093593286,3.799,0.4576036,0.0148,0.21
50,0.09884,0.009884,0.09163,0.30270447634615516,5.559,0.4576036,0.00674,0.24
60,0.08403,0.008402999999999999,0.07802,0.279320604324135,3.017,0.4576036,0.00876,0.18
70,0.06802,0.006802,0.06289,0.25077878698167433,3.267,0.4576036,0.0114,0.16
80,0.05227,0.005227,0.04584,0.21410277905716216,2.297,0.4576036,0.0289,0.068
90,0.04202,0.004202,0.03073,0.17529974329701684,2.003,0.4576036,0.0234,0.056
100,0.02156,0.002156,0.00774,0.08797726979169108,0.8183,0.4576036,0.128,0.022
110,0.01168,0.001168,7.285e-05,0.008535221145348257,0.03858,0.4576036,0.695,0.0035
120,0.006124,0.0006124,2.149e-07,0.00046357307945997034,0.01929,0.4576036,0.385,0.0019
130,0.005345,0.0005345,3.411e-08,0.00018468892765945662,0.01521,0.4576036,0.16,0.0017
140,0.004937,0.0004937,8.568e-09,9.256349172324907e-05,0.01301,0.4576036,0.13,0.0016
150,0.004627,0.0004627,1.703e-08,0.00013049904214207858,0.0115,0.4576036,0.128,0.0015
160,0.00437,0.000437,9.077e-09,9.52732911156112e-05,0.01049,0.4576036,0.152,0.0015
170,0.004095,0.0004095,1.4e-08,0.00011832159566199231,0.009834,0.4576036,0.219,0.0014
180,0.003859,0.0003859,6.206e-09,7.877816956492452e-05,0.008802,0.4576036,0.147,0.0014
190,0.00365,0.000365,5.767e-09,7.594076639065476e-05,0.007892,0.4576036,0.12,0.0013
200,0.003409,0.0003409,8.027e-09,8.959352655186646e-05,0.007145,0.4576036,0.173,0.0013
210,0.003169,0.0003169,7.535e-09,8.680437776978762e-05,0.006484,0.4576036,0.17,0.0013
220,0.002975,0.0002975,1.353e-08,0.00011631852818876277,0.005833,0.4576036,0.203,0.0012
230,0.002797,0.0002797,1.386e-08,0.0001177285012220915,0.005107,0.4576036,0.182,0.0012
240,0.002631,0.0002631,1.469e-08,0.0001212023102090055,0.005156,0.4576036,0.163,0.0011
250,0.002468,0.00024680000000000004,4.889e-09,6.992138442565336e-05,0.004954,0.4576036,0.285,0.0011
260,0.002303,0.0002303,6.833e-09,8.266196223173026e-05,0.004249,0.4576036,0.212,0.0011
270,0.002182,0.0002182,3.525e-09,5.937171043518959e-05,0.004232,0.4576036,0.23,0.001
280,0.002044,0.00020439999999999998,1e-08,0.0001,0.00404,0.4576036,0.227,0.001
290,0.00193,0.000193,1.091e-08,0.00010445094542415593,0.003417,0.4576036,0.328,0.00098
300,0.001807,0.0001807,1.299e-08,0.00011397368117245313,0.003008,0.4576036,0.392,0.00094
310,0.001691,0.0001691,8.498e-09,9.218459741193211e-05,0.002802,0.4576036,0.32,0.0009
320,0.001595,0.0001595,7.484e-09,8.651011501552867e-05,0.003181,0.4576036,0.383,0.00087
330,0.00152,0.000152,6.955e-09,8.33966426182733e-05,0.002969,0.4576036,0.313,0.00084
340,0.001449,0.0001449,4.488e-09,6.69925368977769e-05,0.00576,0.4576036,0.144,0.00082
350,0.001379,0.0001379,4.772e-09,6.907966415668217e-05,0.003428,0.4576036,0.37,0.0008
360,0.001326,0.0001326,1.203e-08,0.00010968135666557011,0.007229,0.4576036,0.25,0.00077
370,0.001282,0.0001282,7.561e-09,8.695401083331349e-05,0.006166,0.4576036,0.186,0.00076
380,0.001246,0.0001246,1.251e-08,0.00011184811129384349,0.00714,0.4576036,0.184,0.00074
390,0.001205,0.00012049999999999999,4.447e-09,6.668583057891684e-05,0.002393,0.4576036,0.572,0.00072
400,0.001175,0.00011750000000000001,6.229e-09,7.892401408950257e-05,0.00247,0.4576036,0.515,0.00071
410,0.001123,0.0001123,2.162e-08,0.00014703741020570242,0.00192,0.4576036,0.51,0.00069
420,0.001088,0.0001088,1.087e-08,0.00010425929215182693,0.01085,0.4576036,0.11,0.00068
430,0.001058,0.0001058,8.907e-09,9.437690395430441e-05,0.009693,0.4576036,0.0614,0.00066
440,0.001039,0.0001039,6.734e-09,8.206095295571457e-05,0.005268,0.4576036,0.338,0.00065
450,0.001014,0.0001014,1.56e-08,0.00012489995996796798,0.003691,0.4576036,0.491,0.00064
460,0.0009928,9.928000000000001e-05,3.904e-09,6.248199740725324e-05,0.004885,0.4576036,0.365,0.00063
470,0.0009716,9.716e-05,4.051e-09,6.364746656387825e-05,0.005383,0.4576036,0.272,0.00063
480,0.0009456,9.456e-05,3.614e-09,6.0116553460756546e-05,0.003539,0.4576036,0.434,0.00062
490,0.0009244,9.244e-05,8.801e-09,9.381364506296512e-05,0.008944,0.4576036,0.137,0.00061
500,0.0009079,9.079e-05,2.909e-09,5.39351462406472e-05,0.002308,0.4576036,0.687,0.0006
510,0.0008825,8.825e-05,3.678e-09,6.064651680022522e-05,0.004348,0.4576036,0.423,0.00059
520,0.0008571,8.570999999999999e-05,5.073e-09,7.122499561249548e-05,0.002433,0.4576036,0.676,0.00058
530,0.0008219,8.219e-05,8.932e-09,9.450925880568528e-05,0.009561,0.4576036,0.121,0.00058
540,0.000813,8.13e-05,7.922e-09,8.900561780022652e-05,0.001766,0.4576036,0.885,0.00057
550,0.00079,7.9e-05,4.763e-09,6.901449123191448e-05,0.007781,0.4576036,0.158,0.00057
560,0.0007803,7.803000000000001e-05,3.831e-09,6.189507250177513e-05,0.002182,0.4576036,0.654,0.00056
570,0.0007586,7.586e-05,6.792e-09,8.241359111214606e-05,0.002621,0.4576036,0.785,0.00055
580,0.000738,7.38e-05,3.45e-09,5.873670062235365e-05,0.001398,0.4576036,0.943,0.00055
590,0.0007232,7.232e-05,2.338e-09,4.835286961494633e-05,0.009375,0.4576036,0.139,0.00055
600,0.0007046,7.046e-05,8.167e-09,9.037145567047152e-05,0.009054,0.4576036,0.138,0.00054
610,0.0006889,6.889e-05,4.198e-09,6.479197481170026e-05,0.005683,0.4576036,0.166,0.00053
620,0.0006735,6.735000000000001e-05,2.44e-09,4.939635614091387e-05,0.006493,0.4576036,0.181,0.00053
630,0.0006606,6.606e-05,2.678e-09,5.174939613174245e-05,0.008295,0.4576036,0.123,0.00053
640,0.0006482,6.482e-05,7.355e-09,8.576129663198896e-05,0.003083,0.4576036,0.463,0.00052
650,0.0006311,6.311e-05,5.809e-09,7.621679604916492e-05,0.006375,0.4576036,0.214,0.00051
660,0.0006236,6.235999999999999e-05,4.3e-09,6.557438524302e-05,0.003191,0.4576036,0.668,0.00051
670,0.0006082,6.0820000000000004e-05,2.879e-09,5.365631370118525e-05,0.002845,0.4576036,0.548,0.0005
680,0.0005978,5.978e-05,1.241e-09,3.5227829907617075e-05,0.006031,0.4576036,0.254,0.0005
690,0.0005943,5.943e-05,2.524e-09,5.023942674832188e-05,0.001565,0.4576036,0.72,0.0005
700,0.0005814,5.814e-05,1.394e-09,3.733630940518894e-05,0.006798,0.4576036,0.228,0.0005
710,0.0005724,5.724e-05,1.281e-09,3.579106033634656e-05,0.009769,0.4576036,0.116,0.0005
720,0.0005645,5.645e-05,2.682e-09,5.1788029504896206e-05,0.003046,0.4576036,0.482,0.00049
730,0.0005531,5.531e-05,3.906e-09,6.249799996799898e-05,0.0009015,0.4576036,1.03,0.00048
740,0.0005458,5.458e-05,4.052e-09,6.365532185135819e-05,0.009658,0.4576036,0.104,0.00048
750,0.0005379,5.379e-05,1.426e-09,3.7762415176998414e-05,0.004969,0.4576036,0.323,0.00047
760,0.0005287,5.287e-05,4.286e-09,6.546754921333163e-05,0.0009325,0.4576036,1.01,0.00047
770,0.0005187,5.1869999999999996e-05,6.873e-09,8.290355842785036e-05,0.0009299,0.4576036,1.0,0.00047
780,0.0005111,5.1110000000000004e-05,1.519e-09,3.8974350539810154e-05,0.005766,0.4576036,0.163,0.00046
790,0.0005027,5.0270000000000005e-05,2.382e-09,4.880573736764972e-05,0.006879,0.4576036,0.147,0.00046
800,0.0005016,5.016000000000001e-05,2.972e-09,5.451605268175604e-05,0.003474,0.4576036,0.555,0.00045
810,0.0004912,4.9120000000000004e-05,2.999e-09,5.476312628037227e-05,0.003825,0.4576036,0.342,0.00045
820,0.0004856,4.8559999999999996e-05,2.425e-09,4.924428900898052e-05,0.003547,0.4576036,0.498,0.00045
830,0.0004737,4.737e-05,5.941e-09,7.707788269017255e-05,0.0007561,0.4576036,0.965,0.00044
840,0.0004689,4.689e-05,9.346e-09,9.667471230885562e-05,0.001017,0.4576036,0.96,0.00044
850,0.0004616,4.616e-05,3.466e-09,5.88727441181401e-05,0.00571,0.4576036,0.172,0.00044
860,0.000456,4.5600000000000004e-05,3.154e-09,5.616048432839589e-05,0.003663,0.4576036,0.302,0.00043
870,0.000452,4.52e-05,3.386e-09,5.8189346103904625e-05,0.001547,0.4576036,0.944,0.00043
880,0.0004452,4.452e-05,1.207e-09,3.474190553208042e-05,0.006224,0.4576036,0.0953,0.00043
890,0.0004394,4.394e-05,3.293e-09,5.738466694161429e-05,0.004437,0.4576036,0.223,0.00043
900,0.0004337,4.337e-05,1.782e-09,4.221374183841087e-05,0.003858,0.4576036,0.296,0.00042
910,0.0004318,4.3179999999999997e-05,3.345e-09,5.783597496368501e-05,0.001525,0.4576036,0.839,0.00042
920,0.000426,4.26e-05,2.447e-09,4.9467160824126544e-05,0.002457,0.4576036,0.69,0.00042
930,0.00042,4.2000000000000004e-05,3.44e-09,5.865151319446072e-05,0.004111,0.4576036,0.352,0.00041
940,0.0004187,4.187e-05,5.264e-10,2.294340863951998e-05,0.003442,0.4576036,0.513,0.00041
950,0.0004154,4.154e-05,5.861e-09,7.655716818169282e-05,0.001023,0.4576036,0.904,0.00041
960,0.0004074,4.074e-05,8.638e-10,2.939047464740915e-05,0.005268,0.4576036,0.196,0.00041
970,0.0004029,4.0289999999999995e-05,1.434e-09,3.786819245752298e-05,0.005944,0.4576036,0.133,0.0004
980,0.0003974,3.974e-05,4.46e-09,6.6783231428256e-05,0.005314,0.4576036,0.16,0.0004
990,0.0003942,3.942e-05,7.062e-10,2.6574423794317724e-05,0.001961,0.4576036,0.454,0.0004
1000,0.0003922,3.922e-05,3.816e-09,6.1773780845922e-05,0.001727,0.4576036,0.969,0.00039
1010,0.000385,3.85e-05,1.028e-09,3.20624390837628e-05,0.002778,0.4576036,0.338,0.00039
1020,0.000381,3.81e-05,4.269e-09,6.533758489567854e-05,0.005682,0.4576036,0.118,0.00039
1030,0.0003795,3.795e-05,2.262e-09,4.756048780237646e-05,0.002507,0.4576036,0.49,0.00039
1040,0.0003747,3.747e-05,1.597e-09,3.996248240537617e-05,0.005124,0.4576036,0.155,0.00039
1050,0.0003712,3.7120000000000004e-05,2.872e-09,5.3591044027897046e-05,0.005757,0.4576036,0.096,0.00038
1060,0.0003704,3.704e-05,2.862e-09,5.349766350038102e-05,0.001451,0.4576036,0.855,0.00038
1070,0.0003643,3.643e-05,3.638e-09,6.0315835400000886e-05,0.00719,0.4576036,0.0714,0.00038
1080,0.0003606,3.606e-05,1.148e-09,3.388214869219483e-05,0.004452,0.4576036,0.203,0.00038
1090,0.0003581,3.581e-05,2.681e-09,5.177837386399847e-05,0.0007939,0.4576036,1.02,0.00037
1100,0.000354,3.54e-05,2.049e-09,4.52658811910251e-05,0.0007252,0.4576036,1.02,0.00037
1110,0.0003506,3.506e-05,4.717e-09,6.86804193347711e-05,0.0005983,0.4576036,1.01,0.00037
1120,0.0003517,3.517e-05,1.419e-09,3.7669616403674727e-05,0.001756,0.4576036,0.688,0.00037
1130,0.0003443,3.443e-05,1.061e-09,3.257299494980466e-05,0.006056,0.4576036,0.123,0.00037
1140,0.0003433,3.433e-05,1.282e-09,3.5805027579936314e-05,0.006467,0.4576036,0.111,0.00037
1150,0.00034,3.4e-05,3.811e-09,6.173329733620262e-05,0.005691,0.4576036,0.0917,0.00036
1160,0.0003362,3.362e-05,9.302e-10,3.049918031685442e-05,0.004242,0.4576036,0.26,0.00036
1170,0.0003347,3.347e-05,1.278e-09,3.5749125863438954e-05,0.007316,0.4576036,0.0909,0.00036
1180,0.0003305,3.3050000000000004e-05,1.291e-09,3.593048844644336e-05,0.00563,0.4576036,0.146,0.00036
1190,0.000331,3.3100000000000005e-05,2.134e-09,4.619523784980439e-05,0.001008,0.4576036,0.976,0.00035
1200,0.0003263,3.2630000000000004e-05,9.005e-10,3.000833217624732e-05,0.003428,0.4576036,0.233,0.00035
1210,0.0003243,3.243e-05,7.289e-10,2.6998148084637212e-05,0.002723,0.4576036,0.339,0.00035
1220,0.0003216,3.2160000000000004e-05,1.206e-09,3.4727510708370675e-05,0.002655,0.4576036,0.254,0.00035
1230,0.0003203,3.2029999999999997e-05,8.387e-10,2.8960317677815623e-05,0.002666,0.4576036,0.448,0.00035
1240,0.0003171,3.171e-05,1.617e-09,4.02119385257662e-05,0.005339,0.4576036,0.129,0.00035
1250,0.000314,3.14e-05,5.637e-10,2.3742367194532227e-05,0.002904,0.4576036,0.251,0.00034
1260,0.0003112,3.112e-05,2.428e-09,4.927473997901967e-05,0.003559,0.4576036,0.206,0.00034
1270,0.0003124,3.124e-05,1.737e-09,4.167733196834942e-05,0.001704,0.4576036,0.709,0.00034
1280,0.0003079,3.079e-05,9.257e-10,3.0425318404250104e-05,0.004716,0.4576036,0.105,0.00034
1290,0.0003102,3.102e-05,3.021e-09,5.496362433464518e-05,0.002126,0.4576036,0.936,0.00034
1300,0.0003026,3.0259999999999998e-05,8.364e-10,2.892058090702882e-05,0.0031,0.4576036,0.297,0.00034
1310,0.000301,3.01e-05,5.247e-10,2.290633100258529e-05,0.002354,0.4576036,0.394,0.00033
1320,0.0002986,2.986e-05,6.949e-10,2.6360955976595385e-05,0.005458,0.4576036,0.0939,0.00033
1330,0.0002985,2.985e-05,6.48e-10,2.5455844122715712e-05,0.001951,0.4576036,0.838,0.00033
1340,0.0002927,2.9270000000000003e-05,1.545e-09,3.930648801406709e-05,0.003951,0.4576036,0.2,0.00033
1350,0.0002919,2.919e-05,5.925e-10,2.4341322889276168e-05,0.003335,0.4576036,0.124,0.00033
1360,0.0002896,2.896e-05,1.302e-09,3.608323710533743e-05,0.0004359,0.4576036,1.0,0.00033
1370,0.0002903,2.903e-05,2.168e-09,4.6561786907291264e-05,0.001366,0.4576036,0.998,0.00033
1380,0.0002864,2.8640000000000004e-05,2.768e-09,5.261178575186362e-05,0.001204,0.4576036,0.747,0.00032
1390,0.0002857,2.857e-05,1.4e-09,3.7416573867739416e-05,0.001748,0.4576036,0.9,0.00032
1400,0.0002814,2.814e-05,2.122e-09,4.6065171225124086e-05,0.001017,0.4576036,0.987,0.00032
1410,0.0002802,2.802e-05,5.406e-10,2.325080643762706e-05,0.00468,0.4576036,0.121,0.00032
1420,0.0002799,2.7989999999999998e-05,6.985e-10,2.6429150572805022e-05,0.001516,0.4576036,0.979,0.00032
1430,0.0002768,2.768e-05,6.258e-10,2.5015994883274183e-05,0.005617,0.4576036,0.0991,0.00032
1440,0.0002747,2.747e-05,8.297e-10,2.8804513535208333e-05,0.004965,0.4576036,0.0816,0.00032
1450,0.0002736,2.736e-05,1.877e-09,4.332435804486894e-05,0.0006125,0.4576036,0.969,0.00032
1460,0.0002716,2.7159999999999997e-05,1.755e-09,4.1892720131306825e-05,0.005307,0.4576036,0.081,0.00032
1470,0.0002696,2.696e-05,9.631e-10,3.103385248402138e-05,0.004733,0.4576036,0.118,0.00032
1480,0.0002672,2.6719999999999998e-05,1.072e-09,3.27414110874898e-05,0.0006369,0.4576036,0.958,0.00031
1490,0.0002666,2.666e-05,3.83e-10,1.9570385790780927e-05,0.002358,0.4576036,0.445,0.00031
1500,0.0002644,2.6439999999999998e-05,1.034e-09,3.2155870381627055e-05,0.0049,0.4576036,0.129,0.00031
1510,0.0002608,2.608e-05,2.07e-09,4.54972526643093e-05,0.003654,0.4576036,0.206,0.00031
1520,0.0002616,2.616e-05,1.894e-09,4.3520110293977886e-05,0.00138,0.4576036,0.945,0.00031
1530,0.00026,2.6e-05,7.894e-10,2.809626309671804e-05,0.001671,0.4576036,0.585,0.00031
1540,0.0002561,2.561e-05,1.156e-09,3.4e-05,0.003273,0.4576036,0.299,0.0003
1550,0.0002571,2.5710000000000003e-05,1.526e-09,3.906404996924922e-05,0.0009055,0.4576036,0.935,0.0003
1560,0.0002536,2.5359999999999998e-05,5.366e-10,2.3164628207679053e-05,0.002987,0.4576036,0.203,0.0003
1570,0.0002522,2.522e-05,7.287e-10,2.6994443872767595e-05,0.003036,0.4576036,0.184,0.0003
1580,0.0002504,2.504e-05,1.038e-09,3.2218007387174025e-05,0.002422,0.4576036,0.295,0.0003
1590,0.000249,2.49e-05,8.14e-10,2.853068523537421e-05,0.003436,0.4576036,0.182,0.0003
1600,0.0002476,2.476e-05,4.471e-10,2.1144739298463813e-05,0.002205,0.4576036,0.39,0.0003
1610,0.0002462,2.462e-05,1.411e-09,3.75632799419859e-05,0.005146,0.4576036,0.102,0.0003
1620,0.0002461,2.4610000000000003e-05,1.183e-09,3.4394767043839675e-05,0.004973,0.4576036,0.0843,0.0003
1630,0.000244,2.44e-05,8.987e-10,2.9978325503603434e-05,0.002534,0.4576036,0.29,0.0003
1640,0.0002465,2.4649999999999996e-05,3.567e-09,5.972436688655645e-05,0.001386,0.4576036,0.998,0.00029
1650,0.0002421,2.421e-05,1.324e-09,3.6386810797320505e-05,0.001283,0.4576036,0.995,0.00029
1660,0.0002394,2.3939999999999998e-05,8.73e-10,2.9546573405388314e-05,0.004079,0.4576036,0.162,0.00029
1670,0.0002383,2.383e-05,4.836e-10,2.1990907211845534e-05,0.002252,0.4576036,0.461,0.00029
1680,0.0002367,2.3670000000000002e-05,1.541e-09,3.925557285278104e-05,0.003178,0.4576036,0.195,0.00029
1690,0.000235,2.35e-05,3.064e-09,5.535341001239219e-05,0.0009325,0.4576036,0.982,0.00029
1700,0.0002336,2.336e-05,3.042e-09,5.5154328932550706e-05,0.0009875,0.4576036,0.979,0.00029
1710,0.0002316,2.316e-05,2.416e-09,4.915282290977803e-05,0.003621,0.4576036,0.176,0.00029
1720,0.0002319,2.319e-05,1.077e-09,3.2817678162843875e-05,0.002538,0.4576036,0.159,0.00029
1730,0.0002309,2.309e-05,1.345e-09,3.66742416417845e-05,0.00275,0.4576036,0.34,0.00028
1740,0.0002283,2.283e-05,1.294e-09,3.5972211497209896e-05,0.000572,0.4576036,0.967,0.00028
1750,0.0002305,2.3049999999999998e-05,1.007e-09,3.173326330524486e-05,0.001441,0.4576036,0.964,0.00028
1760,0.0002264,2.264e-05,6.108e-10,2.4714368290530916e-05,0.002576,0.4576036,0.37,0.00028
1770,0.0002258,2.258e-05,1.117e-09,3.342154993413681e-05,0.001697,0.4576036,0.492,0.00028
1780,0.0002239,2.239e-05,2.237e-09,4.729693436154187e-05,0.004029,0.4576036,0.129,0.00028
1790,0.0002243,2.243e-05,3.031e-09,5.505451843400322e-05,0.0008836,0.4576036,0.952,0.00028
1800,0.0002224,2.224e-05,7.684e-10,2.7720028860013834e-05,0.00498,0.4576036,0.0409,0.00028
1810,0.0002201,2.201e-05,2.489e-10,1.5776564898608315e-05,0.00155,0.4576036,0.441,0.00028
1820,0.0002198,2.198e-05,8.918e-10,2.9863020610782156e-05,0.001054,0.4576036,0.78,0.00028
1830,0.0002174,2.174e-05,5.128e-10,2.2645087767549058e-05,0.002461,0.4576036,0.33,0.00028
1840,0.0002172,2.172e-05,7.592e-10,2.7553584158871237e-05,0.003126,0.4576036,0.169,0.00028
1850,0.0002155,2.1550000000000002e-05,6.342e-10,2.5183327818221325e-05,0.003039,0.4576036,0.204,0.00028
1860,0.0002138,2.138e-05,9.34e-10,3.0561413579872255e-05,0.003605,0.4576036,0.152,0.00028
1870,0.0002149,2.149e-05,2.147e-09,4.633573135281238e-05,0.001547,0.4576036,0.845,0.00027
1880,0.0002124,2.124e-05,9.477e-10,3.0784736477676725e-05,0.00275,0.4576036,0.222,0.00027
1890,0.0002102,2.102e-05,3.179e-10,1.7829750418892578e-05,0.002286,0.4576036,0.221,0.00027
1900,0.0002103,2.103e-05,4.056e-10,2.0139513400278567e-05,0.002182,0.4576036,0.43,0.00027
1910,0.0002068,2.0680000000000002e-05,2.739e-09,5.23354564325181e-05,0.0006081,0.4576036,1.01,0.00027
1920,0.0002071,2.071e-05,3.458e-10,1.859569842732453e-05,0.002198,0.4576036,0.353,0.00027
1930,0.0002069,2.069e-05,7.427e-10,2.725252281899788e-05,0.004313,0.4576036,0.0844,0.00027
1940,0.0002057,2.057e-05,1.135e-09,3.368976105584603e-05,0.001042,0.4576036,1.0,0.00027
1950,0.0002034,2.0340000000000002e-05,1.067e-09,3.266496594212215e-05,0.002448,0.4576036,0.319,0.00027
1960,0.0002024,2.024e-05,1.26e-09,3.5496478698597695e-05,0.0008094,0.4576036,0.997,0.00026
1970,0.000202,2.02e-05,4.568e-10,2.1372880011828075e-05,0.001512,0.4576036,0.51,0.00026
1980,0.0002,2e-05,2.245e-09,4.738143096192854e-05,0.0003101,0.4576036,0.992,0.00026
1990,0.0002001,2.001e-05,5.667e-10,2.3805461558222306e-05,0.001363,0.4576036,0.558,0.00026
2000,0.0001982,1.982e-05,1.081e-09,3.287856444554719e-05,0.005009,0.4576036,0.0827,0.00026
2010,0.0001961,1.961e-05,1.18e-09,3.435112807463534e-05,0.0004826,0.4576036,0.983,0.00026
2020,0.0001959,1.959e-05,2.543e-10,1.594678651014053e-05,0.001868,0.4576036,0.344,0.00026
2030,0.000195,1.95e-05,2.36e-09,4.857983120596448e-05,0.0003912,0.4576036,0.978,0.00026
2040,0.0001943,1.9430000000000002e-05,7.022e-10,2.6499056586980603e-05,0.0018,0.4576036,0.501,0.00026
2050,0.0001929,1.929e-05,6.871e-10,2.6212592393733208e-05,0.002832,0.4576036,0.175,0.00026
2060,0.0001922,1.9220000000000002e-05,4.072e-10,2.01791972090071e-05,0.002304,0.4576036,0.232,0.00026
2070,0.0001914,1.914e-05,1.309e-09,3.618010503025109e-05,0.0006921,0.4576036,0.968,0.00026
2080,0.0001904,1.904e-05,8.082e-10,2.842885857715712e-05,0.0024,0.4576036,0.338,0.00026
2090,0.0001895,1.895e-05,9.261e-10,3.0431891166997822e-05,0.002955,0.4576036,0.157,0.00026
2100,0.0001873,1.873e-05,6.652e-10,2.5791471458604298e-05,0.0002525,0.4576036,0.96,0.00025
2110,0.0001874,1.874e-05,5.031e-10,2.2429890771022494e-05,0.002173,0.4576036,0.369,0.00025
2120,0.0001853,1.853e-05,1.203e-09,3.4684290392049256e-05,0.003615,0.4576036,0.156,0.00025
2130,0.0001854,1.8540000000000002e-05,1.945e-09,4.410215414239989e-05,0.0006778,0.4576036,0.953,0.00025
2140,0.0001838,1.838e-05,6.779e-10,2.6036512823340995e-05,0.002872,0.4576036,0.171,0.00025
2150,0.0001837,1.837e-05,4.436e-10,2.106181378704123e-05,0.001251,0.4576036,0.589,0.00025
2160,0.0001821,1.821e-05,2.062e-09,4.5409250158970915e-05,0.0006168,0.4576036,0.945,0.00025
2170,0.000182,1.8200000000000002e-05,1.193e-09,3.4539832078341086e-05,0.001151,0.4576036,0.943,0.00025
2180,0.0001812,1.8120000000000003e-05,7.238e-10,2.6903531366718384e-05,0.0009491,0.4576036,0.777,0.00025
2190,0.0001795,1.795e-05,4.812e-10,2.193627133311402e-05,0.00348,0.4576036,0.105,0.00025
2200,0.000179,1.7899999999999998e-05,4.432e-10,2.1052315787105227e-05,0.001695,0.4576036,0.361,0.00025
2210,0.0001784,1.784e-05,1.239e-09,3.519943181359608e-05,0.00452,0.4576036,0.0948,0.00025
2220,0.0001799,1.7990000000000002e-05,1.692e-09,4.1133927602406264e-05,0.001254,0.4576036,0.931,0.00024
2230,0.000176,1.76e-05,5.556e-10,2.357116882973774e-05,0.003206,0.4576036,0.104,0.00025
2240,0.0001755,1.755e-05,3.866e-10,1.966214637317096e-05,0.001723,0.4576036,0.393,0.00024
2250,0.0001753,1.753e-05,1.113e-09,3.3361654635224556e-05,0.0006957,0.4576036,0.924,0.00024
2260,0.0001733,1.7330000000000002e-05,6.897e-10,2.626214004988931e-05,0.002018,0.4576036,0.243,0.00024
2270,0.0001727,1.727e-05,4.899e-10,2.2133684736166276e-05,0.00179,0.4576036,0.429,0.00024
2280,0.0001713,1.713e-05,7.85e-10,2.80178514522438e-05,0.0002838,0.4576036,1.01,0.00024
2290,0.0001717,1.717e-05,3.851e-10,1.962396494085739e-05,0.001209,0.4576036,0.757,0.00024
2300,0.0001703,1.7029999999999998e-05,7.589e-10,2.7548139683107462e-05,0.003085,0.4576036,0.241,0.00024
2310,0.0001684,1.684e-05,1.91e-09,4.370354676682431e-05,0.0003883,0.4576036,1.0,0.00024
2320,0.0001677,1.677e-05,6.448e-10,2.5392912396966204e-05,0.002605,0.4576036,0.198,0.00024
2330,0.0001673,1.673e-05,5.091e-10,2.256324444755231e-05,0.002282,0.4576036,0.35,0.00024
2340,0.0001682,1.6819999999999998e-05,1.288e-09,3.5888716889852724e-05,0.001181,0.4576036,0.995,0.00024
2350,0.0001664,1.664e-05,1.484e-09,3.852272056851644e-05,0.0008234,0.4576036,0.993,0.00024
2360,0.0001654,1.654e-05,1.027e-09,3.204684071792413e-05,0.00209,0.4576036,0.316,0.00024
2370,0.000164,1.64e-05,7.119e-10,2.6681454233230992e-05,0.0002953,0.4576036,0.988,0.00024
2380,0.0001656,1.6559999999999997e-05,1.796e-09,4.237924020083418e-05,0.001202,0.4576036,0.986,0.00023
2390,0.0001623,1.623e-05,8.674e-10,2.945165530152762e-05,0.0002881,0.4576036,0.984,0.00023
2400,0.0001631,1.631e-05,2.112e-09,4.595650117230423e-05,0.0009201,0.4576036,0.981,0.00023
2410,0.000161,1.6100000000000002e-05,9.102e-10,3.0169521043596302e-05,0.0002856,0.4576036,0.979,0.00023
2420,0.0001591,1.591e-05,1.112e-09,3.3346664001066135e-05,0.0002599,0.4576036,0.977,0.00023
2430,0.0001584,1.584e-05,1.809e-09,4.253234063627348e-05,0.0008895,0.4576036,0.975,0.00023
2440,0.0001586,1.586e-05,1.665e-09,4.080441152620633e-05,0.000461,0.4576036,0.972,0.00023
2450,0.0001571,1.571e-05,4.267e-10,2.0656718035544756e-05,0.001714,0.4576036,0.374,0.00023
2460,0.0001571,1.571e-05,3.922e-10,1.9804039991880445e-05,0.001712,0.4576036,0.452,0.00023
2470,0.0001561,1.561e-05,9.212e-10,3.035127674415032e-05,0.00391,0.4576036,0.0891,0.00023
2480,0.0001551,1.551e-05,8.776e-10,2.9624314338056838e-05,0.002134,0.4576036,0.338,0.00023
2490,0.0001546,1.5459999999999998e-05,5.455e-10,2.3355941428253326e-05,0.002472,0.4576036,0.173,0.00023
2500,0.0001538,1.538e-05,1.621e-09,4.0261644278394794e-05,0.000219,0.4576036,0.959,0.00023
2510,0.0001524,1.524e-05,1.51e-09,3.8858718455450893e-05,0.000375,0.4576036,0.957,0.00023
2520,0.0001523,1.5229999999999998e-05,5.207e-10,2.281885185542866e-05,0.003795,0.4576036,0.0728,0.00023
2530,0.0001517,1.517e-05,4.618e-10,2.14895323355349e-05,0.001499,0.4576036,0.489,0.00022
2540,0.0001505,1.505e-05,4.746e-10,2.1785316155612705e-05,0.003,0.4576036,0.106,0.00023
2550,0.0001504,1.504e-05,5.317e-10,2.3058620947489467e-05,0.002627,0.4576036,0.227,0.00023
2560,0.0001498,1.498e-05,1.073e-09,3.27566787083184e-05,0.003734,0.4576036,0.0961,0.00022
2570,0.0001513,1.5129999999999999e-05,1.611e-09,4.013726448077896e-05,0.0009486,0.4576036,0.945,0.00022
2580,0.0001501,1.5009999999999999e-05,1.995e-09,4.4665422868254586e-05,0.0008955,0.4576036,0.943,0.00022
2590,0.0001479,1.4789999999999999e-05,4.63e-10,2.1517434791350012e-05,0.001501,0.4576036,0.642,0.00022
2600,0.000146,1.4599999999999999e-05,2.035e-09,4.5110974274559846e-05,0.000354,0.4576036,1.03,0.00022
2610,0.0001451,1.451e-05,1.118e-09,3.3436506994600975e-05,0.003143,0.4576036,0.127,0.00022
2620,0.0001459,1.459e-05,7.736e-10,2.781366570590795e-05,0.00268,0.4576036,0.153,0.00022
2630,0.0001451,1.451e-05,1.599e-09,3.998749804626441e-05,0.0004914,0.4576036,1.03,0.00022
2640,0.0001447,1.4469999999999999e-05,9.198e-10,3.0328204694640268e-05,0.0009764,0.4576036,0.769,0.00022
2650,0.0001431,1.431e-05,5.594e-10,2.3651638421048128e-05,0.001464,0.4576036,0.358,0.00022
2660,0.0001439,1.439e-05,6.556e-10,2.5604687070925118e-05,0.001799,0.4576036,0.523,0.00022
2670,0.0001432,1.4320000000000002e-05,9.527e-10,3.086583872179727e-05,0.0005948,0.4576036,0.925,0.00022
2680,0.0001418,1.418e-05,4.726e-10,2.173936521612349e-05,0.001617,0.4576036,0.431,0.00022
2690,0.0001424,1.424e-05,1.335e-09,3.653765181289022e-05,0.0008405,0.4576036,0.921,0.00022
2700,0.0001399,1.3990000000000002e-05,1.214e-09,3.484250278036869e-05,0.002722,0.4576036,0.22,0.00022
2710,0.00014,1.3999999999999998e-05,3.719e-10,1.9284708968506627e-05,0.0009825,0.4576036,0.626,0.00021
2720,0.0001391,1.3909999999999999e-05,1.029e-09,3.207802986469088e-05,0.00048,0.4576036,1.01,0.00022
2730,0.0001385,1.3850000000000001e-05,2.436e-09,4.935585071701226e-05,0.0008966,0.4576036,1.0,0.00021
2740,0.0001381,1.381e-05,5.664e-10,2.3799159649029626e-05,0.00291,0.4576036,0.102,0.00021
2750,0.000137,1.37e-05,4.594e-10,2.143361845326169e-05,0.003077,0.4576036,0.149,0.00021
2760,0.0001363,1.363e-05,2.729e-10,1.651968522702536e-05,0.002199,0.4576036,0.198,0.00021
2770,0.0001356,1.3559999999999999e-05,6.219e-10,2.4937922928744485e-05,0.002503,0.4576036,0.197,0.00021
2780,0.0001347,1.347e-05,1.004e-09,3.168595903550972e-05,0.0003368,0.4576036,0.995,0.00021
2790,0.0001353,1.3530000000000001e-05,6.83e-10,2.613426869074396e-05,0.001065,0.4576036,0.678,0.00021
2800,0.0001342,1.342e-05,2.691e-10,1.6404267737390778e-05,0.001488,0.4576036,0.42,0.00021
2810,0.0001335,1.335e-05,1.201e-09,3.465544690232691e-05,0.003666,0.4576036,0.134,0.00021
2820,0.0001337,1.3369999999999999e-05,9.996e-10,3.16164514137814e-05,0.0006334,0.4576036,0.987,0.00021
2830,0.0001322,1.3219999999999999e-05,1.38e-09,3.714835124201342e-05,0.000448,0.4576036,0.985,0.00021
2840,0.0001321,1.321e-05,1.082e-09,3.289376840679705e-05,0.0005815,0.4576036,0.983,0.00021
2850,0.0001315,1.315e-05,4.919e-10,2.2178818724179158e-05,0.001728,0.4576036,0.416,0.00021
2860,0.0001306,1.306e-05,2.12e-10,1.4560219778561037e-05,0.001641,0.4576036,0.312,0.00021
2870,0.0001312,1.312e-05,3.922e-10,1.9804039991880445e-05,0.001407,0.4576036,0.667,0.00021
2880,0.0001287,1.287e-05,2.203e-09,4.693612681080534e-05,0.0003861,0.4576036,0.975,0.00021
2890,0.0001298,1.2980000000000001e-05,8.51e-10,2.9171904291629644e-05,0.00408,0.4576036,0.0817,0.00021
2900,0.0001285,1.285e-05,9.648e-10,3.106122985330748e-05,0.0008452,0.4576036,0.971,0.00021
2910,0.0001295,1.295e-05,8.538e-10,2.9219856262480143e-05,0.0008787,0.4576036,0.969,0.0002
2920,0.0001276,1.2760000000000001e-05,7.863e-10,2.804104135013534e-05,0.0002379,0.4576036,0.968,0.0002
2930,0.0001276,1.2760000000000001e-05,5.691e-10,2.385581690070579e-05,0.0009211,0.4576036,0.878,0.0002
2940,0.0001265,1.2650000000000001e-05,4.772e-10,2.1844907873461037e-05,0.0002124,0.4576036,0.964,0.0002
2950,0.0001267,1.2669999999999999e-05,4.98e-10,2.23159136044214e-05,0.001407,0.4576036,0.543,0.0002
2960,0.0001273,1.273e-05,7.409e-10,2.721947831976212e-05,0.00121,0.4576036,0.721,0.0002
2970,0.0001241,1.2410000000000001e-05,1.315e-09,3.626292872893749e-05,0.0003395,0.4576036,0.958,0.0002
2980,0.0001247,1.247e-05,3.725e-10,1.9300259065618782e-05,0.0005537,0.4576036,0.957,0.0002
2990,0.0001237,1.237e-05,3.809e-10,1.951665955024066e-05,0.001994,0.4576036,0.208,0.0002
3000,0.0001231,1.231e-05,7.136e-10,2.67132925713024e-05,0.0003719,0.4576036,0.953,0.0002
3010,0.0001229,1.2290000000000001e-05,3.199e-10,1.7885748516626305e-05,0.002996,0.4576036,0.117,0.0002
3020,0.0001223,1.223e-05,6.906e-10,2.6279269396237025e-05,0.0003134,0.4576036,0.949,0.0002
3030,0.0001231,1.231e-05,9.834e-10,3.135920917370207e-05,0.0008634,0.4576036,0.948,0.0002
3040,0.0001208,1.208e-05,1.102e-09,3.319638534539566e-05,0.0002508,0.4576036,0.946,0.0002
3050,0.000121,1.21e-05,1.109e-09,3.330165161069343e-05,0.002281,0.4576036,0.17,0.0002
3060,0.000121,1.21e-05,5.4e-10,2.3237900077244502e-05,0.001295,0.4576036,0.644,0.0002
3070,0.0001204,1.204e-05,5.542e-10,2.354145280138845e-05,0.001146,0.4576036,0.531,0.0002
3080,0.0001202,1.202e-05,6.806e-10,2.6088311559010482e-05,0.00131,0.4576036,0.53,0.0002
3090,0.0001196,1.1959999999999999e-05,1.018e-09,3.190611226708764e-05,0.0008006,0.4576036,0.937,0.0002
3100,0.0001189,1.189e-05,4.21e-10,2.0518284528683193e-05,0.001146,0.4576036,0.639,0.0002
3110,0.0001184,1.184e-05,2.53e-10,1.5905973720586865e-05,0.00145,0.4576036,0.396,0.0002
3120,0.0001177,1.177e-05,1.8e-10,1.3416407864998738e-05,0.001834,0.4576036,0.203,0.0002
3130,0.0001174,1.174e-05,3.332e-10,1.8253766734567417e-05,0.002668,0.4576036,0.126,0.0002
3140,0.0001167,1.167e-05,9.125e-10,3.020761493398643e-05,0.003147,0.4576036,0.152,0.0002
3150,0.0001173,1.1730000000000001e-05,1.084e-09,3.292415526630866e-05,0.0007483,0.4576036,0.927,0.00019
3160,0.0001159,1.1589999999999999e-05,2.78e-10,1.6673332000533068e-05,0.00172,0.4576036,0.201,0.00019
3170,0.0001161,1.161e-05,5.61e-10,2.3685438564654022e-05,0.003789,0.4576036,0.0705,0.00019
3180,0.0001151,1.151e-05,6.686e-10,2.5857300709857554e-05,0.001556,0.4576036,0.573,0.00019
3190,0.000115,1.15e-05,5.13e-10,2.264950330581225e-05,0.001246,0.4576036,0.629,0.00019
3200,0.0001139,1.1390000000000001e-05,5.317e-10,2.3058620947489467e-05,0.002816,0.4576036,0.165,0.00019
3210,0.0001139,1.1390000000000001e-05,3.844e-10,1.9606121493043953e-05,0.001618,0.4576036,0.428,0.00019
3220,0.0001128,1.128e-05,5.526e-10,2.350744562899168e-05,0.001267,0.4576036,0.427,0.00019
3230,0.0001133,1.133e-05,6.622e-10,2.57332469774026e-05,0.0004594,0.4576036,1.01,0.00019
3240,0.0001122,1.1220000000000001e-05,1.305e-09,3.6124783736376885e-05,0.0003941,0.4576036,1.0,0.00019
3250,0.0001123,1.1230000000000001e-05,5.674e-10,2.3820159529272678e-05,0.001204,0.4576036,0.622,0.00019
3260,0.0001116,1.116e-05,3.842e-10,1.9601020381602585e-05,0.003635,0.4576036,0.0694,0.00019
3270,0.0001123,1.1230000000000001e-05,5.337e-10,2.310194796981415e-05,0.001228,0.4576036,0.825,0.00019
3280,0.000111,1.11e-05,1.799e-09,4.241462012089699e-05,0.0005725,0.4576036,0.997,0.00019
3290,0.0001102,1.102e-05,4.982e-10,2.2320394261750844e-05,0.001707,0.4576036,0.317,0.00019
3300,0.0001104,1.104e-05,8.559e-10,2.9255768661923754e-05,0.001087,0.4576036,0.617,0.00019
3310,0.0001094,1.094e-05,1.423e-09,3.772267222772003e-05,0.002696,0.4576036,0.111,0.00019
3320,0.000109,1.09e-05,6.525e-10,2.5544079548889602e-05,0.003187,0.4576036,0.134,0.00019
3330,0.0001101,1.1010000000000001e-05,7.563e-10,2.750090907588329e-05,0.0006981,0.4576036,0.898,0.00019
3340,0.0001081,1.081e-05,1.11e-09,3.3316662497915364e-05,0.0002633,0.4576036,0.987,0.00019
3350,0.0001077,1.077e-05,2.424e-10,1.556920036482285e-05,0.002537,0.4576036,0.11,0.00019
3360,0.0001076,1.076e-05,2.287e-10,1.512283042290695e-05,0.00261,0.4576036,0.11,0.00019
3370,0.0001067,1.0670000000000001e-05,8.604e-10,2.933257574779276e-05,0.0024,0.4576036,0.194,0.00019
3380,0.0001068,1.068e-05,6.412e-10,2.5321927256826247e-05,0.002745,0.4576036,0.109,0.00019
3390,0.0001062,1.062e-05,5.189e-10,2.2779376637651876e-05,0.001919,0.4576036,0.312,0.00018
3400,0.0001056,1.056e-05,3.345e-10,1.828934115817188e-05,0.001877,0.4576036,0.234,0.00018
3410,0.0001054,1.054e-05,2.572e-10,1.6037456157383563e-05,0.001632,0.4576036,0.311,0.00018
3420,0.0001051,1.051e-05,9.46e-10,3.0757112998459396e-05,0.0003866,0.4576036,0.973,0.00018
3430,0.000106,1.06e-05,8.818e-10,2.96951174437819e-05,0.0009314,0.4576036,0.972,0.00018
3440,0.0001044,1.044e-05,4.532e-10,2.1288494545176275e-05,0.003042,0.4576036,0.0896,0.00018
3450,0.0001041,1.041e-05,3.637e-10,1.9070920271449935e-05,0.001788,0.4576036,0.309,0.00018
3460,0.0001058,1.058e-05,1.153e-09,3.395585369269929e-05,0.001162,0.4576036,0.879,0.00018
3470,0.0001034,1.0340000000000001e-05,2.376e-10,1.5414279094398154e-05,0.001594,0.4576036,0.28,0.00018
3480,0.0001032,1.032e-05,2.754e-10,1.6595180023127196e-05,0.0003489,0.4576036,0.964,0.00018
3490,0.0001043,1.043e-05,9.947e-10,3.153886491299267e-05,0.0009321,0.4576036,0.875,0.00018
3500,0.0001025,1.025e-05,7.309e-10,2.7035162289137455e-05,0.002644,0.4576036,0.143,0.00018
3510,0.0001019,1.0189999999999999e-05,7.221e-10,2.6871918427979794e-05,0.0004128,0.4576036,0.959,0.00018
3520,0.0001028,1.028e-05,5.866e-10,2.421982658897458e-05,0.001318,0.4576036,0.654,0.00018
3530,0.000102,1.02e-05,1.776e-09,4.2142615011410957e-05,0.0007396,0.4576036,0.956,0.00018
3540,0.000101,1.01e-05,2.875e-10,1.695582495781317e-05,0.002051,0.4576036,0.142,0.00018
3550,0.0001009,1.009e-05,1.13e-09,3.361547262794322e-05,0.00242,0.4576036,0.189,0.00018
3560,0.0001005,1.005e-05,6.214e-10,2.4927896020322294e-05,0.001712,0.4576036,0.404,0.00018
3570,0.0001007,1.007e-05,7.366e-10,2.714037582643247e-05,0.0009389,0.4576036,0.864,0.00018
3580,9.978e-05,9.978e-06,4.835e-10,2.198863342729602e-05,0.0005673,0.4576036,0.949,0.00018
3590,9.922e-05,9.922000000000001e-06,1.01e-09,3.178049716414141e-05,0.001079,0.4576036,0.647,0.00018
3600,9.945e-05,9.945e-06,6.237e-10,2.4973986465920895e-05,0.001557,0.4576036,0.485,0.00018
3610,9.845e-05,9.845e-06,5.855e-10,2.4197107265125722e-05,0.0002692,0.4576036,0.944,0.00018
3620,9.827e-05,9.827000000000001e-06,3.629e-10,1.9049934383089094e-05,0.001429,0.4576036,0.4,0.00018
3630,9.759e-05,9.759000000000001e-06,6.048e-10,2.4592681838303037e-05,0.000257,0.4576036,0.941,0.00018
3640,9.761e-05,9.761e-06,7.199e-10,2.6830952275310692e-05,0.001205,0.4576036,0.53,0.00017
3650,9.682e-05,9.682e-06,6.463e-10,2.5422431040323428e-05,0.002295,0.4576036,0.204,0.00018
3660,9.655e-05,9.655e-06,3.771e-10,1.941906279921871e-05,0.001782,0.4576036,0.224,0.00017
3670,9.701e-05,9.700999999999999e-06,9.959e-10,3.155788332572386e-05,0.0006942,0.4576036,0.935,0.00017
3680,9.665e-05,9.665e-06,5.611e-10,2.368754947224385e-05,0.0009249,0.4576036,0.849,0.00017
3690,9.519e-05,9.519e-06,5.983e-10,2.4460171708309815e-05,0.002036,0.4576036,0.203,0.00017
3700,9.621e-05,9.621e-06,3.994e-10,1.998499437077729e-05,0.0007748,0.4576036,0.931,0.00017
3710,9.542e-05,9.542000000000001e-06,8.845e-10,2.9740544715926102e-05,0.0003783,0.4576036,1.02,0.00017
3720,9.499e-05,9.499e-06,9.889e-10,3.1446780439339094e-05,0.0006034,0.4576036,0.928,0.00017
3730,9.457e-05,9.457e-06,8.681e-10,2.946353678701863e-05,0.0004237,0.4576036,1.02,0.00017
3740,9.488e-05,9.488e-06,4.216e-10,2.0532900428336956e-05,0.001077,0.4576036,0.522,0.00017
3750,9.413e-05,9.413e-06,3.762e-10,1.9395875850293536e-05,0.0005285,0.4576036,0.924,0.00017
3760,9.547e-05,9.547e-06,9.673e-10,3.1101446911679206e-05,0.001205,0.4576036,0.839,0.00017
3770,9.348e-05,9.348000000000001e-06,5.43e-10,2.3302360395462088e-05,0.002048,0.4576036,0.2,0.00017
3780,9.353e-05,9.353e-06,3.669e-10,1.9154633904097464e-05,0.001082,0.4576036,0.691,0.00017
3790,9.334e-05,9.333999999999999e-06,5.003e-10,2.2367386973001563e-05,0.0007571,0.4576036,0.918,0.00017
3800,9.235e-05,9.234999999999999e-06,5.824e-10,2.413296500639737e-05,0.00176,0.4576036,0.219,0.00017
3810,9.213e-05,9.213e-06,2.426e-10,1.5575621977950032e-05,0.00249,0.4576036,0.136,0.00017
3820,9.168e-05,9.168000000000001e-06,7.131e-10,2.670393229470147e-05,0.002743,0.4576036,0.0697,0.00017
3830,9.278e-05,9.278e-06,7.267e-10,2.6957373759326036e-05,0.0007145,0.4576036,1.0,0.00017
3840,9.213e-05,9.213e-06,1.762e-09,4.197618372363071e-05,0.0006752,0.4576036,1.0,0.00017
3850,9.324e-05,9.324e-06,1.51e-09,3.8858718455450893e-05,0.0008584,0.4576036,1.0,0.00017
3860,9.083e-05,9.083e-06,4.026e-10,2.0064894716892984e-05,0.0003052,0.4576036,1.0,0.00017
3870,9.1e-05,9.100000000000001e-06,1.061e-09,3.257299494980466e-05,0.0005028,0.4576036,0.998,0.00017
3880,9.016e-05,9.016e-06,6.779e-10,2.6036512823340995e-05,0.0001927,0.4576036,0.997,0.00017
3890,8.992e-05,8.992000000000001e-06,3.772e-10,1.9421637418096342e-05,0.001888,0.4576036,0.262,0.00017
3900,9.04e-05,9.04e-06,2.607e-10,1.6146206984923736e-05,0.001029,0.4576036,0.679,0.00017
3910,9.011e-05,9.011e-06,5.063e-10,2.2501111083677623e-05,0.001053,0.4576036,0.616,0.00017
3920,8.95e-05,8.949999999999999e-06,9.53e-10,3.087069808086626e-05,0.00362,0.4576036,0.0687,0.00017
3930,8.959e-05,8.959e-06,4.29e-10,2.071231517720798e-05,0.0009768,0.4576036,0.676,0.00017
3940,8.864e-05,8.864e-06,1.024e-09,3.2e-05,0.0004859,0.4576036,0.988,0.00017
3950,8.828e-05,8.828000000000001e-06,3.825e-10,1.9557607215607947e-05,0.00213,0.4576036,0.147,0.00017
3960,8.857e-05,8.857e-06,4.56e-10,2.135415650406262e-05,0.003526,0.4576036,0.0683,0.00017
3970,8.873e-05,8.873e-06,5.101e-10,2.2585393509965683e-05,0.001093,0.4576036,0.739,0.00016
3980,8.739e-05,8.739e-06,1.833e-10,1.3538833036861043e-05,0.002039,0.4576036,0.194,0.00016
3990,8.713e-05,8.713e-06,4.511e-10,2.1239114859146084e-05,0.002386,0.4576036,0.146,0.00017
4000,8.723e-05,8.723000000000001e-06,9.744e-10,3.1215380824202676e-05,0.0001752,0.4576036,0.979,0.00016
4010,8.672e-05,8.672e-06,1.494e-10,1.2222929272478018e-05,0.002398,0.4576036,0.132,0.00016
4020,8.612e-05,8.612e-06,1.055e-09,3.248076353782343e-05,0.00217,0.4576036,0.257,0.00016
4030,8.635e-05,8.635e-06,1.472e-10,1.2132600710482481e-05,0.0009854,0.4576036,0.414,0.00016
4040,8.647e-05,8.647e-06,4.169e-10,2.0418129199316962e-05,0.003729,0.4576036,0.0675,0.00017
4050,8.562e-05,8.562e-06,5.335e-10,2.3097618924902194e-05,0.002379,0.4576036,0.159,0.00016
4060,8.548e-05,8.548e-06,4.171e-10,2.042302622042091e-05,0.001858,0.4576036,0.232,0.00016
4070,8.553e-05,8.553000000000001e-06,2.187e-09,4.676537180435969e-05,0.0005892,0.4576036,0.97,0.00016
4080,8.509e-05,8.509e-06,4.561e-10,2.1356497840235884e-05,0.001367,0.4576036,0.309,0.00016
4090,8.48e-05,8.48e-06,5.655e-10,2.378024390118823e-05,0.0001778,0.4576036,0.967,0.00016
4100,8.471e-05,8.470999999999999e-06,6.99e-10,2.643860813280457e-05,0.001792,0.4576036,0.372,0.00016
4110,8.466e-05,8.466e-06,4.215e-10,2.053046516764781e-05,0.0009241,0.4576036,0.45,0.00016
4120,8.415e-05,8.415e-06,2.587e-10,1.6084153692376853e-05,0.001859,0.4576036,0.279,0.00016
4130,8.419e-05,8.419e-06,7.638e-10,2.7636931812341254e-05,0.003274,0.4576036,0.0734,0.00016
4140,8.368e-05,8.368e-06,1.602e-10,1.2657013865837392e-05,0.001523,0.4576036,0.306,0.00016
4150,8.344e-05,8.344e-06,5.725e-10,2.39269722280108e-05,0.0004769,0.4576036,0.959,0.00016
4160,8.414e-05,8.414000000000001e-06,6.558e-10,2.560859230805161e-05,0.0009038,0.4576036,0.72,0.00016
4170,8.408e-05,8.408e-06,6.913e-10,2.6292584505902038e-05,0.0006767,0.4576036,0.956,0.00016
4180,8.298e-05,8.298e-06,7.648e-10,2.7655017627909768e-05,0.0002501,0.4576036,0.955,0.00016
4190,8.247e-05,8.247e-06,4.106e-10,2.0263267258761605e-05,0.003004,0.4576036,0.0968,0.00016
4200,8.308e-05,8.307999999999999e-06,8.694e-10,2.9485589700733475e-05,0.0007478,0.4576036,0.953,0.00016
4210,8.222e-05,8.222e-06,6.332e-10,2.5163465580082567e-05,0.001486,0.4576036,0.25,0.00016
4220,8.207e-05,8.207000000000001e-06,1.1e-09,3.3166247903553995e-05,0.001207,0.4576036,0.366,0.00016
4230,8.187e-05,8.187e-06,7.786e-10,2.7903404810166088e-05,0.00172,0.4576036,0.302,0.00016
4240,8.251e-05,8.251e-06,3.436e-10,1.8536450577173615e-05,0.0008222,0.4576036,0.783,0.00016
4250,8.116e-05,8.116e-06,4.182e-10,2.044993887521427e-05,0.0001774,0.4576036,0.946,0.00016
4260,8.166e-05,8.166e-06,1.122e-09,3.349626844888845e-05,0.0007389,0.4576036,0.945,0.00016
4270,8.093e-05,8.093e-06,1.517e-10,1.231665539016173e-05,0.001666,0.4576036,0.226,0.00016
4280,8.085e-05,8.085e-06,1.668e-10,1.2915107432770353e-05,0.001428,0.4576036,0.3,0.00016
4290,8.033e-05,8.032999999999999e-06,6.719e-10,2.5921033929995926e-05,0.0004048,0.4576036,0.941,0.00016
4300,8e-05,8.000000000000001e-06,1.094e-09,3.3075670817082456e-05,0.0007677,0.4576036,0.94,0.00016
4310,8.014e-05,8.014e-06,4.502e-10,2.12179169571379e-05,0.002547,0.4576036,0.105,0.00016
4320,7.969e-05,7.969000000000001e-06,6.573e-10,2.56378626254218e-05,0.001772,0.4576036,0.271,0.00016
4330,8.011e-05,8.011e-06,6.774e-10,2.602690915187587e-05,0.0006459,0.4576036,0.936,0.00015
4340,7.951e-05,7.951e-06,2.649e-10,1.6275748830699003e-05,0.0003667,0.4576036,0.935,0.00015
4350,7.912e-05,7.912e-06,7.891e-10,2.8090923801114124e-05,0.0001473,0.4576036,0.934,0.00015
4360,7.975e-05,7.975e-06,4.48e-10,2.1166010488516726e-05,0.001253,0.4576036,0.637,0.00015
4370,7.935e-05,7.935000000000001e-06,7.199e-10,2.6830952275310692e-05,0.0005187,0.4576036,0.931,0.00015
4380,7.881e-05,7.881e-06,2.648e-10,1.6272676485446395e-05,0.002296,0.4576036,0.0944,0.00015
4390,7.876e-05,7.876e-06,1.006e-09,3.171750305430741e-05,0.0005797,0.4576036,0.929,0.00015
4400,7.797e-05,7.797e-06,4.44e-10,2.1071307505705478e-05,0.002019,0.4576036,0.202,0.00015
4410,7.827e-05,7.827e-06,2.057e-10,1.4342245291445827e-05,0.001361,0.4576036,0.325,0.00015
4420,7.823e-05,7.823e-06,5.255e-10,2.29237867726953e-05,0.000367,0.4576036,1.02,0.00015
4430,7.785e-05,7.785e-06,2.217e-10,1.4889593681494469e-05,0.001458,0.4576036,0.356,0.00015
4440,7.748e-05,7.748e-06,2.154e-10,1.4676511847165865e-05,0.001773,0.4576036,0.201,0.00015
4450,7.745e-05,7.745e-06,8.979e-10,2.9964979559479097e-05,0.0001907,0.4576036,1.01,0.00015
4460,7.674e-05,7.674e-06,1.157e-09,3.40147027033899e-05,0.001844,0.4576036,0.22,0.00015
4470,7.702e-05,7.702e-06,8.328e-10,2.8858274376684408e-05,0.00249,0.4576036,0.124,0.00015
4480,7.697e-05,7.697000000000001e-06,6.737e-10,2.595573154430443e-05,0.00227,0.4576036,0.103,0.00015
4490,7.692e-05,7.692e-06,4.856e-10,2.203633363334291e-05,0.001801,0.4576036,0.266,0.00015
4500,7.651e-05,7.651e-06,7.347e-10,2.710535002541011e-05,0.002505,0.4576036,0.112,0.00015
4510,7.618e-05,7.618000000000001e-06,2.896e-10,1.7017637908946118e-05,0.002636,0.4576036,0.136,0.00015
4520,7.633e-05,7.633e-06,1.044e-09,3.231098884280702e-05,0.0003399,0.4576036,1.0,0.00015
4530,7.609e-05,7.6089999999999995e-06,3.568e-10,1.8889150324988153e-05,0.002631,0.4576036,0.0926,0.00015
4540,7.587e-05,7.587e-06,4.395e-10,2.096425529323663e-05,0.001785,0.4576036,0.29,0.00015
4550,7.654e-05,7.654e-06,8.711e-10,2.9514403263491538e-05,0.0008134,0.4576036,1.0,0.00015
4560,7.588e-05,7.588e-06,2.416e-10,1.554348738218036e-05,0.00284,0.4576036,0.0693,0.00015
4570,7.585e-05,7.585e-06,3.993e-10,1.9982492337043444e-05,0.0005183,0.4576036,0.998,0.00015
4580,7.49e-05,7.49e-06,1.104e-09,3.32264954516723e-05,0.0003749,0.4576036,0.997,0.00015
4590,7.522e-05,7.522e-06,7.045e-10,2.6542418879973995e-05,0.001251,0.4576036,0.422,0.00015
4600,7.452e-05,7.452e-06,2.99e-10,1.7291616465790583e-05,0.0002492,0.4576036,0.994,0.00015
4610,7.45e-05,7.45e-06,4.68e-10,2.1633307652783936e-05,0.0004542,0.4576036,0.993,0.00015
4620,7.47e-05,7.47e-06,4.827e-10,2.197043467935944e-05,0.0008495,0.4576036,0.616,0.00015
4630,7.442e-05,7.441999999999999e-06,2.839e-10,1.68493323309857e-05,0.001387,0.4576036,0.42,0.00015
4640,7.418e-05,7.418e-06,4.934e-10,2.2212609031808936e-05,0.0005035,0.4576036,0.99,0.00015
4650,7.464e-05,7.464e-06,4.681e-10,2.1635618780150476e-05,0.001343,0.4576036,0.614,0.00015
4660,7.439e-05,7.438999999999999e-06,2.32e-10,1.5231546211727817e-05,0.001057,0.4576036,0.674,0.00015
4670,7.361e-05,7.3609999999999995e-06,4.068e-10,2.0169283576765934e-05,0.0003388,0.4576036,0.986,0.00015
4680,7.444e-05,7.444e-06,8.384e-10,2.8955137713366172e-05,0.0006245,0.4576036,0.985,0.00015
4690,7.291e-05,7.291e-06,6.315e-10,2.5129663746258127e-05,0.002097,0.4576036,0.177,0.00015
4700,7.322e-05,7.3219999999999995e-06,1.909e-10,1.3816656614391197e-05,0.001366,0.4576036,0.344,0.00015
4710,7.296e-05,7.296000000000001e-06,7.335e-10,2.7083205127901682e-05,0.002031,0.4576036,0.146,0.00015
4720,7.33e-05,7.330000000000001e-06,6.914e-10,2.629448611401257e-05,0.0006035,0.4576036,0.98,0.00015
4730,7.26e-05,7.26e-06,7.103e-10,2.6651453994106963e-05,0.003402,0.4576036,0.0994,0.00015
4740,7.234e-05,7.2340000000000005e-06,2.687e-10,1.639207125411551e-05,0.001233,0.4576036,0.283,0.00015
4750,7.241e-05,7.241000000000001e-06,3.549e-10,1.8838789770046268e-05,0.001404,0.4576036,0.376,0.00015
4760,7.18e-05,7.18e-06,5.767e-10,2.4014578905323324e-05,0.0002727,0.4576036,0.975,0.00014
4770,7.217e-05,7.217e-06,2.023e-10,1.4223220451079284e-05,0.001106,0.4576036,0.454,0.00014
4780,7.199e-05,7.198999999999999e-06,1.03e-09,3.209361307176242e-05,0.003158,0.4576036,0.0816,0.00015
4790,7.171e-05,7.1710000000000005e-06,4.356e-10,2.0871032557111304e-05,0.0003806,0.4576036,0.972,0.00014
4800,7.15e-05,7.15e-06,4.795e-10,2.189748844045819e-05,0.001783,0.4576036,0.175,0.00014
4810,7.199e-05,7.198999999999999e-06,1.419e-09,3.7669616403674727e-05,0.0008136,0.4576036,0.881,0.00014
4820,7.183e-05,7.183e-06,1.402e-09,3.744329045369811e-05,0.003935,0.4576036,0.0504,0.00015
4830,7.139e-05,7.139000000000001e-06,5.676e-10,2.3824357284090582e-05,0.0005513,0.4576036,0.967,0.00014
4840,7.14e-05,7.14e-06,1.303e-09,3.609709129556009e-05,0.0006136,0.4576036,0.966,0.00014
4850,7.114e-05,7.114e-06,9.352e-10,3.058103987767584e-05,0.0005899,0.4576036,0.965,0.00014
4860,7.092e-05,7.092000000000001e-06,4.361e-10,2.088300744624682e-05,0.003564,0.4576036,0.0735,0.00015
4870,7.132e-05,7.1320000000000005e-06,1.049e-09,3.238826948140329e-05,0.0007697,0.4576036,0.795,0.00014
4880,7.019e-05,7.019e-06,3.847e-10,1.961377067266771e-05,0.001858,0.4576036,0.209,0.00014
4890,7.013e-05,7.013e-06,2.786e-10,1.669131510696506e-05,0.001274,0.4576036,0.278,0.00014
4900,7.016e-05,7.016e-06,4.511e-10,2.1239114859146084e-05,0.0005026,0.4576036,0.959,0.00014
4910,6.996e-05,6.9960000000000004e-06,8.346e-10,2.8889444439102668e-05,0.0002818,0.4576036,0.958,0.00014
4920,7.056e-05,7.056e-06,5.392e-10,2.3220680437919986e-05,0.0007045,0.4576036,0.957,0.00014
4930,6.951e-05,6.951e-06,2.837e-10,1.684339633209407e-05,0.002343,0.4576036,0.129,0.00014
4940,6.942e-05,6.942e-06,3.463e-10,1.860913754046651e-05,0.001816,0.4576036,0.228,0.00014
4950,6.979e-05,6.979e-06,3.863e-10,1.9654516020497682e-05,0.003116,0.4576036,0.0601,0.00014
4960,6.916e-05,6.9159999999999995e-06,1.377e-10,1.1734564329364768e-05,0.001205,0.4576036,0.404,0.00014
4970,6.938e-05,6.938e-06,5.904e-10,2.4298148077579905e-05,0.0006463,0.4576036,0.951,0.00014
4980,6.88e-05,6.88e-06,6.292e-10,2.5083859352181036e-05,0.001445,0.4576036,0.333,0.00014
4990,6.887e-05,6.8869999999999995e-06,1.674e-09,4.091454509095757e-05,0.0002831,0.4576036,0.949,0.00014
5000,6.86e-05,6.86e-06,3.083e-10,1.7558473737771173e-05,0.001412,0.4576036,0.302,0.00014
5010,6.903e-05,6.903e-06,4.335e-10,2.0820662813657015e-05,0.003204,0.4576036,0.0493,0.00014
5020,6.851e-05,6.851000000000001e-06,2.128e-10,1.4587666023048376e-05,0.0008038,0.4576036,0.71,0.00014
5030,6.808e-05,6.808e-06,8.682e-10,2.946523375098185e-05,0.0002758,0.4576036,0.945,0.00014
5040,6.871e-05,6.871e-06,1.223e-09,3.497141690009142e-05,0.003817,0.4576036,0.0541,0.00014
5050,6.852e-05,6.852e-06,5.276e-10,2.2969545054266966e-05,0.0009759,0.4576036,0.585,0.00014
5060,6.776e-05,6.776e-06,1.614e-10,1.2704329970525798e-05,0.002223,0.4576036,0.116,0.00014
5070,6.77e-05,6.77e-06,4.512e-10,2.1241468875762806e-05,0.0002134,0.4576036,0.94,0.00014
5080,6.752e-05,6.752000000000001e-06,6.132e-10,2.4762875438849987e-05,0.002605,0.4576036,0.105,0.00014
5090,6.765e-05,6.7650000000000005e-06,4.519e-10,2.1257939693206396e-05,0.003012,0.4576036,0.0651,0.00014
5100,6.725e-05,6.724999999999999e-06,3.338e-10,1.8270194306574848e-05,0.001417,0.4576036,0.271,0.00014
5110,6.731e-05,6.7310000000000004e-06,4.614e-10,2.1480223462524778e-05,0.001185,0.4576036,0.48,0.00014
5120,6.758e-05,6.758e-06,6.86e-10,2.619160170741759e-05,0.000805,0.4576036,0.639,0.00014
5130,6.691e-05,6.690999999999999e-06,7.503e-10,2.7391604553220316e-05,0.0007099,0.4576036,0.772,0.00014
5140,6.703e-05,6.703e-06,9.503e-10,3.082693627333083e-05,0.0005533,0.4576036,0.933,0.00014
5150,6.673e-05,6.673e-06,8.546e-10,2.9233542378576018e-05,0.001771,0.4576036,0.152,0.00014
5160,6.643e-05,6.643e-06,6.765e-10,2.6009613607279904e-05,0.001212,0.4576036,0.395,0.00014
5170,6.69e-05,6.69e-06,8.281e-10,2.877672670753225e-05,0.0004378,0.4576036,0.93,0.00014
5180,6.617e-05,6.6169999999999995e-06,2.499e-10,1.58082257068907e-05,0.00275,0.4576036,0.114,0.00014
5190,6.637e-05,6.637e-06,2.156e-10,1.4683323874382122e-05,0.001318,0.4576036,0.358,0.00014
5200,6.642e-05,6.642e-06,3.569e-10,1.8891797161731332e-05,0.0007222,0.4576036,0.696,0.00014
5210,6.585e-05,6.5850000000000005e-06,4.105e-10,2.026079958935481e-05,0.00205,0.4576036,0.125,0.00014
5220,6.58e-05,6.58e-06,2.233e-10,1.4943225890014512e-05,0.00129,0.4576036,0.392,0.00014
5230,6.594e-05,6.594e-06,3.899e-10,1.9745885647395006e-05,0.001158,0.4576036,0.521,0.00014
5240,6.536e-05,6.536e-06,6.746e-10,2.5973062969160953e-05,0.0002705,0.4576036,1.01,0.00014
5250,6.644e-05,6.643999999999999e-06,4.886e-10,2.2104298224553522e-05,0.0005879,0.4576036,0.922,0.00014
5260,6.518e-05,6.517999999999999e-06,1.597e-09,3.996248240537617e-05,0.000138,0.4576036,1.01,0.00013
5270,6.526e-05,6.526e-06,4.861e-10,2.20476756144497e-05,0.001062,0.4576036,0.39,0.00014
5280,6.627e-05,6.627e-06,1.397e-09,3.7376463182061515e-05,0.0007198,0.4576036,1.01,0.00013
5290,6.493e-05,6.493e-06,3.315e-10,1.8207141456033123e-05,0.001435,0.4576036,0.182,0.00014
5300,6.511e-05,6.511000000000001e-06,3.616e-10,1.901578291840754e-05,0.003044,0.4576036,0.0636,0.00014
5310,6.478e-05,6.478e-06,3.984e-10,1.9959959919799437e-05,0.00224,0.4576036,0.0929,0.00014
5320,6.496e-05,6.496e-06,4.63e-10,2.1517434791350012e-05,0.0005187,0.4576036,1.01,0.00013
5330,6.459e-05,6.459e-06,3.928e-10,1.981918262693999e-05,0.000289,0.4576036,1.0,0.00013
5340,6.447e-05,6.4469999999999994e-06,2.987e-10,1.728293956478469e-05,0.00238,0.4576036,0.0926,0.00014
5350,6.414e-05,6.414000000000001e-06,3.549e-10,1.8838789770046268e-05,0.00143,0.4576036,0.218,0.00013
5360,6.455e-05,6.455e-06,3.885e-10,1.9710403344427024e-05,0.003155,0.4576036,0.0764,0.00014
5370,6.407e-05,6.407e-06,5.894e-10,2.427756165680565e-05,0.001879,0.4576036,0.164,0.00013
5380,6.393e-05,6.3930000000000005e-06,3.865e-10,1.96596032513375e-05,0.001695,0.4576036,0.18,0.00013
5390,6.372e-05,6.372000000000001e-06,2.078e-10,1.4415269681833914e-05,0.001791,0.4576036,0.18,0.00013
5400,6.414e-05,6.414000000000001e-06,1.816e-09,4.261455150532503e-05,0.0006199,0.4576036,0.997,0.00013
5410,6.448e-05,6.448000000000001e-06,5.454e-10,2.3353800547234275e-05,0.0006129,0.4576036,0.996,0.00013
5420,6.353e-05,6.353e-06,3.881e-10,1.9700253805471642e-05,0.001056,0.4576036,0.384,0.00013
5430,6.352e-05,6.352e-06,5.798e-11,7.61445992832059e-06,0.001343,0.4576036,0.348,0.00013
5440,6.388e-05,6.3880000000000005e-06,4.602e-10,2.145227260688247e-05,0.0007962,0.4576036,0.678,0.00013
5450,6.33e-05,6.3299999999999995e-06,5.476e-10,2.3400854685246004e-05,0.001594,0.4576036,0.216,0.00013
5460,6.314e-05,6.313999999999999e-06,4.014e-10,2.00349694284768e-05,0.002236,0.4576036,0.122,0.00013
5470,6.292e-05,6.292e-06,8.776e-10,2.9624314338056838e-05,0.002192,0.4576036,0.122,0.00013
5480,6.284e-05,6.284e-06,1.631e-10,1.2771061036577971e-05,0.001802,0.4576036,0.147,0.00013
5490,6.395e-05,6.395e-06,1.195e-09,3.456877203488721e-05,0.0008669,0.4576036,0.816,0.00013
5500,6.259e-05,6.259e-06,6.815e-10,2.6105554964413225e-05,0.0002409,0.4576036,0.987,0.00013
5510,6.266e-05,6.266e-06,5.575e-10,2.361143790623519e-05,0.001937,0.4576036,0.177,0.00013
5520,6.242e-05,6.2420000000000005e-06,1.713e-10,1.3088162590677118e-05,0.001957,0.4576036,0.121,0.00013
5530,6.222e-05,6.222e-06,2.502e-10,1.581771159175688e-05,0.001647,0.4576036,0.235,0.00013
5540,6.294e-05,6.294e-06,7.008e-10,2.6472627372438874e-05,0.0004891,0.4576036,0.983,0.00013
5550,6.241e-05,6.240999999999999e-06,2.693e-10,1.6410362579784763e-05,0.0007307,0.4576036,0.737,0.00013
5560,6.196e-05,6.196e-06,3.004e-10,1.7332051234634637e-05,0.001808,0.4576036,0.194,0.00013
5570,6.21e-05,6.210000000000001e-06,3.895e-10,1.9735754355990552e-05,0.001153,0.4576036,0.503,0.00013
5580,6.167e-05,6.1669999999999996e-06,4.818e-10,2.1949943052317927e-05,0.002219,0.4576036,0.145,0.00013
5590,6.165e-05,6.164999999999999e-06,3.365e-10,1.834393632784414e-05,0.002257,0.4576036,0.12,0.00013
5600,6.154e-05,6.154e-06,1.356e-10,1.1644741302407709e-05,0.001524,0.4576036,0.213,0.00013
5610,6.193e-05,6.193e-06,9.312e-10,3.051556979641704e-05,0.0004687,0.4576036,0.976,0.00013
5620,6.144e-05,6.143999999999999e-06,3.567e-10,1.8886503117305757e-05,0.002022,0.4576036,0.175,0.00013
5630,6.149e-05,6.149e-06,6.249e-10,2.4997999919993598e-05,0.0004587,0.4576036,0.973,0.00013
5640,6.127e-05,6.127e-06,3.338e-10,1.8270194306574848e-05,0.001417,0.4576036,0.412,0.00013
5650,6.128e-05,6.128e-06,3.827e-10,1.9562719647329202e-05,0.002764,0.4576036,0.0815,0.00013
5660,6.128e-05,6.128e-06,4.747e-10,2.1787611158637837e-05,0.0004413,0.4576036,0.971,0.00013
5670,6.106e-05,6.1060000000000005e-06,2.438e-10,1.5614096195425465e-05,0.002366,0.4576036,0.0895,0.00013
5680,6.088e-05,6.088e-06,1.746e-10,1.3213629327327144e-05,0.0009246,0.4576036,0.373,0.00013
5690,6.085e-05,6.085e-06,4.03e-10,2.007485989988473e-05,0.00255,0.4576036,0.0893,0.00013
5700,6.049e-05,6.049e-06,7.896e-10,2.809982206349357e-05,0.0002675,0.4576036,0.967,0.00013
5710,6.1e-05,6.1e-06,5.657e-10,2.3784448700779255e-05,0.0009089,0.4576036,0.6,0.00013
5720,6.041e-05,6.041e-06,3.197e-10,1.78801565988668e-05,0.0003561,0.4576036,0.965,0.00013
5730,6.065e-05,6.0649999999999995e-06,8.194e-10,2.862516375499012e-05,0.0004348,0.4576036,0.964,0.00013
5740,6.054e-05,6.054e-06,1.824e-10,1.3505554412907305e-05,0.0007814,0.4576036,0.543,0.00013
5750,6.022e-05,6.022e-06,3.963e-10,1.9907285098676815e-05,0.002176,0.4576036,0.118,0.00013
5760,6.022e-05,6.022e-06,4.346e-10,2.0847062143141417e-05,0.001757,0.4576036,0.209,0.00013
5770,5.994e-05,5.994e-06,1.895e-10,1.3765899897936204e-05,0.001712,0.4576036,0.253,0.00013
5780,6.032e-05,6.032e-06,2.836e-10,1.6840427548016706e-05,0.002838,0.4576036,0.0604,0.00013
5790,5.974e-05,5.974e-06,3.902e-10,1.975348070594142e-05,0.001987,0.4576036,0.129,0.00013
5800,5.964e-05,5.964e-06,8.271e-10,2.8759346306896476e-05,0.002449,0.4576036,0.142,0.00013
5810,5.979e-05,5.979e-06,4.048e-10,2.0119642143934867e-05,0.0009074,0.4576036,0.54,0.00013
5820,5.974e-05,5.974e-06,6.574e-10,2.563981279182826e-05,0.002279,0.4576036,0.142,0.00013
5830,5.986e-05,5.986e-06,4.215e-10,2.053046516764781e-05,0.0004751,0.4576036,0.954,0.00013
5840,5.936e-05,5.9360000000000004e-06,8.841e-10,2.973381912906581e-05,0.001987,0.4576036,0.129,0.00013
5850,5.929e-05,5.929e-06,4.926e-10,2.2194593936362072e-05,0.0003017,0.4576036,0.952,0.00013
5860,5.925e-05,5.925e-06,6.445e-10,2.538700454957221e-05,0.00163,0.4576036,0.207,0.00013
5870,6.023e-05,6.023e-06,4.081e-10,2.020148509392317e-05,0.0006581,0.4576036,0.95,0.00013
5880,5.954e-05,5.954e-06,1.813e-10,1.3464768843169941e-05,0.001067,0.4576036,0.536,0.00013
5890,5.926e-05,5.926e-06,6.705e-10,2.5894014752448103e-05,0.002699,0.4576036,0.0723,0.00013
5900,5.927e-05,5.927e-06,2.008e-10,1.417039166713468e-05,0.0009586,0.4576036,0.535,0.00013
5910,5.882e-05,5.882000000000001e-06,4.72e-10,2.172556098240043e-05,0.002009,0.4576036,0.141,0.00013
5920,5.876e-05,5.876e-06,4.918e-10,2.2176564206386884e-05,0.002459,0.4576036,0.096,0.00013
5930,5.851e-05,5.851e-06,2.998e-10,1.7314733610425544e-05,0.001432,0.4576036,0.187,0.00013
5940,5.909e-05,5.909e-06,5.963e-10,2.441925469788134e-05,0.000543,0.4576036,0.944,0.00013
5950,5.844e-05,5.844e-06,2.512e-10,1.584929020492716e-05,0.002084,0.4576036,0.0957,0.00013
5960,5.843e-05,5.843e-06,1.429e-09,3.78021163428716e-05,0.0001869,0.4576036,0.942,0.00012
5970,5.868e-05,5.868e-06,3.182e-10,1.7838161340227864e-05,0.0008837,0.4576036,0.531,0.00012
5980,5.83e-05,5.83e-06,1.489e-09,3.858756276314948e-05,0.002302,0.4576036,0.0868,0.00013
5990,5.871e-05,5.871e-06,2.897e-10,1.7020575783445163e-05,0.0005942,0.4576036,0.776,0.00012
6000,5.914e-05,5.914e-06,5.383e-10,2.320129306741329e-05,0.000761,0.4576036,0.775,0.00012
6010,5.799e-05,5.799e-06,1.647e-10,1.2833549781724463e-05,0.001101,0.4576036,0.398,0.00012
6020,5.78e-05,5.7800000000000006e-06,2.42e-10,1.5556349186104044e-05,0.00133,0.4576036,0.247,0.00012
6030,5.827e-05,5.827e-06,7.288e-10,2.6996296042235126e-05,0.0006034,0.4576036,0.85,0.00012
6040,5.779e-05,5.779e-06,3.805e-10,1.950640920313116e-05,0.002206,0.4576036,0.115,0.00013
6050,5.76e-05,5.76e-06,4.475e-10,2.115419580130618e-05,0.001889,0.4576036,0.139,0.00013
6060,5.763e-05,5.7630000000000006e-06,2.461e-10,1.5687574701017363e-05,0.002087,0.4576036,0.104,0.00013
6070,5.735e-05,5.735e-06,1.374e-09,3.706750598570128e-05,0.0002493,0.4576036,0.932,0.00012
6080,5.724e-05,5.724e-06,2.48e-10,1.5748015748023622e-05,0.0001378,0.4576036,1.02,0.00012
6090,5.731e-05,5.731e-06,5.873e-10,2.4234273250914705e-05,0.002546,0.4576036,0.078,0.00013
6100,5.714e-05,5.714e-06,4.598e-10,2.1442947558579722e-05,0.001403,0.4576036,0.269,0.00012
6110,5.719e-05,5.719e-06,2.026e-10,1.4233762678926469e-05,0.001014,0.4576036,0.433,0.00012
6120,5.737e-05,5.737e-06,6.491e-10,2.547744100179608e-05,0.001069,0.4576036,0.476,0.00012
6130,5.688e-05,5.688e-06,1.077e-09,3.2817678162843875e-05,0.0001057,0.4576036,1.02,0.00012
6140,5.684e-05,5.684e-06,1.723e-10,1.3126309458488322e-05,0.0017,0.4576036,0.151,0.00012
6150,5.685e-05,5.685e-06,8.034e-10,2.834431159862592e-05,0.00189,0.4576036,0.125,0.00012
6160,5.749e-05,5.749e-06,5.393e-10,2.322283359110167e-05,0.0008848,0.4576036,0.694,0.00012
6170,5.68e-05,5.68e-06,3.635e-10,1.9065675964937617e-05,0.002056,0.4576036,0.103,0.00012
6180,5.655e-05,5.655e-06,2.016e-10,1.4198591479439078e-05,0.002143,0.4576036,0.103,0.00012
6190,5.658e-05,5.658e-06,7.761e-10,2.785857139194327e-05,0.0001286,0.4576036,1.01,0.00012
6200,5.623e-05,5.623e-06,1.299e-09,3.60416425818802e-05,0.0003298,0.4576036,1.01,0.00012
6210,5.716e-05,5.716e-06,7.566e-10,2.7506362900245462e-05,0.0007598,0.4576036,0.836,0.00012
6220,5.625e-05,5.6249999999999995e-06,3.332e-10,1.8253766734567417e-05,0.001801,0.4576036,0.15,0.00012
6230,5.619e-05,5.619e-06,4.02e-10,2.004993765576342e-05,0.002292,0.4576036,0.113,0.00012
6240,5.597e-05,5.597e-06,6.057e-10,2.461097316239242e-05,0.0001725,0.4576036,1.01,0.00012
6250,5.646e-05,5.646e-06,4.264e-10,2.064945519862449e-05,0.0007318,0.4576036,0.757,0.00012
6260,5.615e-05,5.6150000000000005e-06,8.275e-10,2.876629972728505e-05,0.0004786,0.4576036,0.915,0.00012
6270,5.589e-05,5.589e-06,6.325e-10,2.5149552679918584e-05,0.001729,0.4576036,0.199,0.00012
6280,5.592e-05,5.592e-06,3.619e-10,1.9023669467271554e-05,0.001078,0.4576036,0.352,0.00012
6290,5.569e-05,5.5689999999999995e-06,3.21e-10,1.7916472867168916e-05,0.001066,0.4576036,0.387,0.00012
6300,5.606e-05,5.606e-06,8.237e-10,2.870017421549911e-05,0.002905,0.4576036,0.0632,0.00012
6310,5.589e-05,5.589e-06,3.347e-10,1.8294808006644945e-05,0.0009251,0.4576036,0.566,0.00012
6320,5.549e-05,5.549e-06,9.241e-11,9.613012014972206e-06,0.001733,0.4576036,0.123,0.00012
6330,5.685e-05,5.685e-06,9.751e-10,3.1226591232473646e-05,0.0006238,0.4576036,1.0,0.00012
6340,5.554e-05,5.554e-06,6.455e-10,2.5406692031825e-05,0.0002818,0.4576036,0.999,0.00012
6350,5.52e-05,5.52e-06,9.312e-11,9.649870465451855e-06,0.001364,0.4576036,0.217,0.00012
6360,5.516e-05,5.516e-06,5.697e-10,2.3868389137099303e-05,0.001687,0.4576036,0.217,0.00012
6370,5.517e-05,5.517e-06,1.777e-10,1.3330416347586447e-05,0.001363,0.4576036,0.289,0.00012
6380,5.53e-05,5.53e-06,3.699e-10,1.9232784509789527e-05,0.00103,0.4576036,0.384,0.00012
6390,5.484e-05,5.4839999999999995e-06,4.402e-10,2.098094373473224e-05,0.001799,0.4576036,0.163,0.00012
6400,5.51e-05,5.51e-06,1.917e-10,1.384557691105719e-05,0.001012,0.4576036,0.422,0.00012
6410,5.486e-05,5.486e-06,5.003e-10,2.2367386973001563e-05,0.002217,0.4576036,0.111,0.00012
6420,5.469e-05,5.469e-06,7.696e-10,2.7741665415039524e-05,0.001558,0.4576036,0.196,0.00012
6430,5.479e-05,5.479e-06,1.048e-09,3.2372828112477294e-05,0.0004433,0.4576036,0.991,0.00012
6440,5.48e-05,5.48e-06,2.997e-10,1.731184565550421e-05,0.002448,0.4576036,0.0755,0.00012
6450,5.453e-05,5.453e-06,4.286e-10,2.070265683432926e-05,0.001812,0.4576036,0.178,0.00012
6460,5.542e-05,5.5420000000000005e-06,5.209e-10,2.2823233776132602e-05,0.000532,0.4576036,0.989,0.00012
6470,5.5e-05,5.5e-06,2.699e-10,1.6428633540255257e-05,0.0006882,0.4576036,0.742,0.00012
6480,5.468e-05,5.468e-06,4.842e-10,2.2004544985070698e-05,0.002952,0.4576036,0.0684,0.00012
6490,5.434e-05,5.434e-06,4.107e-10,2.0265734627691144e-05,0.0006355,0.4576036,0.741,0.00012
6500,5.419e-05,5.419e-06,4.173e-10,2.042792206760149e-05,0.001577,0.4576036,0.236,0.00012
6510,5.425e-05,5.425e-06,2.04e-10,1.42828568570857e-05,0.00178,0.4576036,0.11,0.00012
6520,5.4e-05,5.4e-06,2.083e-10,1.4432601983010547e-05,0.001742,0.4576036,0.214,0.00012
6530,5.417e-05,5.417e-06,1.832e-10,1.3535139452550905e-05,0.0008985,0.4576036,0.417,0.00012
6540,5.431e-05,5.431e-06,8.004e-10,2.829134143161119e-05,0.0006697,0.4576036,0.554,0.00012
6550,5.44e-05,5.4400000000000004e-06,8.373e-10,2.8936136576951665e-05,0.000501,0.4576036,0.981,0.00012
6560,5.375e-05,5.375e-06,4.897e-10,2.2129166274399042e-05,0.001255,0.4576036,0.312,0.00012
6570,5.389e-05,5.389e-06,3.943e-10,1.9856988694160048e-05,0.0007993,0.4576036,0.502,0.00012
6580,5.396e-05,5.396e-06,1.387e-10,1.177709641634983e-05,0.002433,0.4576036,0.0678,0.00012
6590,5.373e-05,5.373e-06,3.454e-10,1.8584940139801367e-05,0.001488,0.4576036,0.311,0.00012
6600,5.381e-05,5.381e-06,7.699e-10,2.7747071917591593e-05,0.0008253,0.4576036,0.606,0.00012
6610,5.403e-05,5.403000000000001e-06,4.793e-10,2.1892921230388604e-05,0.0007527,0.4576036,0.666,0.00012
6620,5.357e-05,5.357e-06,2.694e-10,1.6413409152275466e-05,0.000355,0.4576036,0.975,0.00012
6630,5.352e-05,5.352000000000001e-06,1.168e-09,3.417601498127012e-05,0.0004367,0.4576036,0.974,0.00012
6640,5.382e-05,5.382e-06,4.978e-10,2.2311432047271193e-05,0.000457,0.4576036,0.973,0.00012
6650,5.333e-05,5.333e-06,2.062e-10,1.4359665734271115e-05,0.0008542,0.4576036,0.453,0.00012
6660,5.422e-05,5.422e-06,7.755e-10,2.784780063128864e-05,0.0005265,0.4576036,0.971,0.00012
6670,5.3e-05,5.3e-06,2.474e-10,1.572895419282541e-05,0.001526,0.4576036,0.175,0.00012
6680,5.299e-05,5.299e-06,1.333e-10,1.1545561917897284e-05,0.001835,0.4576036,0.131,0.00012
6690,5.29e-05,5.29e-06,5.205e-10,2.281446909309967e-05,0.001619,0.4576036,0.211,0.00012
6700,5.367e-05,5.367e-06,1.784e-10,1.33566462856512e-05,0.0006368,0.4576036,0.8,0.00012
6710,5.285e-05,5.284999999999999e-06,3.36e-10,1.8330302779823358e-05,0.001878,0.4576036,0.0982,0.00012
6720,5.313e-05,5.313e-06,5.282e-10,2.2982602115513377e-05,0.002883,0.4576036,0.067,0.00012
6730,5.263e-05,5.263e-06,8.586e-10,2.9301877072979473e-05,0.001746,0.4576036,0.13,0.00012
6740,5.293e-05,5.293e-06,2.75e-10,1.6583123951776998e-05,0.002293,0.4576036,0.0669,0.00012
6750,5.247e-05,5.247e-06,4.207e-10,2.0510972673181543e-05,0.001686,0.4576036,0.143,0.00012
6760,5.253e-05,5.253e-06,3.702e-10,1.9240582111776142e-05,0.0003373,0.4576036,0.963,0.00012
6770,5.259e-05,5.259e-06,9.532e-10,3.0873937228672343e-05,0.0002758,0.4576036,0.962,0.00012
6780,5.246e-05,5.246e-06,6.013e-10,2.452141920852054e-05,0.001441,0.4576036,0.19,0.00012
6790,5.243e-05,5.243e-06,2.501e-10,1.5814550262337528e-05,0.00214,0.4576036,0.0806,0.00012
6800,5.228e-05,5.228e-06,3.021e-10,1.7381024135533556e-05,0.001992,0.4576036,0.13,0.00012
6810,5.218e-05,5.218e-06,1.622e-10,1.2735776379946375e-05,0.00154,0.4576036,0.157,0.00012
6820,5.236e-05,5.236e-06,2.238e-10,1.4959946523968592e-05,0.0008193,0.4576036,0.492,0.00012
6830,5.242e-05,5.242e-06,4.258e-10,2.063492185592182e-05,0.0003507,0.4576036,0.957,0.00012
6840,5.288e-05,5.288e-06,8.292e-10,2.879583303188154e-05,0.0006243,0.4576036,0.956,0.00012
6850,5.249e-05,5.249e-06,3.8e-10,1.9493588689617928e-05,0.001176,0.4576036,0.539,0.00012
6860,5.192e-05,5.192e-06,4.806e-10,2.1922591087734132e-05,0.001525,0.4576036,0.229,0.00012
6870,5.188e-05,5.188e-06,2.535e-10,1.5921683328090657e-05,0.0005739,0.4576036,0.954,0.00012
6880,5.206e-05,5.206e-06,4.337e-10,2.0825465180878916e-05,0.002374,0.4576036,0.0601,0.00012
6890,5.18e-05,5.1799999999999995e-06,7.095e-10,2.6636441203734406e-05,0.002133,0.4576036,0.0879,0.00012
6900,5.153e-05,5.1530000000000005e-06,4.119e-10,2.029531965749739e-05,0.001707,0.4576036,0.141,0.00012
6910,5.175e-05,5.175e-06,1.166e-09,3.4146742157927746e-05,0.0003096,0.4576036,0.951,0.00012
6920,5.167e-05,5.167e-06,4.019e-10,2.0047443727318452e-05,0.0003755,0.4576036,0.95,0.00011
6930,5.141e-05,5.1409999999999996e-06,5.147e-10,2.2687000683210637e-05,0.001442,0.4576036,0.188,0.00012
6940,5.152e-05,5.152e-06,5.185e-10,2.2770595073471402e-05,0.001842,0.4576036,0.106,0.00012
6950,5.143e-05,5.143e-06,6.696e-10,2.587663038341739e-05,0.000331,0.4576036,0.947,0.00011
6960,5.131e-05,5.1310000000000005e-06,3.998e-10,1.9994999374843702e-05,0.0001545,0.4576036,0.947,0.00011
6970,5.152e-05,5.152e-06,2.869e-10,1.693812268228094e-05,0.0009047,0.4576036,0.534,0.00011
6980,5.108e-05,5.108e-06,6.671e-10,2.5828279075463003e-05,0.00177,0.4576036,0.128,0.00012
6990,5.113e-05,5.113e-06,4.784e-10,2.1872356983187707e-05,0.0002599,0.4576036,0.944,0.00011
7000,5.164e-05,5.164e-06,3.735e-10,1.932614809008769e-05,0.0008224,0.4576036,0.78,0.00011
7010,5.133e-05,5.133e-06,6.391e-10,2.528042721158011e-05,0.0004181,0.4576036,0.943,0.00011
7020,5.073e-05,5.0729999999999995e-06,3.048e-10,1.7458522274236155e-05,0.001298,0.4576036,0.186,0.00011
7030,5.127e-05,5.127e-06,7.5e-10,2.7386127875258307e-05,0.0004323,0.4576036,0.941,0.00011
7040,5.071e-05,5.071e-06,2.522e-10,1.5880806024884254e-05,0.000937,0.4576036,0.3,0.00011
7050,5.086e-05,5.086e-06,3.036e-10,1.74241212116996e-05,0.0009207,0.4576036,0.329,0.00011
7060,5.072e-05,5.072e-06,1.6e-10,1.2649110640673517e-05,0.001797,0.4576036,0.105,0.00012
7070,5.055e-05,5.055e-06,1.65e-10,1.284523257866513e-05,0.001535,0.4576036,0.139,0.00011
7080,5.084e-05,5.084e-06,7.776e-10,2.7885480092693402e-05,0.000423,0.4576036,0.937,0.00011
7090,5.042e-05,5.042e-06,6.11e-10,2.471841418861655e-05,0.0001441,0.4576036,0.936,0.00011
7100,5.073e-05,5.0729999999999995e-06,3.432e-10,1.8525657883055056e-05,0.0005225,0.4576036,0.773,0.00011
7110,5.031e-05,5.031e-06,1.057e-10,1.0281050529979901e-05,0.0009548,0.4576036,0.271,0.00011
7120,5.028e-05,5.028e-06,1.056e-09,3.2496153618543845e-05,0.001874,0.4576036,0.153,0.00011
7130,5.019e-05,5.019e-06,3.931e-10,1.9826749607537792e-05,0.0001782,0.4576036,0.933,0.00011
7140,5.093e-05,5.093e-06,4.484e-10,2.117545749210628e-05,0.0005542,0.4576036,0.933,0.00011
7150,5.019e-05,5.019e-06,1.456e-10,1.2066482503198685e-05,0.0009992,0.4576036,0.297,0.00011
7160,5.018e-05,5.018e-06,5.065e-10,2.2505554869853798e-05,0.001902,0.4576036,0.114,0.00011
7170,5.056e-05,5.0559999999999995e-06,4.135e-10,2.0334699407662755e-05,0.0009204,0.4576036,0.525,0.00011
7180,4.996e-05,4.996e-06,2.366e-10,1.5381807436059e-05,0.001098,0.4576036,0.202,0.00011
7190,5.039e-05,5.0389999999999995e-06,4.868e-10,2.206354459283458e-05,0.0007508,0.4576036,0.634,0.00011
7200,5.037e-05,5.037e-06,6.349e-10,2.5197222069109127e-05,0.0005493,0.4576036,0.844,0.00011
7210,4.976e-05,4.9759999999999995e-06,1.551e-10,1.2453915047084592e-05,0.001023,0.4576036,0.244,0.00011
7220,5.007e-05,5.007e-06,4.558e-10,2.1349473061413015e-05,0.001059,0.4576036,0.393,0.00011
7230,5.056e-05,5.0559999999999995e-06,2.298e-10,1.5159155649309759e-05,0.0005945,0.4576036,0.926,0.00011
7240,4.96e-05,4.96e-06,2.991e-10,1.7294507798720378e-05,0.000265,0.4576036,0.925,0.00011
7250,4.964e-05,4.964e-06,9.258e-10,3.0426961728046396e-05,0.0006235,0.4576036,0.924,0.00011
7260,4.981e-05,4.981e-06,8.495e-11,9.216832427683602e-06,0.0008815,0.4576036,0.474,0.00011
7270,4.968e-05,4.968e-06,3.205e-10,1.7902513789968157e-05,0.000292,0.4576036,1.02,0.00011
7280,4.945e-05,4.945e-06,1.549e-09,3.935733730830885e-05,0.0002911,0.4576036,1.01,0.00011
7290,4.958e-05,4.958000000000001e-06,3.215e-10,1.7930421077041107e-05,0.000683,0.4576036,0.572,0.00011
7300,5.055e-05,5.055e-06,2.726e-10,1.6510602654052336e-05,0.0007884,0.4576036,0.837,0.00011
7310,5.02e-05,5.02e-06,9.202e-10,3.0334798499413178e-05,0.0005524,0.4576036,0.92,0.00011
7320,4.947e-05,4.947e-06,2.844e-10,1.6864163187066236e-05,0.002282,0.4576036,0.0637,0.00011
7330,4.92e-05,4.92e-06,6.157e-10,2.481330288373557e-05,0.001988,0.4576036,0.0848,0.00011
7340,4.913e-05,4.913e-06,1.999e-10,1.4138599647772759e-05,0.0009989,0.4576036,0.354,0.00011
7350,4.947e-05,4.947e-06,6.895e-10,2.6258332011001765e-05,0.0004592,0.4576036,0.917,0.00011
7360,4.961e-05,4.9610000000000004e-06,6.904e-10,2.6275463839863987e-05,0.002545,0.4576036,0.0434,0.00011
7370,4.924e-05,4.924000000000001e-06,2.362e-10,1.53687995627505e-05,0.0007388,0.4576036,0.625,0.00011
7380,4.909e-05,4.909e-06,7.164e-10,2.6765649627834553e-05,0.0002818,0.4576036,1.01,0.00011
7390,4.876e-05,4.876e-06,1.784e-10,1.33566462856512e-05,0.00131,0.4576036,0.181,0.00011
7400,4.887e-05,4.887e-06,1.898e-10,1.3776792079435619e-05,0.00196,0.4576036,0.102,0.00011
7410,4.884e-05,4.884e-06,1.017e-10,1.0084641788382967e-05,0.001053,0.4576036,0.352,0.00011
7420,4.876e-05,4.876e-06,5.226e-10,2.2860446189871273e-05,0.001562,0.4576036,0.164,0.00011
7430,4.86e-05,4.86e-06,2.293e-10,1.5142654985173505e-05,0.001226,0.4576036,0.198,0.00011
7440,4.87e-05,4.87e-06,6.977e-10,2.6414011433328336e-05,0.0003936,0.4576036,1.0,0.00011
7450,4.842e-05,4.842e-06,2.309e-10,1.5195394038984312e-05,0.001133,0.4576036,0.264,0.00011
7460,4.86e-05,4.86e-06,1.483e-10,1.2177848742696716e-05,0.001903,0.4576036,0.0923,0.00011
7470,4.852e-05,4.852e-06,8.746e-11,9.352005132590551e-06,0.0007635,0.4576036,0.424,0.00011
7480,4.84e-05,4.839999999999999e-06,3.252e-10,1.803330252615976e-05,0.001928,0.4576036,0.101,0.00011
7490,4.842e-05,4.842e-06,3.05e-10,1.746424919657298e-05,0.002063,0.4576036,0.0921,0.00011
7500,4.868e-05,4.868e-06,2.706e-10,1.6449924011982547e-05,0.000839,0.4576036,0.563,0.00011
7510,4.877e-05,4.877e-06,1.143e-09,3.3808283008753936e-05,0.0003716,0.4576036,0.996,0.00011
7520,4.837e-05,4.837e-06,4.805e-10,2.1920310216782973e-05,0.0004091,0.4576036,0.995,0.00011
7530,4.816e-05,4.816e-06,2.52e-10,1.5874507866387543e-05,0.000954,0.4576036,0.349,0.00011
7540,4.827e-05,4.827e-06,5.745e-10,2.396872962841377e-05,0.0002625,0.4576036,0.994,0.00011
7550,4.834e-05,4.834e-06,2.432e-10,1.559487095169434e-05,0.0003315,0.4576036,0.993,0.00011
7560,4.832e-05,4.832e-06,1.102e-09,3.319638534539566e-05,0.0003392,0.4576036,0.992,0.00011
7570,4.815e-05,4.815e-06,2.459e-10,1.5681198933755033e-05,0.0007273,0.4576036,0.56,0.00011
7580,4.819e-05,4.819e-06,3.238e-10,1.7994443586840912e-05,0.0006681,0.4576036,0.677,0.00011
7590,4.777e-05,4.777e-06,7.657e-10,2.7671284755139217e-05,0.0001464,0.4576036,0.99,0.00011
7600,4.808e-05,4.808e-06,8.274e-10,2.8764561529771315e-05,0.0004181,0.4576036,0.989,0.00011
7610,4.776e-05,4.776e-06,4.27e-10,2.0663978319771825e-05,0.0007547,0.4576036,0.558,0.00011
7620,4.77e-05,4.77e-06,1.049e-10,1.0242070103255494e-05,0.0008751,0.4576036,0.419,0.00011
7630,4.754e-05,4.7540000000000006e-06,3.151e-10,1.7751056306597643e-05,0.0002248,0.4576036,0.987,0.00011
7640,4.816e-05,4.816e-06,1.288e-10,1.1349008767288886e-05,0.0007235,0.4576036,0.674,0.00011
7650,4.779e-05,4.779e-06,3.494e-10,1.8692244381026053e-05,0.000949,0.4576036,0.46,0.00011
7660,4.804e-05,4.804e-06,4.382e-10,2.0933227175951632e-05,0.0005888,0.4576036,0.74,0.00011
7670,4.732e-05,4.732e-06,1.687e-10,1.2988456413292536e-05,0.001447,0.4576036,0.161,0.00011
7680,4.733e-05,4.733e-06,3.038e-10,1.7429859437184226e-05,0.002004,0.4576036,0.0998,0.00011
7690,4.763e-05,4.763e-06,1.213e-10,1.1013627921806693e-05,0.0006082,0.4576036,0.61,0.00011
7700,4.736e-05,4.736e-06,5.124e-10,2.2636254107073458e-05,0.0002721,0.4576036,0.982,0.00011
7710,4.733e-05,4.733e-06,4.232e-10,2.0571825392998066e-05,0.00211,0.4576036,0.0996,0.00011
7720,4.74e-05,4.74e-06,8.177e-10,2.859545418418809e-05,0.002429,0.4576036,0.0618,0.00011
7730,4.708e-05,4.7080000000000005e-06,6.356e-11,7.9724525711979e-06,0.001603,0.4576036,0.109,0.00011
7740,4.69e-05,4.69e-06,7.262e-10,2.69480982631428e-05,0.0003124,0.4576036,0.979,0.00011
7750,4.715e-05,4.715e-06,4.578e-10,2.139626135566679e-05,0.0008205,0.4576036,0.552,0.00011
7760,4.692e-05,4.692e-06,5.871e-10,2.4230146512144742e-05,0.001089,0.4576036,0.257,0.00011
7770,4.7e-05,4.7e-06,2.717e-10,1.648332490731163e-05,0.001102,0.4576036,0.311,0.00011
7780,4.712e-05,4.712e-06,2.993e-10,1.730028901492689e-05,0.002211,0.4576036,0.0677,0.00011
7790,4.663e-05,4.663e-06,5.855e-10,2.4197107265125722e-05,0.001367,0.4576036,0.212,0.00011
7800,4.67e-05,4.669999999999999e-06,3.943e-10,1.9856988694160048e-05,0.001165,0.4576036,0.233,0.00011
7810,4.684e-05,4.6839999999999995e-06,8.903e-10,2.983789536813882e-05,0.002081,0.4576036,0.0817,0.00011
7820,4.672e-05,4.672e-06,1.635e-10,1.2786711852544422e-05,0.001033,0.4576036,0.375,0.00011
7830,4.659e-05,4.659e-06,2.092e-10,1.4463747785411636e-05,0.0005107,0.4576036,0.803,0.00011
7840,4.713e-05,4.713e-06,1.96e-10,1.4e-05,0.0007068,0.4576036,0.73,0.00011
7850,4.649e-05,4.649e-06,1.72e-10,1.3114877048604002e-05,0.001412,0.4576036,0.131,0.00011
7860,4.648e-05,4.648e-06,2.758e-10,1.6607227342335023e-05,0.001581,0.4576036,0.119,0.00011
7870,4.649e-05,4.649e-06,3.816e-10,1.9534584715319646e-05,0.001813,0.4576036,0.0894,0.00011
7880,4.711e-05,4.711e-06,4.341e-10,2.0835066594566e-05,0.0006534,0.4576036,0.728,0.00011
7890,4.641e-05,4.641e-06,2.76e-10,1.661324772583615e-05,0.002126,0.4576036,0.0893,0.00011
7900,4.656e-05,4.656e-06,5.402e-10,2.3242202993692312e-05,0.0009719,0.4576036,0.41,0.00011
7910,4.616e-05,4.6159999999999995e-06,3.624e-10,1.903680645486527e-05,0.0009138,0.4576036,0.28,0.00011
7920,4.673e-05,4.673e-06,2.252e-10,1.5006665185843256e-05,0.0006016,0.4576036,0.725,0.00011
7930,4.622e-05,4.622e-06,6.411e-10,2.5319952606590716e-05,0.0002631,0.4576036,0.965,0.00011
7940,4.639e-05,4.639e-06,5.626e-10,2.3719190542680837e-05,0.0003967,0.4576036,0.964,0.00011
7950,4.587e-05,4.587e-06,4.835e-10,2.198863342729602e-05,0.0002902,0.4576036,0.963,0.00011
7960,4.615e-05,4.615e-06,6.67e-10,2.5826343140289915e-05,0.002026,0.4576036,0.0889,0.00011
7970,4.605e-05,4.605e-06,6.677e-10,2.5839891640639673e-05,0.001934,0.4576036,0.0977,0.00011
7980,4.572e-05,4.5720000000000004e-06,3.17e-10,1.7804493814764854e-05,0.001298,0.4576036,0.19,0.00011
7990,4.583e-05,4.583e-06,6.102e-10,2.4702226620286683e-05,9.473e-05,0.4576036,0.961,0.00011
8000,4.571e-05,4.571e-06,4.665e-10,2.1598611066455176e-05,0.0009919,0.4576036,0.278,0.00011
8010,4.606e-05,4.6060000000000005e-06,5.641e-10,2.37507894605632e-05,0.002579,0.4576036,0.0732,0.00011
8020,4.6e-05,4.6e-06,6.957e-10,2.637612556839992e-05,0.0004639,0.4576036,0.959,0.00011
8030,4.606e-05,4.6060000000000005e-06,2.714e-10,1.647422228816887e-05,0.0007615,0.4576036,0.541,0.00011
8040,4.557e-05,4.557e-06,6.624e-10,2.573713270743266e-05,0.0002825,0.4576036,0.957,0.00011
8050,4.566e-05,4.566e-06,2.658e-10,1.6303373883954205e-05,0.0002111,0.4576036,0.956,0.00011
8060,4.551e-05,4.551e-06,2.442e-10,1.5626899884494045e-05,0.001106,0.4576036,0.305,0.00011
8070,4.55e-05,4.5500000000000005e-06,6.622e-10,2.57332469774026e-05,0.001056,0.4576036,0.335,0.00011
8080,4.534e-05,4.534e-06,1.851e-10,1.3605146085213492e-05,0.001585,0.4576036,0.172,0.00011
8090,4.539e-05,4.539e-06,2.512e-10,1.584929020492716e-05,0.0001154,0.4576036,0.954,0.00011
8100,4.541e-05,4.541e-06,3.316e-10,1.8209887424144062e-05,0.000915,0.4576036,0.334,0.00011
8110,4.535e-05,4.535e-06,5.195e-10,2.279254264008296e-05,0.001273,0.4576036,0.251,0.00011
8120,4.557e-05,4.557e-06,1.608e-10,1.2680693987317886e-05,0.002178,0.4576036,0.0726,0.00011
8130,4.565e-05,4.5649999999999995e-06,7.787e-10,2.7905196648653095e-05,0.002446,0.4576036,0.0599,0.00011
8140,4.549e-05,4.549e-06,3.151e-10,1.7751056306597643e-05,0.0007485,0.4576036,0.536,0.00011
8150,4.514e-05,4.5139999999999995e-06,1.278e-10,1.1304866208850062e-05,0.0009911,0.4576036,0.275,0.00011
8160,4.548e-05,4.5479999999999995e-06,4.652e-10,2.156849554326866e-05,0.0006997,0.4576036,0.589,0.00011
8170,4.53e-05,4.530000000000001e-06,1.628e-10,1.2759310326189265e-05,0.0008281,0.4576036,0.442,0.00011
8180,4.491e-05,4.491e-06,5.027e-10,2.242097232503533e-05,0.001079,0.4576036,0.187,0.00011
8190,4.498e-05,4.498e-06,1.675e-10,1.2942179105544785e-05,0.0008754,0.4576036,0.274,0.00011
8200,4.49e-05,4.49e-06,1.419e-10,1.1912178642045291e-05,0.001095,0.4576036,0.274,0.00011
8210,4.495e-05,4.495e-06,1.994e-10,1.4120906486483082e-05,0.0007483,0.4576036,0.401,0.00011
8220,4.471e-05,4.471e-06,9.52e-10,3.0854497241083025e-05,0.0002338,0.4576036,0.945,0.00011
8230,4.477e-05,4.477e-06,1.873e-10,1.3685759021698431e-05,0.001094,0.4576036,0.249,0.00011
8240,4.476e-05,4.476e-06,1.935e-10,1.3910427743243556e-05,0.001329,0.4576036,0.17,0.00011
8250,4.462e-05,4.462000000000001e-06,2.694e-10,1.6413409152275466e-05,0.001577,0.4576036,0.127,0.00011
8260,4.47e-05,4.47e-06,2.798e-10,1.6727223320085136e-05,0.0009626,0.4576036,0.3,0.00011
8270,4.483e-05,4.483e-06,2.491e-10,1.5782902141241324e-05,0.0004798,0.4576036,0.941,0.00011
8280,4.494e-05,4.494e-06,6.457e-10,2.541062769787476e-05,0.0004142,0.4576036,0.941,0.00011
8290,4.46e-05,4.46e-06,6.253e-10,2.5005999280172747e-05,0.00199,0.4576036,0.0868,0.00011
8300,4.484e-05,4.484e-06,6.927e-10,2.6319194516550084e-05,0.002163,0.4576036,0.0538,0.00011
8310,4.438e-05,4.438e-06,3.157e-10,1.7767948671695336e-05,0.001157,0.4576036,0.204,0.00011
8320,4.469e-05,4.469e-06,1e-09,3.1622776601683795e-05,0.002305,0.4576036,0.0716,0.00011
8330,4.439e-05,4.439e-06,1.921e-10,1.3860014430006917e-05,0.001276,0.4576036,0.169,0.00011
8340,4.429e-05,4.4289999999999994e-06,3.455e-10,1.8587630295441104e-05,0.0003259,0.4576036,0.937,0.00011
8350,4.446e-05,4.4459999999999994e-06,8.093e-11,8.996110270555824e-06,0.0007868,0.4576036,0.437,0.00011
8360,4.456e-05,4.456e-06,6.039e-10,2.4574376899526873e-05,0.0004956,0.4576036,0.935,0.00011
8370,4.413e-05,4.413e-06,3.668e-10,1.915202339179858e-05,0.001101,0.4576036,0.224,0.00011
8380,4.428e-05,4.428000000000001e-06,3.811e-10,1.9521782705480563e-05,0.0002487,0.4576036,0.934,0.0001
8390,4.425e-05,4.425e-06,3.915e-10,1.978635893740938e-05,0.001961,0.4576036,0.0948,0.00011
8400,4.404e-05,4.404e-06,4.09e-10,2.0223748416156684e-05,0.001422,0.4576036,0.126,0.00011
8410,4.402e-05,4.402e-06,2.087e-10,1.4446452851824907e-05,0.001094,0.4576036,0.223,0.00011
8420,4.401e-05,4.401e-06,5.016e-10,2.239642828667107e-05,0.0001743,0.4576036,0.932,0.0001
8430,4.441e-05,4.4409999999999995e-06,9.451e-10,3.074247875497355e-05,0.0004068,0.4576036,0.931,0.0001
8440,4.384e-05,4.384e-06,3.873e-10,1.9679939024295783e-05,0.001088,0.4576036,0.245,0.00011
8450,4.396e-05,4.396e-06,1.952e-10,1.3971399357258386e-05,0.000862,0.4576036,0.434,0.0001
8460,4.437e-05,4.437e-06,5.868e-10,2.422395508582362e-05,0.0004422,0.4576036,0.929,0.0001
8470,4.403e-05,4.403e-06,5.045e-10,2.2461077445216202e-05,0.0004744,0.4576036,0.697,0.0001
8480,4.369e-05,4.369e-06,2.516e-10,1.586190404711868e-05,0.0009812,0.4576036,0.269,0.0001
8490,4.404e-05,4.404e-06,6.323e-10,2.5145576151681232e-05,0.0004419,0.4576036,0.927,0.0001
8500,4.369e-05,4.369e-06,2.96e-10,1.7204650534085252e-05,0.0002587,0.4576036,0.926,0.0001
8510,4.354e-05,4.354e-06,3.343e-10,1.8283872675120007e-05,0.0002603,0.4576036,0.926,0.0001
8520,4.38e-05,4.38e-06,1.891e-10,1.375136356875201e-05,0.0005672,0.4576036,0.574,0.0001
8530,4.351e-05,4.351e-06,3.107e-10,1.7626684316683045e-05,0.001073,0.4576036,0.268,0.0001
8540,4.353e-05,4.353e-06,2.205e-10,1.4849242404917497e-05,0.001599,0.4576036,0.0938,0.00011
8550,4.344e-05,4.343999999999999e-06,2.305e-10,1.5182226450688977e-05,0.0007585,0.4576036,0.324,0.0001
8560,4.368e-05,4.368e-06,2.46e-10,1.568438714135812e-05,0.0005852,0.4576036,0.693,0.0001
8570,4.326e-05,4.326000000000001e-06,5.346e-10,2.3121418641597233e-05,0.0001494,0.4576036,1.01,0.0001
8580,4.375e-05,4.375e-06,1.591e-10,1.2613484847574837e-05,0.0004439,0.4576036,0.921,0.0001
8590,4.338e-05,4.338e-06,3.396e-10,1.842823919966311e-05,0.0004043,0.4576036,0.921,0.0001
8600,4.371e-05,4.371e-06,2.795e-10,1.6718253497300487e-05,0.0006405,0.4576036,0.628,0.0001
8610,4.31e-05,4.309999999999999e-06,1.33e-10,1.1532562594670797e-05,0.0009704,0.4576036,0.242,0.0001
8620,4.322e-05,4.322e-06,2.777e-10,1.666433316997713e-05,0.0008371,0.4576036,0.354,0.0001
8630,4.342e-05,4.342e-06,1.597e-10,1.2637246535539299e-05,0.0004555,0.4576036,0.759,0.0001
8640,4.312e-05,4.312e-06,1.929e-10,1.3888844444373334e-05,0.001494,0.4576036,0.0847,0.0001
8650,4.298e-05,4.298e-06,3.907e-10,1.9766132651583616e-05,0.001324,0.4576036,0.136,0.0001
8660,4.305e-05,4.305e-06,4.137e-10,2.0339616515558988e-05,0.002048,0.4576036,0.0846,0.00011
8670,4.297e-05,4.297e-06,1.726e-10,1.3137731919931994e-05,0.0009947,0.4576036,0.321,0.0001
8680,4.311e-05,4.311e-06,6.361e-10,2.5221022976873877e-05,0.0003961,0.4576036,0.915,0.0001
8690,4.279e-05,4.279e-06,2.339e-10,1.5293789589241772e-05,0.001174,0.4576036,0.15,0.0001
8700,4.317e-05,4.317e-06,2.543e-10,1.594678651014053e-05,0.000403,0.4576036,1.01,0.0001
8710,4.318e-05,4.318e-06,3.807e-10,1.9511535049810918e-05,0.0006065,0.4576036,0.624,0.0001
8720,4.322e-05,4.322e-06,3.636e-10,1.9068298298484845e-05,0.0006787,0.4576036,0.686,0.0001
8730,4.279e-05,4.279e-06,2.226e-10,1.4919785521246611e-05,0.001252,0.4576036,0.164,0.0001
8740,4.27e-05,4.27e-06,4.588e-10,2.1419617176784464e-05,0.001132,0.4576036,0.218,0.0001
8750,4.258e-05,4.2580000000000006e-06,1.81e-10,1.345362404707371e-05,0.001196,0.4576036,0.218,0.0001
8760,4.259e-05,4.258999999999999e-06,1.271e-10,1.1273863579093017e-05,0.0009452,0.4576036,0.24,0.0001
8770,4.258e-05,4.2580000000000006e-06,3.465e-10,1.8614510468986283e-05,0.000897,0.4576036,0.386,0.0001
8780,4.252e-05,4.252e-06,4.231e-10,2.0569394740730706e-05,0.001171,0.4576036,0.198,0.0001
8790,4.253e-05,4.253e-06,4.113e-10,2.0280532537386685e-05,0.0005412,0.4576036,0.513,0.0001
8800,4.302e-05,4.302e-06,7.64e-10,2.7640549922170507e-05,0.0005195,0.4576036,0.999,0.0001
8810,4.286e-05,4.286e-06,6.286e-10,2.507189661752776e-05,0.0004068,0.4576036,0.998,0.0001
8820,4.26e-05,4.26e-06,8.753e-11,9.355746896961247e-06,0.0006752,0.4576036,0.563,0.0001
8830,4.228e-05,4.228e-06,4.266e-10,2.0654297373670206e-05,0.0002493,0.4576036,0.997,0.0001
8840,4.224e-05,4.2240000000000006e-06,3.364e-10,1.83412104289766e-05,0.0001378,0.4576036,0.996,0.0001
8850,4.225e-05,4.224999999999999e-06,2.441e-10,1.56236999459155e-05,0.001244,0.4576036,0.122,0.0001
8860,4.219e-05,4.219e-06,1.811e-10,1.3457340004622013e-05,0.001024,0.4576036,0.216,0.0001
8870,4.223e-05,4.223e-06,4.705e-10,2.169101196348386e-05,0.001521,0.4576036,0.122,0.0001
8880,4.21e-05,4.21e-06,1.908e-10,1.3813037319865607e-05,0.001588,0.4576036,0.122,0.0001
8890,4.194e-05,4.194e-06,8.451e-10,2.907060370890154e-05,0.0001925,0.4576036,0.993,0.0001
8900,4.194e-05,4.194e-06,2.481e-10,1.5751190431202334e-05,0.001092,0.4576036,0.178,0.0001
8910,4.191e-05,4.190999999999999e-06,3.123e-10,1.767201177002777e-05,0.001508,0.4576036,0.122,0.0001
8920,4.218e-05,4.218e-06,5.816e-10,2.4116384471972577e-05,0.000478,0.4576036,0.677,0.0001
8930,4.178e-05,4.1780000000000005e-06,4.79e-10,2.1886068628239288e-05,0.001435,0.4576036,0.162,0.0001
8940,4.223e-05,4.223e-06,2.475e-10,1.5732132722552273e-05,0.0006221,0.4576036,0.676,0.0001
8950,4.181e-05,4.181e-06,1.652e-10,1.2853015210447702e-05,0.001049,0.4576036,0.196,0.0001
8960,4.171e-05,4.1709999999999995e-06,3.409e-10,1.846347746227671e-05,0.001219,0.4576036,0.162,0.0001
8970,4.186e-05,4.186e-06,1.828e-10,1.3520355024924457e-05,0.00176,0.4576036,0.1,0.0001
8980,4.174e-05,4.173999999999999e-06,6.507e-10,2.5508822003377577e-05,0.0003831,0.4576036,0.987,0.0001
8990,4.162e-05,4.162e-06,3.684e-10,1.9193748982416124e-05,0.0006311,0.4576036,0.46,0.0001
9000,4.159e-05,4.159e-06,2.128e-10,1.4587666023048376e-05,0.0009071,0.4576036,0.26,0.0001
9010,4.152e-05,4.152e-06,2.508e-10,1.5836666315863323e-05,0.001116,0.4576036,0.259,0.0001
9020,4.176e-05,4.176e-06,4.656e-10,2.1577766334817883e-05,0.002241,0.4576036,0.0826,0.0001
9030,4.16e-05,4.16e-06,3.416e-10,1.8482424083436676e-05,0.001058,0.4576036,0.379,0.0001
9040,4.164e-05,4.164e-06,7.178e-10,2.6791789787171743e-05,0.0005152,0.4576036,0.894,0.0001
9050,4.189e-05,4.189e-06,3.979e-10,1.9947430912275396e-05,0.0005833,0.4576036,0.671,0.0001
9060,4.155e-05,4.155e-06,1.242e-10,1.1144505372604025e-05,0.0005868,0.4576036,0.61,0.0001
9070,4.194e-05,4.194e-06,7.896e-10,2.809982206349357e-05,0.0005389,0.4576036,0.981,0.0001
9080,4.13e-05,4.13e-06,2.559e-10,1.59968746947646e-05,0.0003066,0.4576036,0.98,0.0001
9090,4.152e-05,4.152e-06,4.04e-10,2.009975124224178e-05,0.0009288,0.4576036,0.415,0.0001
9100,4.12e-05,4.1199999999999995e-06,3.646e-10,1.9094501826442082e-05,0.001338,0.4576036,0.16,0.0001
9110,4.128e-05,4.128e-06,3.697e-10,1.9227584351654786e-05,0.0006752,0.4576036,0.502,0.0001
9120,4.112e-05,4.112e-06,5.762e-10,2.400416630503963e-05,0.001342,0.4576036,0.16,0.0001
9130,4.15e-05,4.15e-06,9.126e-10,3.0209270100417853e-05,0.0003493,0.4576036,0.977,0.0001
9140,4.095e-05,4.095e-06,7.644e-10,2.76477847213841e-05,0.0001974,0.4576036,0.977,0.0001
9150,4.099e-05,4.099e-06,1.595e-10,1.2629330940315088e-05,0.001142,0.4576036,0.193,0.0001
9160,4.096e-05,4.096e-06,3.656e-10,1.9120669444347392e-05,0.0001905,0.4576036,0.975,0.0001
9170,4.095e-05,4.095e-06,5.311e-10,2.304560695664143e-05,0.001389,0.4576036,0.159,0.0001
9180,4.119e-05,4.119e-06,3.918e-10,1.9793938466106233e-05,0.0003844,0.4576036,0.974,0.0001
9190,4.115e-05,4.1149999999999996e-06,2.977e-10,1.7253985046939158e-05,0.0003607,0.4576036,0.973,0.0001
9200,4.091e-05,4.091e-06,1.502e-10,1.2255610959882824e-05,0.0008473,0.4576036,0.341,0.0001
9210,4.084e-05,4.084e-06,9.872e-11,9.935793878699375e-06,0.0008853,0.4576036,0.31,0.0001
9220,4.114e-05,4.114e-06,3.258e-10,1.8049930747789587e-05,0.0005368,0.4576036,0.73,0.0001
9230,4.096e-05,4.096e-06,7.497e-10,2.7380650101851125e-05,0.000421,0.4576036,0.971,0.0001
9240,4.102e-05,4.102e-06,7.064e-10,2.6578186544608342e-05,0.0004228,0.4576036,0.97,0.0001
9250,4.06e-05,4.06e-06,3.683e-10,1.919114379082185e-05,0.001147,0.4576036,0.232,0.0001
9260,4.102e-05,4.102e-06,2.226e-10,1.4919785521246611e-05,0.0003267,0.4576036,0.969,0.0001
9270,4.084e-05,4.084e-06,3.356e-10,1.8319388636087178e-05,0.00036,0.4576036,0.969,0.0001
9280,4.064e-05,4.0639999999999995e-06,6.594e-10,2.5678785017987125e-05,0.001778,0.4576036,0.108,0.0001
9290,4.038e-05,4.038e-06,6.109e-10,2.471639132235934e-05,0.001039,0.4576036,0.191,0.0001
9300,4.085e-05,4.085e-06,4.015e-10,2.003746490951388e-05,0.0004612,0.4576036,0.879,0.0001
9310,4.085e-05,4.085e-06,5.616e-10,2.3698101189757798e-05,0.0005615,0.4576036,0.966,0.0001
9320,4.091e-05,4.091e-06,8.536e-10,2.9216433731720237e-05,0.00244,0.4576036,0.0503,0.0001
9330,4.045e-05,4.045e-06,5.065e-10,2.2505554869853798e-05,0.0005369,0.4576036,0.599,0.0001
9340,4.07e-05,4.07e-06,3.254e-10,1.8038846969803807e-05,0.0006923,0.4576036,0.599,0.0001
9350,4.025e-05,4.0250000000000004e-06,1.347e-10,1.1606032913963324e-05,0.001194,0.4576036,0.21,0.0001
9360,4.069e-05,4.0689999999999995e-06,3.437e-10,1.853914776897795e-05,0.0006514,0.4576036,0.598,0.0001
9370,4.091e-05,4.091e-06,2.731e-10,1.652573750245356e-05,0.0005343,0.4576036,0.962,0.0001
9380,4.015e-05,4.015e-06,1.193e-10,1.0922453936730518e-05,0.001264,0.4576036,0.19,0.0001
9390,4.02e-05,4.0200000000000005e-06,1.449e-10,1.2037441588643329e-05,0.001443,0.4576036,0.13,0.0001
9400,4.024e-05,4.024e-06,6.163e-10,2.4825390228554315e-05,0.000147,0.4576036,0.961,0.0001
9410,4.02e-05,4.0200000000000005e-06,6.741e-10,2.5963435828102566e-05,0.000295,0.4576036,0.96,0.0001
9420,4.007e-05,4.007e-06,1.945e-10,1.3946325680981353e-05,0.001226,0.4576036,0.13,0.0001
9430,4.033e-05,4.033e-06,1.03e-09,3.209361307176242e-05,0.0003537,0.4576036,0.959,0.0001
9440,3.994e-05,3.994e-06,2.264e-10,1.5046594299043221e-05,0.0007257,0.4576036,0.305,0.0001
9450,3.998e-05,3.998e-06,2.052e-10,1.4324803663575986e-05,0.0008559,0.4576036,0.336,0.0001
9460,3.987e-05,3.987e-06,7.342e-10,2.7096125184239906e-05,0.0004804,0.4576036,0.957,0.0001
9470,4.051e-05,4.051e-06,1.124e-09,3.3526109228480424e-05,0.0005606,0.4576036,0.869,0.0001
9480,3.996e-05,3.9959999999999995e-06,3.499e-10,1.8705614130522418e-05,0.0008727,0.4576036,0.335,0.0001
9490,3.992e-05,3.992e-06,3.425e-10,1.8506755523321746e-05,0.001848,0.4576036,0.097,0.0001
9500,3.986e-05,3.9860000000000005e-06,1.205e-10,1.0977249200050074e-05,0.0006401,0.4576036,0.405,0.0001
9510,3.982e-05,3.982e-06,5.716e-10,2.390815760362977e-05,0.001473,0.4576036,0.117,0.0001
9520,4.029e-05,4.029e-06,5.335e-10,2.3097618924902194e-05,0.0004457,0.4576036,0.953,0.0001
9530,4.008e-05,4.008e-06,2.78e-10,1.6673332000533068e-05,0.0006338,0.4576036,0.716,0.0001
9540,3.979e-05,3.9789999999999995e-06,2.623e-10,1.619567843592852e-05,0.0007233,0.4576036,0.489,0.0001
9550,3.965e-05,3.965e-06,5.075e-10,2.252776065213762e-05,0.0004382,0.4576036,0.952,0.0001
9560,3.952e-05,3.9520000000000004e-06,5.306e-10,2.3034756347745465e-05,0.00119,0.4576036,0.188,0.0001
9570,3.951e-05,3.951e-06,1.445e-10,1.2020815280171307e-05,0.0007494,0.4576036,0.333,0.0001
9580,3.949e-05,3.949000000000001e-06,1.485e-10,1.2186057606953941e-05,0.001582,0.4576036,0.128,0.0001
9590,3.994e-05,3.994e-06,3.299e-10,1.816314950662467e-05,0.0005135,0.4576036,0.785,0.0001
9600,3.997e-05,3.997e-06,3.062e-10,1.749857137025763e-05,0.0003995,0.4576036,0.949,9.9e-05
9610,3.939e-05,3.939e-06,2.185e-10,1.4781745499094483e-05,0.0009749,0.4576036,0.206,0.0001
9620,3.935e-05,3.9350000000000004e-06,2.101e-10,1.449482666333061e-05,0.0009511,0.4576036,0.274,0.0001
9630,4.002e-05,4.002e-06,3.519e-10,1.8758997841036177e-05,0.0005415,0.4576036,0.947,9.9e-05
9640,3.926e-05,3.926e-06,3.327e-10,1.8240065789355038e-05,8.735e-05,0.4576036,0.946,9.9e-05
9650,3.923e-05,3.923e-06,5.314e-11,7.289718787443038e-06,0.0009165,0.4576036,0.206,0.0001
9660,3.916e-05,3.9159999999999994e-06,3.252e-10,1.803330252615976e-05,0.0002051,0.4576036,0.945,9.9e-05
9670,3.953e-05,3.953e-06,4.889e-10,2.2111083193728886e-05,0.0003775,0.4576036,0.945,9.9e-05
9680,3.926e-05,3.926e-06,9.163e-11,9.57235603182414e-06,0.00146,0.4576036,0.0792,0.0001
9690,3.908e-05,3.908e-06,2.398e-10,1.5485477067239484e-05,0.001034,0.4576036,0.226,0.0001
9700,3.927e-05,3.927e-06,7.786e-10,2.7903404810166088e-05,0.0003717,0.4576036,0.943,9.9e-05
9710,3.932e-05,3.932000000000001e-06,6.07e-10,2.4637369989509836e-05,0.0003798,0.4576036,0.942,9.9e-05
9720,3.893e-05,3.893e-06,2.752e-10,1.6589153082662178e-05,0.001144,0.4576036,0.169,0.0001
9730,3.894e-05,3.894e-06,2.581e-10,1.6065490966665163e-05,0.0007773,0.4576036,0.363,9.9e-05
9740,3.889e-05,3.889e-06,1.903e-10,1.3794926603646719e-05,0.0009778,0.4576036,0.248,0.0001
9750,3.955e-05,3.955e-06,5.201e-10,2.2805701041625534e-05,0.0004542,0.4576036,0.94,9.9e-05
9760,3.886e-05,3.886e-06,2.117e-10,1.4549914089093447e-05,0.00157,0.4576036,0.127,0.0001
9770,3.921e-05,3.921e-06,3.243e-10,1.800833140521353e-05,0.0004984,0.4576036,0.939,9.9e-05
9780,3.903e-05,3.903e-06,1.079e-10,1.0387492478938312e-05,0.0005384,0.4576036,0.705,9.9e-05
9790,3.881e-05,3.881000000000001e-06,2.229e-10,1.4929835899968894e-05,0.00139,0.4576036,0.115,9.9e-05
9800,3.868e-05,3.868e-06,1.522e-10,1.2336936410632908e-05,0.0009833,0.4576036,0.247,9.9e-05
9810,3.888e-05,3.888e-06,2.774e-10,1.6655329477377505e-05,0.0007,0.4576036,0.437,9.9e-05
9820,3.861e-05,3.861e-06,6.647e-11,8.152913589631624e-06,0.0008339,0.4576036,0.224,9.9e-05
9830,3.857e-05,3.857e-06,4.942e-10,2.2230609528305787e-05,0.0001351,0.4576036,0.936,9.9e-05
9840,3.877e-05,3.877e-06,6.297e-10,2.5093823941360552e-05,0.0007575,0.4576036,0.436,9.9e-05
9850,3.875e-05,3.875e-06,3.488e-10,1.8676188047886e-05,0.001929,0.4576036,0.0648,0.0001
9860,3.907e-05,3.907e-06,5.279e-10,2.2976074512413995e-05,0.0004948,0.4576036,0.934,9.9e-05
9870,3.848e-05,3.847999999999999e-06,2.209e-10,1.4862705002791383e-05,0.0001155,0.4576036,0.933,9.8e-05
9880,3.848e-05,3.847999999999999e-06,2.562e-10,1.600624877977348e-05,0.0003254,0.4576036,0.933,9.9e-05
9890,3.845e-05,3.845e-06,1.632e-10,1.2774975538137049e-05,0.001154,0.4576036,0.168,9.9e-05
9900,3.838e-05,3.838e-06,4.399e-10,2.09737931714795e-05,0.0009303,0.4576036,0.27,9.9e-05
9910,3.862e-05,3.862e-06,5.005e-10,2.2371857321197093e-05,0.0002296,0.4576036,0.931,9.8e-05
9920,3.856e-05,3.856e-06,6.852e-10,2.6176325181354237e-05,0.0002529,0.4576036,0.931,9.8e-05
9930,3.833e-05,3.833e-06,4.528e-10,2.1279097725232617e-05,0.001363,0.4576036,0.167,9.9e-05
9940,3.84e-05,3.84e-06,6.336e-10,2.5171412356083636e-05,0.001241,0.4576036,0.104,9.9e-05
9950,3.842e-05,3.842e-06,2.713e-10,1.647118696390761e-05,0.0008236,0.4576036,0.477,9.8e-05
9960,3.817e-05,3.817e-06,2.912e-10,1.7064583206161232e-05,0.0009711,0.4576036,0.202,9.9e-05
9970,3.838e-05,3.838e-06,3.244e-10,1.8011107683871085e-05,0.001812,0.4576036,0.0708,0.0001
9980,3.851e-05,3.851e-06,2.363e-10,1.5372052563011877e-05,0.0003499,0.4576036,0.927,9.8e-05
9990,3.814e-05,3.814e-06,1.422e-10,1.1924764148611075e-05,0.0008815,0.4576036,0.295,9.8e-05
10000,3.812e-05,3.812e-06,1.89e-10,1.374772708486752e-05,0.001397,0.4576036,0.138,9.9e-05
